,ESU1 Index,ESU1 Index,ESU1 Index,ESU1 Index,ESU1 Index,ESU1 Index,ESU1 Index
,open,high,low,close,volume,num_trds,value
2021-08-16 18:00:00-04:00,4472.0,4472.25,4471.0,4471.25,493,178,2204478.0
2021-08-16 18:01:00-04:00,4470.75,4471.75,4470.75,4471.5,102,45,456063.25
2021-08-16 18:02:00-04:00,4471.75,4472.0,4471.25,4471.5,194,71,867502.0
2021-08-16 18:03:00-04:00,4471.5,4471.5,4471.25,4471.25,88,20,393491.25
2021-08-16 18:04:00-04:00,4471.25,4471.5,4470.25,4470.5,314,115,1403849.5
2021-08-16 18:05:00-04:00,4470.5,4471.0,4470.25,4470.25,140,45,625891.0
2021-08-16 18:06:00-04:00,4470.25,4470.5,4470.0,4470.25,48,21,214571.75
2021-08-16 18:07:00-04:00,4470.25,4470.25,4469.75,4470.25,309,58,1381240.0
2021-08-16 18:08:00-04:00,4470.0,4470.25,4470.0,4470.0,107,44,478295.5
2021-08-16 18:09:00-04:00,4470.0,4470.5,4470.0,4470.5,48,29,214575.0
2021-08-16 18:10:00-04:00,4470.5,4470.5,4470.25,4470.25,17,10,75996.0
2021-08-16 18:11:00-04:00,4470.25,4470.5,4470.25,4470.5,63,30,281627.25
2021-08-16 18:12:00-04:00,4470.5,4470.75,4470.25,4470.5,77,40,344228.25
2021-08-16 18:13:00-04:00,4470.5,4470.5,4470.0,4470.0,79,19,353142.75
2021-08-16 18:14:00-04:00,4470.0,4470.5,4470.0,4470.5,62,18,277144.25
2021-08-16 18:15:00-04:00,4470.5,4470.5,4470.0,4470.25,61,27,272686.75
2021-08-16 18:16:00-04:00,4470.5,4470.75,4470.25,4470.25,77,17,344227.5
2021-08-16 18:17:00-04:00,4470.5,4470.5,4469.75,4470.5,227,33,1014716.75
2021-08-16 18:18:00-04:00,4470.5,4470.5,4470.25,4470.5,22,13,98350.5
2021-08-16 18:19:00-04:00,4470.25,4470.25,4469.25,4469.75,363,79,1622512.5
2021-08-16 18:20:00-04:00,4469.5,4470.25,4469.5,4470.0,54,21,241371.25
2021-08-16 18:21:00-04:00,4470.25,4470.5,4470.0,4470.5,42,13,187756.5
2021-08-16 18:22:00-04:00,4470.5,4470.5,4470.25,4470.25,34,16,151992.25
2021-08-16 18:23:00-04:00,4470.25,4470.5,4470.25,4470.5,8,5,35762.5
2021-08-16 18:24:00-04:00,4470.5,4470.5,4470.25,4470.25,23,12,102818.25
2021-08-16 18:25:00-04:00,4470.25,4470.5,4470.25,4470.25,62,25,277162.5
2021-08-16 18:26:00-04:00,4470.5,4470.75,4470.25,4470.5,76,13,339771.0
2021-08-16 18:27:00-04:00,4470.5,4470.5,4470.25,4470.5,42,15,187756.75
2021-08-16 18:28:00-04:00,4470.5,4471.0,4470.25,4470.25,113,21,505201.0
2021-08-16 18:29:00-04:00,4470.5,4470.75,4470.5,4470.75,32,11,143056.5
2021-08-16 18:30:00-04:00,4470.75,4471.0,4470.5,4470.75,30,20,134123.0
2021-08-16 18:31:00-04:00,4470.5,4470.75,4470.5,4470.5,46,22,205646.5
2021-08-16 18:32:00-04:00,4470.25,4470.5,4470.25,4470.5,8,6,35762.25
2021-08-16 18:33:00-04:00,4470.25,4470.5,4470.25,4470.5,34,23,151995.5
2021-08-16 18:34:00-04:00,4470.75,4470.75,4470.5,4470.5,74,29,330825.5
2021-08-16 18:35:00-04:00,4470.75,4470.75,4470.5,4470.5,14,10,62588.5
2021-08-16 18:36:00-04:00,4470.5,4470.5,4470.5,4470.5,10,7,44705.0
2021-08-16 18:37:00-04:00,4470.5,4471.0,4470.5,4470.75,65,13,290606.5
2021-08-16 18:38:00-04:00,4470.75,4470.75,4470.5,4470.5,45,10,201179.25
2021-08-16 18:39:00-04:00,4470.5,4470.5,4470.25,4470.25,15,7,67056.75
2021-08-16 18:40:00-04:00,4470.25,4470.75,4470.25,4470.25,67,16,299519.5
2021-08-16 18:41:00-04:00,4470.25,4470.5,4470.25,4470.25,9,9,40232.75
2021-08-16 18:42:00-04:00,4470.5,4470.5,4470.25,4470.25,16,14,71527.0
2021-08-16 18:43:00-04:00,4470.25,4470.25,4470.25,4470.25,21,6,93875.25
2021-08-16 18:44:00-04:00,4470.25,4470.25,4469.75,4469.75,152,55,679432.5
2021-08-16 18:45:00-04:00,4469.75,4470.0,4469.75,4470.0,84,30,375473.75
2021-08-16 18:46:00-04:00,4470.0,4470.0,4469.5,4469.75,145,51,648114.0
2021-08-16 18:47:00-04:00,4469.75,4470.0,4469.75,4469.75,68,21,303955.5
2021-08-16 18:48:00-04:00,4470.0,4470.0,4469.75,4470.0,55,21,245837.0
2021-08-16 18:49:00-04:00,4470.0,4470.0,4469.75,4470.0,3,3,13409.75
2021-08-16 18:50:00-04:00,4470.0,4470.0,4469.75,4470.0,40,16,178798.75
2021-08-16 18:51:00-04:00,4470.0,4470.0,4470.0,4470.0,16,11,71520.0
2021-08-16 18:52:00-04:00,4470.0,4470.25,4469.75,4470.0,28,11,125160.25
2021-08-16 18:53:00-04:00,4469.75,4469.75,4469.75,4469.75,29,12,129622.75
2021-08-16 18:54:00-04:00,4469.75,4470.0,4469.75,4470.0,11,7,49168.0
2021-08-16 18:55:00-04:00,4469.75,4470.0,4469.5,4469.75,55,19,245833.25
2021-08-16 18:56:00-04:00,4470.0,4470.0,4469.75,4469.75,8,7,35759.0
2021-08-16 18:57:00-04:00,4469.75,4470.0,4469.5,4469.75,129,43,576605.25
2021-08-16 18:58:00-04:00,4469.75,4470.25,4469.75,4470.25,44,27,196678.25
2021-08-16 18:59:00-04:00,4470.25,4470.5,4470.0,4470.25,166,78,742058.0
2021-08-16 19:00:00-04:00,4470.0,4470.5,4470.0,4470.25,67,28,299512.25
2021-08-16 19:01:00-04:00,4470.5,4470.5,4470.0,4470.0,120,43,536416.75
2021-08-16 19:02:00-04:00,4470.0,4470.0,4469.75,4470.0,55,33,245848.75
2021-08-16 19:03:00-04:00,4469.75,4470.0,4469.75,4469.75,44,28,196674.75
2021-08-16 19:04:00-04:00,4469.75,4470.0,4469.75,4470.0,27,15,120684.5
2021-08-16 19:05:00-04:00,4470.0,4470.0,4470.0,4470.0,18,6,80460.0
2021-08-16 19:06:00-04:00,4470.0,4470.0,4469.75,4470.0,82,21,366539.5
2021-08-16 19:07:00-04:00,4470.0,4470.25,4470.0,4470.0,21,11,93870.5
2021-08-16 19:08:00-04:00,4470.0,4470.25,4470.0,4470.0,33,17,147516.25
2021-08-16 19:09:00-04:00,4470.25,4470.5,4470.25,4470.25,33,11,147521.75
2021-08-16 19:10:00-04:00,4470.25,4470.75,4470.25,4470.75,23,13,102822.5
2021-08-16 19:11:00-04:00,4470.75,4470.75,4470.5,4470.75,32,14,143061.75
2021-08-16 19:12:00-04:00,4470.5,4471.0,4470.5,4470.75,19,11,84945.0
2021-08-16 19:13:00-04:00,4470.75,4471.0,4470.5,4470.5,39,18,174359.25
2021-08-16 19:14:00-04:00,4470.75,4471.0,4470.75,4471.0,71,32,317435.75
2021-08-16 19:15:00-04:00,4471.25,4471.25,4470.5,4470.75,144,52,643803.25
2021-08-16 19:16:00-04:00,4470.75,4470.75,4470.5,4470.75,27,15,120709.75
2021-08-16 19:17:00-04:00,4470.75,4470.75,4470.5,4470.5,25,10,111767.5
2021-08-16 19:18:00-04:00,4470.75,4470.75,4470.5,4470.75,6,4,26824.25
2021-08-16 19:19:00-04:00,4470.75,4471.25,4470.5,4471.0,58,34,259314.0
2021-08-16 19:20:00-04:00,4471.0,4471.0,4470.75,4470.75,12,7,53649.25
2021-08-16 19:21:00-04:00,4470.5,4470.75,4470.5,4470.75,32,4,143063.25
2021-08-16 19:22:00-04:00,4470.75,4470.75,4470.25,4470.25,83,28,371057.5
2021-08-16 19:23:00-04:00,4470.5,4471.0,4470.5,4471.0,47,16,210123.0
2021-08-16 19:24:00-04:00,4470.75,4470.75,4470.5,4470.5,15,6,67061.0
2021-08-16 19:25:00-04:00,4470.75,4470.75,4470.5,4470.5,14,7,62590.25
2021-08-16 19:26:00-04:00,4470.5,4470.75,4470.5,4470.5,8,5,35764.75
2021-08-16 19:27:00-04:00,4470.5,4470.75,4470.5,4470.75,37,5,165409.0
2021-08-16 19:28:00-04:00,4470.75,4470.75,4470.5,4470.75,16,9,71531.75
2021-08-16 19:29:00-04:00,4470.5,4470.75,4470.25,4470.75,24,13,107292.5
2021-08-16 19:30:00-04:00,4470.75,4470.75,4470.5,4470.5,25,15,111768.5
2021-08-16 19:31:00-04:00,4470.75,4470.75,4470.25,4470.25,15,4,67057.75
2021-08-16 19:32:00-04:00,4470.5,4470.5,4470.25,4470.25,26,6,116232.5
2021-08-16 19:33:00-04:00,4470.5,4470.75,4470.5,4470.75,23,6,102822.25
2021-08-16 19:34:00-04:00,4470.75,4470.75,4470.5,4470.5,28,10,125175.75
2021-08-16 19:35:00-04:00,4470.5,4470.75,4470.5,4470.5,37,11,165409.5
2021-08-16 19:36:00-04:00,4470.75,4471.5,4470.75,4471.5,147,42,657257.5
2021-08-16 19:37:00-04:00,4471.5,4471.75,4471.25,4471.75,72,32,321955.25
2021-08-16 19:38:00-04:00,4471.5,4471.5,4470.5,4470.75,288,51,1287636.75
2021-08-16 19:39:00-04:00,4470.75,4471.25,4470.75,4471.25,27,9,120714.0
2021-08-16 19:40:00-04:00,4471.25,4471.5,4471.0,4471.25,99,23,442654.75
2021-08-16 19:41:00-04:00,4471.25,4471.5,4471.0,4471.25,142,54,634913.25
2021-08-16 19:42:00-04:00,4471.25,4471.5,4471.25,4471.25,45,15,201207.75
2021-08-16 19:43:00-04:00,4471.5,4471.5,4471.0,4471.25,42,15,187794.0
2021-08-16 19:44:00-04:00,4471.25,4471.5,4471.25,4471.5,29,11,129669.75
2021-08-16 19:45:00-04:00,4471.5,4471.5,4471.25,4471.5,30,23,134140.75
2021-08-16 19:46:00-04:00,4471.25,4471.5,4471.25,4471.5,58,22,259337.0
2021-08-16 19:47:00-04:00,4471.5,4471.75,4471.25,4471.5,63,28,281709.0
2021-08-16 19:48:00-04:00,4471.5,4471.5,4471.5,4471.5,15,8,67072.5
2021-08-16 19:49:00-04:00,4471.5,4471.75,4471.5,4471.75,45,23,201223.25
2021-08-16 19:50:00-04:00,4471.5,4472.0,4471.5,4472.0,41,24,183346.0
2021-08-16 19:51:00-04:00,4472.0,4472.0,4472.0,4472.0,32,7,143104.0
2021-08-16 19:52:00-04:00,4472.0,4472.0,4472.0,4472.0,11,10,49192.0
2021-08-16 19:53:00-04:00,4472.0,4472.25,4472.0,4472.0,77,33,344345.75
2021-08-16 19:54:00-04:00,4472.0,4472.0,4471.5,4471.5,80,23,357743.5
2021-08-16 19:55:00-04:00,4471.75,4471.75,4471.75,4471.75,25,11,111793.75
2021-08-16 19:56:00-04:00,4471.75,4472.0,4471.75,4471.75,36,11,160984.5
2021-08-16 19:57:00-04:00,4471.75,4471.75,4471.0,4471.25,41,8,183326.0
2021-08-16 19:58:00-04:00,4471.25,4471.25,4471.0,4471.0,311,89,1390520.0
2021-08-16 19:59:00-04:00,4471.0,4471.25,4471.0,4471.0,159,40,710899.25
2021-08-16 20:00:00-04:00,4471.0,4471.0,4470.25,4470.75,185,70,827082.25
2021-08-16 20:01:00-04:00,4471.0,4471.25,4470.75,4470.75,196,58,876329.5
2021-08-16 20:02:00-04:00,4470.75,4471.0,4469.5,4469.5,510,179,2279900.75
2021-08-16 20:03:00-04:00,4469.75,4470.0,4468.75,4469.75,492,201,2198927.5
2021-08-16 20:04:00-04:00,4469.75,4471.25,4469.75,4471.0,263,106,1175745.75
2021-08-16 20:05:00-04:00,4470.75,4471.0,4469.75,4470.0,99,63,442549.75
2021-08-16 20:06:00-04:00,4469.75,4470.5,4469.75,4470.25,116,53,518528.75
2021-08-16 20:07:00-04:00,4470.25,4470.25,4469.5,4469.75,111,49,496146.75
2021-08-16 20:08:00-04:00,4469.5,4469.75,4469.5,4469.5,152,48,679383.5
2021-08-16 20:09:00-04:00,4469.5,4469.75,4469.25,4469.5,132,45,589972.5
2021-08-16 20:10:00-04:00,4469.5,4469.75,4469.0,4469.25,201,72,898303.5
2021-08-16 20:11:00-04:00,4469.5,4469.5,4468.75,4468.75,117,53,522866.5
2021-08-16 20:12:00-04:00,4468.75,4469.0,4468.5,4468.75,190,60,849053.25
2021-08-16 20:13:00-04:00,4468.5,4468.75,4468.5,4468.5,149,39,665821.25
2021-08-16 20:14:00-04:00,4468.5,4469.0,4468.25,4469.0,284,83,1269057.0
2021-08-16 20:15:00-04:00,4468.75,4469.0,4468.5,4469.0,310,121,1385288.5
2021-08-16 20:16:00-04:00,4469.0,4469.0,4468.75,4468.75,143,54,639051.25
2021-08-16 20:17:00-04:00,4469.0,4469.25,4468.75,4468.75,121,46,540736.5
2021-08-16 20:18:00-04:00,4468.75,4469.25,4468.75,4469.25,142,47,634612.75
2021-08-16 20:19:00-04:00,4469.0,4469.25,4469.0,4469.25,37,18,165357.0
2021-08-16 20:20:00-04:00,4469.25,4469.25,4468.75,4468.75,129,32,576495.5
2021-08-16 20:21:00-04:00,4468.75,4469.0,4468.75,4469.0,157,54,701610.5
2021-08-16 20:22:00-04:00,4469.0,4469.0,4468.75,4469.0,77,20,344099.5
2021-08-16 20:23:00-04:00,4469.0,4469.25,4468.5,4468.75,104,33,464760.5
2021-08-16 20:24:00-04:00,4468.75,4468.75,4468.5,4468.5,69,31,308332.25
2021-08-16 20:25:00-04:00,4468.5,4468.75,4468.25,4468.25,247,37,1103682.75
2021-08-16 20:26:00-04:00,4468.25,4468.25,4467.75,4467.75,297,105,1326958.5
2021-08-16 20:27:00-04:00,4467.5,4467.75,4466.5,4466.5,823,245,3676266.0
2021-08-16 20:28:00-04:00,4466.5,4466.75,4466.25,4466.75,238,81,1063060.5
2021-08-16 20:29:00-04:00,4466.5,4466.75,4466.25,4466.75,165,74,736981.25
2021-08-16 20:30:00-04:00,4466.5,4466.75,4466.0,4466.25,294,110,1313088.75
2021-08-16 20:31:00-04:00,4466.0,4467.0,4466.0,4466.75,237,79,1058604.75
2021-08-16 20:32:00-04:00,4466.75,4466.75,4466.5,4466.75,104,43,464535.25
2021-08-16 20:33:00-04:00,4466.5,4466.75,4466.25,4466.75,101,39,451124.5
2021-08-16 20:34:00-04:00,4466.75,4467.25,4466.75,4467.0,61,23,272493.75
2021-08-16 20:35:00-04:00,4467.0,4467.25,4467.0,4467.25,96,28,428850.5
2021-08-16 20:36:00-04:00,4467.0,4467.25,4467.0,4467.25,44,12,196556.25
2021-08-16 20:37:00-04:00,4467.25,4467.25,4466.75,4466.75,58,23,259080.25
2021-08-16 20:38:00-04:00,4466.75,4466.75,4466.25,4466.25,96,43,428784.25
2021-08-16 20:39:00-04:00,4466.25,4466.5,4466.25,4466.25,52,20,232250.5
2021-08-16 20:40:00-04:00,4466.25,4466.75,4466.25,4466.75,80,29,357326.25
2021-08-16 20:41:00-04:00,4466.5,4466.5,4466.0,4466.0,225,56,1004906.5
2021-08-16 20:42:00-04:00,4466.0,4466.5,4465.75,4466.5,142,53,634190.75
2021-08-16 20:43:00-04:00,4466.5,4466.5,4465.75,4465.75,151,58,674377.75
2021-08-16 20:44:00-04:00,4465.75,4466.0,4465.25,4465.5,205,77,915455.75
2021-08-16 20:45:00-04:00,4465.5,4466.0,4465.5,4466.0,112,57,500153.5
2021-08-16 20:46:00-04:00,4466.0,4466.25,4465.5,4466.25,182,40,812796.25
2021-08-16 20:47:00-04:00,4466.0,4466.5,4466.0,4466.25,93,44,415349.5
2021-08-16 20:48:00-04:00,4466.25,4466.75,4466.25,4466.5,159,50,710192.0
2021-08-16 20:49:00-04:00,4466.5,4467.0,4466.25,4467.0,161,66,719123.0
2021-08-16 20:50:00-04:00,4466.75,4467.0,4466.5,4466.75,72,27,321607.0
2021-08-16 20:51:00-04:00,4466.5,4467.0,4466.5,4466.75,132,40,589612.25
2021-08-16 20:52:00-04:00,4466.75,4467.0,4466.75,4467.0,71,23,317146.0
2021-08-16 20:53:00-04:00,4467.25,4467.25,4466.5,4466.75,117,54,522623.5
2021-08-16 20:54:00-04:00,4466.5,4466.5,4466.25,4466.25,74,33,330508.0
2021-08-16 20:55:00-04:00,4466.25,4466.25,4465.75,4466.0,142,47,634176.0
2021-08-16 20:56:00-04:00,4465.75,4466.25,4465.75,4466.0,88,24,393014.5
2021-08-16 20:57:00-04:00,4466.0,4466.25,4465.75,4466.0,96,38,428736.0
2021-08-16 20:58:00-04:00,4466.0,4467.0,4466.0,4466.5,169,62,754805.75
2021-08-16 20:59:00-04:00,4466.5,4466.75,4466.5,4466.75,63,39,281393.0
2021-08-16 21:00:00-04:00,4466.5,4466.75,4466.25,4466.5,78,36,348396.75
2021-08-16 21:01:00-04:00,4466.5,4467.0,4466.5,4466.5,107,37,477938.5
2021-08-16 21:02:00-04:00,4466.5,4466.75,4466.25,4466.75,73,30,326057.75
2021-08-16 21:03:00-04:00,4466.75,4466.75,4466.25,4466.25,66,24,294787.75
2021-08-16 21:04:00-04:00,4466.25,4466.5,4466.0,4466.5,51,32,227778.25
2021-08-16 21:05:00-04:00,4466.25,4466.5,4466.25,4466.25,43,15,192056.75
2021-08-16 21:06:00-04:00,4466.0,4466.25,4466.0,4466.25,29,16,129520.75
2021-08-16 21:07:00-04:00,4466.25,4466.25,4466.25,4466.25,33,15,147386.25
2021-08-16 21:08:00-04:00,4466.25,4466.5,4466.25,4466.25,61,27,272441.5
2021-08-16 21:09:00-04:00,4466.25,4466.75,4466.25,4466.5,70,26,312650.75
2021-08-16 21:10:00-04:00,4466.75,4466.75,4466.5,4466.5,156,63,696778.5
2021-08-16 21:11:00-04:00,4466.25,4466.25,4466.25,4466.25,80,33,357300.0
2021-08-16 21:12:00-04:00,4466.25,4466.25,4465.75,4465.75,91,30,406402.25
2021-08-16 21:13:00-04:00,4465.75,4466.0,4465.5,4465.5,76,22,339400.5
2021-08-16 21:14:00-04:00,4465.5,4465.75,4465.5,4465.75,67,30,299203.25
2021-08-16 21:15:00-04:00,4466.0,4466.0,4465.5,4465.75,260,74,1161085.0
2021-08-16 21:16:00-04:00,4465.75,4465.75,4465.5,4465.5,71,45,317052.5
2021-08-16 21:17:00-04:00,4465.5,4466.5,4465.5,4466.25,157,32,701145.75
2021-08-16 21:18:00-04:00,4466.25,4466.75,4466.25,4466.75,192,57,857572.5
2021-08-16 21:19:00-04:00,4466.5,4466.75,4466.0,4466.5,130,47,580627.0
2021-08-16 21:20:00-04:00,4466.5,4466.5,4466.0,4466.25,70,23,312642.25
2021-08-16 21:21:00-04:00,4466.25,4466.75,4466.25,4466.75,84,25,375195.5
2021-08-16 21:22:00-04:00,4466.75,4466.75,4466.25,4466.25,104,18,464497.0
2021-08-16 21:23:00-04:00,4466.25,4466.25,4465.5,4466.0,125,43,558250.5
2021-08-16 21:24:00-04:00,4465.75,4466.0,4465.75,4465.75,80,32,357260.75
2021-08-16 21:25:00-04:00,4465.75,4465.75,4465.75,4465.75,70,21,312602.5
2021-08-16 21:26:00-04:00,4466.0,4466.0,4465.75,4465.75,20,9,89316.75
2021-08-16 21:27:00-04:00,4466.0,4466.0,4465.75,4466.0,106,33,473391.0
2021-08-16 21:28:00-04:00,4466.0,4466.0,4465.5,4465.75,81,30,361732.75
2021-08-16 21:29:00-04:00,4465.75,4465.75,4465.5,4465.5,56,25,250081.25
2021-08-16 21:30:00-04:00,4465.5,4466.0,4465.25,4466.0,236,67,1053896.0
2021-08-16 21:31:00-04:00,4466.0,4466.25,4465.75,4465.75,232,96,1036106.75
2021-08-16 21:32:00-04:00,4466.0,4466.0,4464.75,4465.0,439,134,1960203.75
2021-08-16 21:33:00-04:00,4465.0,4465.0,4464.25,4464.25,518,131,2312660.75
2021-08-16 21:34:00-04:00,4464.5,4464.75,4464.25,4464.5,235,64,1049150.0
2021-08-16 21:35:00-04:00,4464.5,4464.75,4463.75,4464.0,420,133,1874975.5
2021-08-16 21:36:00-04:00,4464.0,4464.75,4463.75,4464.25,289,95,1290130.25
2021-08-16 21:37:00-04:00,4464.5,4464.75,4464.0,4464.5,238,61,1062507.5
2021-08-16 21:38:00-04:00,4464.5,4465.0,4464.25,4465.0,178,53,794698.0
2021-08-16 21:39:00-04:00,4464.75,4465.0,4464.5,4464.75,152,58,678651.75
2021-08-16 21:40:00-04:00,4465.0,4465.25,4464.75,4465.0,80,28,357197.25
2021-08-16 21:41:00-04:00,4465.0,4465.25,4464.75,4465.0,164,30,732286.0
2021-08-16 21:42:00-04:00,4464.75,4465.75,4464.75,4465.5,262,88,1169927.75
2021-08-16 21:43:00-04:00,4465.5,4465.75,4465.25,4465.75,123,38,549247.5
2021-08-16 21:44:00-04:00,4465.5,4466.5,4465.25,4466.5,348,91,1554147.25
2021-08-16 21:45:00-04:00,4466.5,4466.75,4466.25,4466.5,290,114,1295291.0
2021-08-16 21:46:00-04:00,4466.5,4466.5,4465.75,4466.25,138,50,616333.75
2021-08-16 21:47:00-04:00,4466.25,4466.75,4466.0,4466.75,142,56,634242.75
2021-08-16 21:48:00-04:00,4466.75,4467.0,4466.0,4466.0,186,58,830786.5
2021-08-16 21:49:00-04:00,4466.25,4466.25,4466.0,4466.0,96,47,428756.0
2021-08-16 21:50:00-04:00,4465.75,4466.0,4465.5,4466.0,160,52,714515.25
2021-08-16 21:51:00-04:00,4466.0,4466.0,4465.5,4465.75,98,35,437649.5
2021-08-16 21:52:00-04:00,4465.75,4466.25,4465.5,4466.25,123,46,549299.75
2021-08-16 21:53:00-04:00,4466.0,4466.25,4466.0,4466.0,70,24,312623.25
2021-08-16 21:54:00-04:00,4466.0,4466.75,4466.0,4466.5,125,36,558280.25
2021-08-16 21:55:00-04:00,4466.5,4466.5,4466.25,4466.25,91,47,406435.25
2021-08-16 21:56:00-04:00,4466.25,4466.25,4465.75,4466.0,103,24,460003.0
2021-08-16 21:57:00-04:00,4466.0,4466.5,4466.0,4466.5,79,21,352828.5
2021-08-16 21:58:00-04:00,4466.25,4466.25,4465.5,4465.5,130,35,580553.0
2021-08-16 21:59:00-04:00,4465.5,4466.0,4465.5,4465.5,84,32,375122.0
2021-08-16 22:00:00-04:00,4465.75,4466.0,4465.75,4465.75,101,38,451041.5
2021-08-16 22:01:00-04:00,4465.75,4466.0,4465.25,4465.25,118,55,526935.75
2021-08-16 22:02:00-04:00,4465.25,4465.5,4465.0,4465.5,163,46,727817.75
2021-08-16 22:03:00-04:00,4465.5,4465.75,4465.5,4465.5,76,35,339382.25
2021-08-16 22:04:00-04:00,4465.5,4466.0,4465.5,4465.75,23,13,102711.5
2021-08-16 22:05:00-04:00,4465.75,4465.75,4465.5,4465.75,68,24,303665.25
2021-08-16 22:06:00-04:00,4465.5,4465.5,4465.25,4465.5,38,19,169688.25
2021-08-16 22:07:00-04:00,4465.5,4465.5,4465.5,4465.5,39,13,174154.5
2021-08-16 22:08:00-04:00,4465.25,4465.75,4465.25,4465.25,91,31,406348.75
2021-08-16 22:09:00-04:00,4465.25,4465.5,4465.0,4465.25,50,9,223256.5
2021-08-16 22:10:00-04:00,4465.0,4465.0,4464.75,4464.75,138,49,616159.0
2021-08-16 22:11:00-04:00,4464.5,4465.0,4464.5,4464.75,125,45,558080.5
2021-08-16 22:12:00-04:00,4464.75,4465.0,4464.75,4465.0,27,13,120548.75
2021-08-16 22:13:00-04:00,4465.0,4465.0,4464.75,4465.0,100,32,446494.0
2021-08-16 22:14:00-04:00,4465.0,4465.0,4464.75,4465.0,54,18,241108.75
2021-08-16 22:15:00-04:00,4465.0,4465.25,4465.0,4465.25,53,21,236653.25
2021-08-16 22:16:00-04:00,4465.25,4465.25,4465.0,4465.0,28,15,125020.5
2021-08-16 22:17:00-04:00,4464.75,4464.75,4464.75,4464.75,26,12,116083.5
2021-08-16 22:18:00-04:00,4464.5,4464.75,4464.0,4464.75,273,71,1218772.75
2021-08-16 22:19:00-04:00,4464.5,4464.5,4464.25,4464.25,111,42,495547.5
2021-08-16 22:20:00-04:00,4464.5,4464.5,4464.0,4464.25,91,22,406254.5
2021-08-16 22:21:00-04:00,4464.25,4464.75,4464.25,4464.75,105,29,468786.25
2021-08-16 22:22:00-04:00,4464.5,4464.75,4464.5,4464.75,52,28,232160.75
2021-08-16 22:23:00-04:00,4465.0,4465.75,4465.0,4465.5,129,68,576025.5
2021-08-16 22:24:00-04:00,4465.5,4465.5,4464.75,4464.75,45,17,200921.5
2021-08-16 22:25:00-04:00,4464.75,4465.0,4464.5,4465.0,26,21,116086.25
2021-08-16 22:26:00-04:00,4465.0,4465.25,4465.0,4465.25,19,15,84839.5
2021-08-16 22:27:00-04:00,4465.25,4465.5,4465.25,4465.25,51,18,227728.75
2021-08-16 22:28:00-04:00,4465.25,4465.5,4465.25,4465.5,11,5,49119.0
2021-08-16 22:29:00-04:00,4465.25,4465.75,4465.25,4465.5,58,16,258999.25
2021-08-16 22:30:00-04:00,4465.5,4465.75,4465.5,4465.5,100,49,446550.75
2021-08-16 22:31:00-04:00,4465.5,4465.5,4465.5,4465.5,19,15,84844.5
2021-08-16 22:32:00-04:00,4465.5,4465.5,4465.25,4465.25,23,6,102702.0
2021-08-16 22:33:00-04:00,4465.25,4465.5,4465.25,4465.5,77,38,343842.5
2021-08-16 22:34:00-04:00,4465.25,4465.5,4465.25,4465.25,48,24,214332.5
2021-08-16 22:35:00-04:00,4465.5,4465.5,4465.25,4465.25,51,22,227732.5
2021-08-16 22:36:00-04:00,4465.25,4465.5,4465.25,4465.5,64,25,285788.25
2021-08-16 22:37:00-04:00,4465.5,4465.75,4464.75,4465.0,291,82,1299343.5
2021-08-16 22:38:00-04:00,4465.0,4465.0,4464.5,4465.0,162,43,723306.5
2021-08-16 22:39:00-04:00,4464.75,4465.0,4464.75,4465.0,22,9,98227.5
2021-08-16 22:40:00-04:00,4465.0,4465.0,4464.5,4464.5,65,26,290209.75
2021-08-16 22:41:00-04:00,4464.75,4465.0,4464.75,4465.0,14,10,62507.25
2021-08-16 22:42:00-04:00,4465.0,4465.0,4464.75,4464.75,100,16,446477.0
2021-08-16 22:43:00-04:00,4465.0,4465.0,4464.5,4464.5,43,10,191983.0
2021-08-16 22:44:00-04:00,4464.5,4464.75,4464.5,4464.75,116,35,517910.25
2021-08-16 22:45:00-04:00,4464.75,4464.75,4464.5,4464.75,127,34,566993.25
2021-08-16 22:46:00-04:00,4464.5,4464.75,4464.5,4464.75,76,27,339319.75
2021-08-16 22:47:00-04:00,4464.75,4465.0,4464.75,4465.0,30,22,133944.75
2021-08-16 22:48:00-04:00,4465.0,4465.0,4464.75,4464.75,284,58,1268055.75
2021-08-16 22:49:00-04:00,4465.0,4465.75,4465.0,4465.5,313,64,1397650.5
2021-08-16 22:50:00-04:00,4465.75,4465.75,4465.0,4465.0,101,30,451012.0
2021-08-16 22:51:00-04:00,4465.25,4465.25,4465.0,4465.25,47,28,209866.25
2021-08-16 22:52:00-04:00,4465.25,4465.5,4465.0,4465.25,81,26,361696.0
2021-08-16 22:53:00-04:00,4465.25,4465.25,4465.25,4465.25,25,12,111631.25
2021-08-16 22:54:00-04:00,4465.5,4465.75,4465.25,4465.75,125,30,558196.0
2021-08-16 22:55:00-04:00,4465.5,4466.25,4465.5,4465.75,109,46,486788.5
2021-08-16 22:56:00-04:00,4465.75,4465.75,4465.75,4465.75,54,22,241150.5
2021-08-16 22:57:00-04:00,4465.5,4465.5,4465.5,4465.5,122,42,544791.0
2021-08-16 22:58:00-04:00,4465.5,4465.5,4465.25,4465.25,72,32,321507.25
2021-08-16 22:59:00-04:00,4465.25,4465.5,4465.25,4465.25,52,33,232194.0
2021-08-16 23:00:00-04:00,4465.25,4465.5,4465.25,4465.5,23,8,102701.25
2021-08-16 23:01:00-04:00,4465.25,4465.5,4465.0,4465.5,56,22,250053.5
2021-08-16 23:02:00-04:00,4465.25,4465.25,4465.25,4465.25,16,10,71444.0
2021-08-16 23:03:00-04:00,4465.5,4465.5,4465.5,4465.5,76,19,339378.0
2021-08-16 23:04:00-04:00,4465.5,4465.75,4465.5,4465.75,66,23,294732.25
2021-08-16 23:05:00-04:00,4465.5,4465.5,4465.25,4465.25,112,30,500118.75
2021-08-16 23:06:00-04:00,4465.5,4465.5,4465.25,4465.25,23,11,102701.25
2021-08-16 23:07:00-04:00,4465.25,4465.5,4465.25,4465.5,24,9,107166.25
2021-08-16 23:08:00-04:00,4465.5,4465.5,4465.25,4465.25,62,23,276855.25
2021-08-16 23:09:00-04:00,4465.0,4465.5,4465.0,4465.0,30,12,133957.25
2021-08-16 23:10:00-04:00,4465.0,4465.0,4464.75,4464.75,86,12,383984.25
2021-08-16 23:11:00-04:00,4464.75,4464.75,4464.75,4464.75,31,14,138407.25
2021-08-16 23:12:00-04:00,4464.75,4465.0,4464.75,4464.75,28,11,125017.5
2021-08-16 23:13:00-04:00,4464.75,4464.75,4464.75,4464.75,25,12,111618.75
2021-08-16 23:14:00-04:00,4464.75,4464.75,4464.75,4464.75,34,17,151801.5
2021-08-16 23:15:00-04:00,4464.5,4464.75,4464.25,4464.25,187,62,834843.25
2021-08-16 23:16:00-04:00,4464.25,4464.25,4463.5,4463.75,269,110,1200781.0
2021-08-16 23:17:00-04:00,4463.75,4464.0,4463.75,4463.75,33,15,147304.5
2021-08-16 23:18:00-04:00,4464.0,4464.25,4463.75,4464.0,87,24,388366.25
2021-08-16 23:19:00-04:00,4464.0,4464.0,4463.75,4464.0,47,22,209807.5
2021-08-16 23:20:00-04:00,4464.0,4464.5,4463.75,4464.0,101,36,450885.0
2021-08-16 23:21:00-04:00,4464.25,4464.25,4464.0,4464.25,90,22,401771.75
2021-08-16 23:22:00-04:00,4464.0,4464.25,4464.0,4464.0,42,19,187488.5
2021-08-16 23:23:00-04:00,4464.0,4464.25,4464.0,4464.25,61,17,272318.0
2021-08-16 23:24:00-04:00,4464.0,4464.0,4464.0,4464.0,40,16,178560.0
2021-08-16 23:25:00-04:00,4464.0,4464.25,4464.0,4464.0,89,31,397297.25
2021-08-16 23:26:00-04:00,4464.0,4464.0,4463.75,4463.75,92,23,410670.75
2021-08-16 23:27:00-04:00,4463.75,4463.75,4463.5,4463.75,101,33,450819.25
2021-08-16 23:28:00-04:00,4463.5,4464.0,4463.5,4463.5,101,37,450836.75
2021-08-16 23:29:00-04:00,4463.75,4463.75,4463.5,4463.5,75,21,334775.5
2021-08-16 23:30:00-04:00,4463.5,4463.75,4463.5,4463.75,99,36,441894.75
2021-08-16 23:31:00-04:00,4463.75,4463.75,4463.5,4463.75,114,43,508855.5
2021-08-16 23:32:00-04:00,4463.75,4464.0,4463.5,4464.0,57,21,254438.75
2021-08-16 23:33:00-04:00,4463.75,4464.25,4463.75,4463.75,120,52,535668.75
2021-08-16 23:34:00-04:00,4463.75,4464.0,4463.75,4463.75,100,34,446397.5
2021-08-16 23:35:00-04:00,4463.75,4464.25,4463.75,4463.75,88,31,392823.0
2021-08-16 23:36:00-04:00,4463.75,4464.0,4463.5,4463.5,51,17,227651.25
2021-08-16 23:37:00-04:00,4463.75,4463.75,4463.25,4463.5,122,37,544541.25
2021-08-16 23:38:00-04:00,4463.5,4463.5,4463.0,4463.25,151,48,673945.75
2021-08-16 23:39:00-04:00,4463.25,4463.25,4463.0,4463.0,55,23,245478.25
2021-08-16 23:40:00-04:00,4463.25,4463.25,4463.0,4463.25,66,25,294569.5
2021-08-16 23:41:00-04:00,4463.0,4463.25,4463.0,4463.25,108,38,482029.25
2021-08-16 23:42:00-04:00,4463.25,4463.25,4463.0,4463.0,214,39,955095.5
2021-08-16 23:43:00-04:00,4463.25,4463.5,4463.0,4463.25,48,28,214235.5
2021-08-16 23:44:00-04:00,4463.25,4463.25,4463.25,4463.25,72,19,321354.0
2021-08-16 23:45:00-04:00,4463.25,4463.25,4463.0,4463.25,24,11,107117.75
2021-08-16 23:46:00-04:00,4463.25,4463.75,4463.25,4463.75,59,22,263347.75
2021-08-16 23:47:00-04:00,4463.75,4463.75,4463.5,4463.5,24,13,107128.75
2021-08-16 23:48:00-04:00,4463.75,4463.75,4463.5,4463.5,10,3,44637.25
2021-08-16 23:49:00-04:00,4463.75,4463.75,4463.5,4463.75,59,26,263361.0
2021-08-16 23:50:00-04:00,4463.75,4464.0,4463.75,4463.75,85,19,379420.25
2021-08-16 23:51:00-04:00,4464.0,4464.0,4463.75,4464.0,100,29,446399.25
2021-08-16 23:52:00-04:00,4464.0,4464.0,4463.75,4463.75,42,7,187477.75
2021-08-16 23:53:00-04:00,4464.0,4464.0,4463.5,4463.5,38,13,169623.75
2021-08-16 23:54:00-04:00,4463.75,4463.75,4463.5,4463.5,9,4,40172.0
2021-08-16 23:55:00-04:00,4463.5,4463.5,4463.25,4463.25,68,12,303511.75
2021-08-16 23:56:00-04:00,4463.25,4463.75,4463.25,4463.75,44,15,196392.75
2021-08-16 23:57:00-04:00,4463.75,4464.0,4463.75,4464.0,31,12,138378.5
2021-08-16 23:58:00-04:00,4464.0,4464.0,4463.5,4463.5,115,26,513314.75
2021-08-16 23:59:00-04:00,4463.5,4463.75,4463.5,4463.75,33,15,147297.0
2021-08-17 00:00:00-04:00,4463.5,4463.75,4463.5,4463.75,22,12,98198.5
2021-08-17 00:01:00-04:00,4463.5,4464.0,4463.5,4463.5,85,24,379419.0
2021-08-17 00:02:00-04:00,4463.5,4463.75,4463.5,4463.75,49,16,218720.0
2021-08-17 00:03:00-04:00,4463.75,4464.0,4463.75,4463.75,51,15,227651.75
2021-08-17 00:04:00-04:00,4463.75,4464.25,4463.75,4464.0,122,48,544607.5
2021-08-17 00:05:00-04:00,4464.0,4464.25,4463.75,4464.0,53,22,236592.25
2021-08-17 00:06:00-04:00,4463.75,4464.5,4463.75,4464.25,86,31,383924.5
2021-08-17 00:07:00-04:00,4464.25,4464.5,4464.25,4464.5,45,17,200892.25
2021-08-17 00:08:00-04:00,4464.5,4464.5,4464.0,4464.0,28,12,124998.75
2021-08-17 00:09:00-04:00,4464.25,4464.25,4464.0,4464.25,27,15,120532.0
2021-08-17 00:10:00-04:00,4464.0,4464.25,4464.0,4464.25,37,18,165174.75
2021-08-17 00:11:00-04:00,4464.25,4464.25,4464.0,4464.25,37,12,165175.75
2021-08-17 00:12:00-04:00,4464.25,4464.25,4464.0,4464.25,28,13,124998.75
2021-08-17 00:13:00-04:00,4464.25,4464.75,4464.25,4464.75,167,32,745603.5
2021-08-17 00:14:00-04:00,4464.5,4465.0,4464.5,4464.75,33,13,147338.25
2021-08-17 00:15:00-04:00,4464.75,4465.0,4464.5,4464.75,102,25,455418.5
2021-08-17 00:16:00-04:00,4465.0,4465.0,4464.5,4464.75,60,19,267886.75
2021-08-17 00:17:00-04:00,4464.75,4465.0,4464.5,4464.75,32,14,142871.75
2021-08-17 00:18:00-04:00,4464.75,4464.75,4464.5,4464.5,24,13,107152.75
2021-08-17 00:19:00-04:00,4464.5,4464.5,4464.25,4464.25,22,9,98218.5
2021-08-17 00:20:00-04:00,4464.25,4464.25,4464.25,4464.25,10,9,44642.5
2021-08-17 00:21:00-04:00,4464.25,4464.75,4464.25,4464.5,72,45,321446.25
2021-08-17 00:22:00-04:00,4464.5,4464.75,4464.5,4464.75,13,7,58041.25
2021-08-17 00:23:00-04:00,4464.75,4464.75,4464.5,4464.75,23,16,102689.0
2021-08-17 00:24:00-04:00,4464.75,4464.75,4464.5,4464.75,13,9,58040.75
2021-08-17 00:25:00-04:00,4464.75,4464.75,4464.5,4464.5,77,18,343772.25
2021-08-17 00:26:00-04:00,4464.75,4464.75,4464.5,4464.5,57,23,254477.0
2021-08-17 00:27:00-04:00,4464.5,4464.75,4464.5,4464.5,25,16,111616.0
2021-08-17 00:28:00-04:00,4464.75,4464.75,4464.5,4464.5,6,6,26787.5
2021-08-17 00:29:00-04:00,4464.5,4464.75,4464.5,4464.75,47,25,209843.0
2021-08-17 00:30:00-04:00,4464.75,4465.0,4464.5,4465.0,22,11,98226.75
2021-08-17 00:31:00-04:00,4465.0,4465.0,4464.75,4464.75,58,18,258961.25
2021-08-17 00:32:00-04:00,4464.75,4464.75,4464.5,4464.5,61,11,272336.75
2021-08-17 00:33:00-04:00,4464.5,4464.5,4464.25,4464.25,96,22,428575.25
2021-08-17 00:34:00-04:00,4464.5,4464.5,4464.25,4464.25,39,16,174106.25
2021-08-17 00:35:00-04:00,4464.25,4464.5,4464.25,4464.25,18,9,80357.0
2021-08-17 00:36:00-04:00,4464.25,4464.5,4464.25,4464.5,12,4,53573.25
2021-08-17 00:37:00-04:00,4464.25,4464.5,4464.25,4464.25,7,5,31250.5
2021-08-17 00:38:00-04:00,4464.25,4464.5,4464.25,4464.5,21,11,93749.5
2021-08-17 00:39:00-04:00,4464.25,4464.25,4463.75,4464.0,117,22,522289.75
2021-08-17 00:40:00-04:00,4464.0,4464.25,4464.0,4464.25,12,4,53568.25
2021-08-17 00:41:00-04:00,4464.25,4464.5,4464.25,4464.5,50,19,223212.75
2021-08-17 00:42:00-04:00,4464.5,4464.5,4464.0,4464.25,52,32,232140.25
2021-08-17 00:43:00-04:00,4464.25,4464.25,4464.25,4464.25,14,7,62499.5
2021-08-17 00:44:00-04:00,4464.5,4464.5,4464.0,4464.25,50,20,223214.75
2021-08-17 00:45:00-04:00,4464.25,4464.5,4464.0,4464.0,113,34,504448.25
2021-08-17 00:46:00-04:00,4464.25,4464.25,4464.0,4464.0,67,35,299094.25
2021-08-17 00:47:00-04:00,4464.25,4464.25,4464.0,4464.25,42,16,187496.5
2021-08-17 00:48:00-04:00,4464.25,4464.25,4464.0,4464.25,63,25,281245.0
2021-08-17 00:49:00-04:00,4464.5,4464.5,4464.25,4464.5,31,10,138398.0
2021-08-17 00:50:00-04:00,4464.5,4464.75,4464.25,4464.25,35,21,156256.0
2021-08-17 00:51:00-04:00,4464.5,4464.5,4464.25,4464.25,22,7,98218.75
2021-08-17 00:52:00-04:00,4464.5,4464.5,4464.0,4464.25,65,23,290173.75
2021-08-17 00:53:00-04:00,4464.25,4464.5,4464.25,4464.25,9,7,40178.5
2021-08-17 00:54:00-04:00,4464.25,4464.25,4464.0,4464.25,54,24,241067.5
2021-08-17 00:55:00-04:00,4464.5,4464.5,4464.25,4464.25,42,12,187505.75
2021-08-17 00:56:00-04:00,4464.25,4464.5,4464.25,4464.5,15,9,66966.25
2021-08-17 00:57:00-04:00,4464.5,4464.5,4464.5,4464.5,4,3,17858.0
2021-08-17 00:58:00-04:00,4464.5,4464.5,4464.25,4464.25,40,19,178578.5
2021-08-17 00:59:00-04:00,4464.25,4464.5,4464.25,4464.25,11,8,49107.25
2021-08-17 01:00:00-04:00,4464.25,4464.25,4463.0,4463.25,291,87,1298916.5
2021-08-17 01:01:00-04:00,4463.25,4463.5,4462.75,4463.0,223,95,995239.75
2021-08-17 01:02:00-04:00,4462.75,4463.0,4462.75,4462.75,80,35,357028.0
2021-08-17 01:03:00-04:00,4462.75,4463.0,4462.5,4462.5,157,46,700640.75
2021-08-17 01:04:00-04:00,4462.5,4463.0,4462.5,4462.75,180,41,803291.25
2021-08-17 01:05:00-04:00,4463.0,4463.0,4462.0,4462.25,414,118,1847337.5
2021-08-17 01:06:00-04:00,4462.25,4462.5,4462.25,4462.5,64,23,285595.25
2021-08-17 01:07:00-04:00,4462.75,4463.0,4462.75,4462.75,98,23,437352.25
2021-08-17 01:08:00-04:00,4462.75,4463.0,4462.5,4462.5,60,17,267762.0
2021-08-17 01:09:00-04:00,4462.5,4462.5,4462.25,4462.25,73,30,325751.75
2021-08-17 01:10:00-04:00,4462.25,4462.75,4462.25,4462.5,93,27,415015.0
2021-08-17 01:11:00-04:00,4462.5,4462.5,4461.5,4462.0,477,139,2128357.0
2021-08-17 01:12:00-04:00,4461.75,4462.25,4461.5,4462.0,417,112,1860582.75
2021-08-17 01:13:00-04:00,4462.0,4462.25,4461.75,4462.0,160,71,713927.5
2021-08-17 01:14:00-04:00,4462.0,4462.0,4461.5,4461.5,224,86,999433.0
2021-08-17 01:15:00-04:00,4461.5,4462.25,4461.5,4462.25,120,50,535431.5
2021-08-17 01:16:00-04:00,4462.25,4462.25,4461.5,4462.25,179,51,798682.75
2021-08-17 01:17:00-04:00,4462.25,4463.0,4462.0,4462.75,81,36,361462.25
2021-08-17 01:18:00-04:00,4462.75,4462.75,4462.5,4462.5,122,58,544440.75
2021-08-17 01:19:00-04:00,4462.5,4462.75,4462.25,4462.5,199,59,888044.75
2021-08-17 01:20:00-04:00,4462.5,4462.5,4462.0,4462.25,61,18,272205.0
2021-08-17 01:21:00-04:00,4462.0,4462.25,4462.0,4462.0,137,29,611295.0
2021-08-17 01:22:00-04:00,4462.0,4462.0,4461.75,4461.75,46,17,205246.0
2021-08-17 01:23:00-04:00,4462.0,4462.0,4461.5,4461.75,78,22,348017.0
2021-08-17 01:24:00-04:00,4462.0,4462.25,4461.75,4462.0,95,30,423892.75
2021-08-17 01:25:00-04:00,4462.0,4462.25,4462.0,4462.25,91,34,406050.25
2021-08-17 01:26:00-04:00,4462.25,4462.75,4462.25,4462.5,80,36,356996.75
2021-08-17 01:27:00-04:00,4462.5,4462.5,4462.25,4462.5,50,22,223114.75
2021-08-17 01:28:00-04:00,4462.25,4462.5,4462.25,4462.5,74,24,330211.5
2021-08-17 01:29:00-04:00,4462.5,4462.75,4462.5,4462.5,89,49,397169.25
2021-08-17 01:30:00-04:00,4462.5,4462.5,4462.0,4462.25,86,34,383754.0
2021-08-17 01:31:00-04:00,4462.0,4462.25,4461.75,4462.0,135,28,602373.0
2021-08-17 01:32:00-04:00,4462.0,4462.25,4461.75,4462.0,116,34,517581.0
2021-08-17 01:33:00-04:00,4461.75,4462.0,4461.75,4462.0,99,29,441727.0
2021-08-17 01:34:00-04:00,4462.0,4462.0,4461.75,4461.75,115,27,513113.5
2021-08-17 01:35:00-04:00,4461.75,4462.0,4461.75,4461.75,46,31,205241.5
2021-08-17 01:36:00-04:00,4461.75,4462.0,4461.75,4462.0,82,29,365882.0
2021-08-17 01:37:00-04:00,4462.0,4462.25,4462.0,4462.0,58,14,258801.25
2021-08-17 01:38:00-04:00,4462.0,4462.25,4461.75,4461.75,110,38,490820.5
2021-08-17 01:39:00-04:00,4462.0,4462.25,4461.75,4462.25,114,15,508666.5
2021-08-17 01:40:00-04:00,4462.0,4462.25,4461.75,4462.0,183,31,816546.0
2021-08-17 01:41:00-04:00,4462.0,4462.0,4461.5,4461.75,74,27,330171.5
2021-08-17 01:42:00-04:00,4461.75,4461.75,4461.25,4461.5,151,39,673670.75
2021-08-17 01:43:00-04:00,4461.25,4461.5,4461.0,4461.0,102,18,455044.0
2021-08-17 01:44:00-04:00,4461.25,4461.5,4461.0,4461.0,177,48,789635.0
2021-08-17 01:45:00-04:00,4461.25,4461.75,4461.25,4461.75,81,21,361371.25
2021-08-17 01:46:00-04:00,4461.5,4461.5,4461.25,4461.25,69,26,307831.0
2021-08-17 01:47:00-04:00,4461.25,4461.25,4460.75,4461.0,257,83,1146479.0
2021-08-17 01:48:00-04:00,4461.25,4461.25,4461.0,4461.0,40,21,178448.75
2021-08-17 01:49:00-04:00,4461.25,4461.75,4461.25,4461.75,84,22,374765.25
2021-08-17 01:50:00-04:00,4461.75,4462.0,4461.5,4461.75,122,30,544346.0
2021-08-17 01:51:00-04:00,4461.75,4462.0,4461.5,4461.75,100,31,446176.25
2021-08-17 01:52:00-04:00,4461.75,4461.75,4461.5,4461.75,134,31,597858.25
2021-08-17 01:53:00-04:00,4461.75,4461.75,4461.5,4461.5,87,33,388154.25
2021-08-17 01:54:00-04:00,4461.5,4461.75,4461.25,4461.5,74,38,330156.5
2021-08-17 01:55:00-04:00,4461.5,4461.5,4461.0,4461.0,201,40,896699.0
2021-08-17 01:56:00-04:00,4461.0,4461.5,4461.0,4461.5,105,31,468446.25
2021-08-17 01:57:00-04:00,4461.5,4461.5,4461.25,4461.5,30,16,133843.5
2021-08-17 01:58:00-04:00,4461.25,4461.5,4461.25,4461.5,85,20,379208.5
2021-08-17 01:59:00-04:00,4461.25,4461.75,4461.0,4461.0,225,61,1003801.0
2021-08-17 02:00:00-04:00,4461.0,4461.0,4460.25,4460.5,433,116,1931479.5
2021-08-17 02:01:00-04:00,4460.5,4461.0,4460.25,4460.5,325,106,1449696.75
2021-08-17 02:02:00-04:00,4460.5,4460.75,4459.0,4459.0,1208,260,5387263.5
2021-08-17 02:03:00-04:00,4459.25,4459.5,4458.5,4459.0,473,149,2109114.5
2021-08-17 02:04:00-04:00,4459.0,4460.0,4459.0,4459.5,418,129,1864040.25
2021-08-17 02:05:00-04:00,4459.5,4460.5,4459.25,4460.25,341,127,1520903.5
2021-08-17 02:06:00-04:00,4460.0,4460.0,4459.5,4460.0,297,90,1324527.5
2021-08-17 02:07:00-04:00,4460.25,4460.5,4460.0,4460.25,287,68,1280068.5
2021-08-17 02:08:00-04:00,4460.25,4460.25,4459.5,4459.75,289,107,1288898.0
2021-08-17 02:09:00-04:00,4460.0,4460.5,4460.0,4460.0,388,109,1730562.5
2021-08-17 02:10:00-04:00,4459.75,4459.75,4459.0,4459.25,481,166,2145042.0
2021-08-17 02:11:00-04:00,4459.25,4460.0,4459.25,4459.75,133,61,593146.0
2021-08-17 02:12:00-04:00,4460.0,4460.0,4459.25,4460.0,208,54,927571.5
2021-08-17 02:13:00-04:00,4459.75,4460.0,4459.5,4460.0,203,72,905346.75
2021-08-17 02:14:00-04:00,4460.0,4460.0,4459.5,4459.5,195,61,869645.0
2021-08-17 02:15:00-04:00,4459.75,4460.25,4459.25,4459.25,242,38,1079274.5
2021-08-17 02:16:00-04:00,4459.25,4459.75,4459.0,4459.75,192,59,856203.25
2021-08-17 02:17:00-04:00,4459.75,4459.75,4459.25,4459.75,341,80,1520732.75
2021-08-17 02:18:00-04:00,4459.75,4460.0,4459.75,4459.75,120,27,535178.75
2021-08-17 02:19:00-04:00,4459.75,4460.0,4459.75,4459.75,108,30,481663.25
2021-08-17 02:20:00-04:00,4460.0,4460.5,4459.75,4460.0,370,81,1650247.0
2021-08-17 02:21:00-04:00,4460.0,4461.0,4459.75,4461.0,271,67,1208794.75
2021-08-17 02:22:00-04:00,4461.0,4461.5,4460.5,4461.25,422,110,1882587.75
2021-08-17 02:23:00-04:00,4461.25,4461.75,4460.75,4461.25,250,50,1115306.0
2021-08-17 02:24:00-04:00,4461.25,4461.25,4461.0,4461.0,215,47,959141.0
2021-08-17 02:25:00-04:00,4460.75,4461.25,4460.75,4460.75,97,43,432721.75
2021-08-17 02:26:00-04:00,4460.75,4461.25,4460.5,4461.0,275,60,1226765.75
2021-08-17 02:27:00-04:00,4460.75,4461.0,4460.5,4460.5,137,41,611122.25
2021-08-17 02:28:00-04:00,4460.75,4461.25,4460.5,4461.0,223,37,994780.25
2021-08-17 02:29:00-04:00,4461.0,4461.5,4460.75,4461.5,211,55,941305.5
2021-08-17 02:30:00-04:00,4461.25,4461.5,4460.75,4461.0,328,80,1463274.75
2021-08-17 02:31:00-04:00,4461.0,4461.25,4460.75,4460.75,142,50,633479.75
2021-08-17 02:32:00-04:00,4461.0,4461.0,4459.75,4460.0,382,103,1703839.25
2021-08-17 02:33:00-04:00,4459.75,4460.0,4459.25,4459.5,251,45,1119365.75
2021-08-17 02:34:00-04:00,4459.5,4459.5,4459.0,4459.25,291,50,1297638.75
2021-08-17 02:35:00-04:00,4459.25,4459.75,4459.0,4459.5,239,47,1065841.0
2021-08-17 02:36:00-04:00,4459.25,4459.25,4457.75,4458.5,715,219,3187645.75
2021-08-17 02:37:00-04:00,4458.25,4458.5,4458.0,4458.25,267,77,1190334.75
2021-08-17 02:38:00-04:00,4458.25,4458.5,4457.5,4458.5,486,124,2166588.75
2021-08-17 02:39:00-04:00,4458.25,4458.25,4457.5,4458.0,179,59,797950.5
2021-08-17 02:40:00-04:00,4458.0,4458.0,4457.25,4457.5,326,67,1453181.75
2021-08-17 02:41:00-04:00,4457.5,4457.5,4457.0,4457.25,440,104,1961192.25
2021-08-17 02:42:00-04:00,4457.0,4457.75,4457.0,4457.25,212,67,944946.0
2021-08-17 02:43:00-04:00,4457.25,4457.25,4456.75,4457.25,363,83,1617908.0
2021-08-17 02:44:00-04:00,4457.25,4457.25,4456.5,4457.0,528,128,2353210.0
2021-08-17 02:45:00-04:00,4457.25,4457.5,4456.0,4456.0,549,129,2446814.5
2021-08-17 02:46:00-04:00,4456.25,4456.25,4455.5,4455.75,549,113,2446361.25
2021-08-17 02:47:00-04:00,4455.75,4456.0,4455.25,4455.5,518,124,2307945.0
2021-08-17 02:48:00-04:00,4455.25,4455.75,4454.5,4454.75,685,159,3051655.0
2021-08-17 02:49:00-04:00,4454.75,4455.25,4454.25,4455.25,630,137,2806470.0
2021-08-17 02:50:00-04:00,4455.25,4455.5,4454.75,4455.5,551,95,2454759.25
2021-08-17 02:51:00-04:00,4455.5,4456.0,4455.25,4456.0,377,95,1679748.75
2021-08-17 02:52:00-04:00,4456.0,4456.25,4456.0,4456.0,232,57,1033816.0
2021-08-17 02:53:00-04:00,4455.75,4456.25,4455.75,4456.25,142,43,632768.5
2021-08-17 02:54:00-04:00,4456.25,4456.5,4456.0,4456.0,196,48,873442.5
2021-08-17 02:55:00-04:00,4456.0,4456.0,4455.5,4456.0,150,42,668382.5
2021-08-17 02:56:00-04:00,4455.75,4456.25,4455.75,4456.25,81,28,360927.5
2021-08-17 02:57:00-04:00,4456.25,4457.0,4456.0,4456.75,195,68,869013.25
2021-08-17 02:58:00-04:00,4456.75,4457.5,4456.5,4457.5,429,118,1912091.75
2021-08-17 02:59:00-04:00,4457.5,4457.5,4457.0,4457.5,464,122,2068181.5
2021-08-17 03:00:00-04:00,4457.75,4458.0,4456.25,4457.25,1086,301,4840416.0
2021-08-17 03:01:00-04:00,4457.25,4457.75,4456.0,4456.0,543,166,2420063.5
2021-08-17 03:02:00-04:00,4456.0,4456.0,4455.0,4455.25,589,160,2624373.5
2021-08-17 03:03:00-04:00,4455.25,4455.75,4455.0,4455.5,240,94,1069293.5
2021-08-17 03:04:00-04:00,4455.5,4455.75,4454.75,4455.0,379,108,1688545.25
2021-08-17 03:05:00-04:00,4455.0,4455.25,4452.25,4453.0,1156,340,5148475.5
2021-08-17 03:06:00-04:00,4452.75,4453.75,4452.5,4453.75,1055,268,4697745.0
2021-08-17 03:07:00-04:00,4453.5,4454.0,4452.5,4453.0,777,146,3460091.5
2021-08-17 03:08:00-04:00,4452.75,4452.75,4451.75,4452.0,554,161,2466578.25
2021-08-17 03:09:00-04:00,4452.0,4452.5,4451.25,4452.0,634,163,2822315.0
2021-08-17 03:10:00-04:00,4451.75,4451.75,4448.75,4449.0,1477,353,6572913.5
2021-08-17 03:11:00-04:00,4448.75,4449.75,4447.5,4449.75,1425,424,6338981.5
2021-08-17 03:12:00-04:00,4449.75,4450.25,4449.25,4449.5,1007,251,4480685.0
2021-08-17 03:13:00-04:00,4449.5,4450.25,4448.25,4449.5,816,207,3630515.75
2021-08-17 03:14:00-04:00,4449.5,4450.0,4448.75,4449.25,613,168,2727531.5
2021-08-17 03:15:00-04:00,4448.75,4448.75,4447.0,4448.0,981,288,4363163.0
2021-08-17 03:16:00-04:00,4448.0,4450.75,4448.0,4450.0,1083,298,4819116.5
2021-08-17 03:17:00-04:00,4450.0,4450.5,4449.5,4450.25,484,148,2153760.0
2021-08-17 03:18:00-04:00,4450.0,4452.5,4450.0,4452.0,921,232,4099725.5
2021-08-17 03:19:00-04:00,4452.0,4452.5,4451.5,4451.75,539,187,2399646.75
2021-08-17 03:20:00-04:00,4451.5,4451.5,4450.25,4450.5,619,158,2755052.75
2021-08-17 03:21:00-04:00,4450.25,4451.5,4450.25,4451.5,432,91,1922851.75
2021-08-17 03:22:00-04:00,4451.25,4451.5,4450.25,4450.5,258,100,1148303.5
2021-08-17 03:23:00-04:00,4450.5,4450.75,4449.5,4449.5,539,122,2398659.0
2021-08-17 03:24:00-04:00,4449.5,4449.75,4449.25,4449.25,250,79,1112380.75
2021-08-17 03:25:00-04:00,4449.5,4450.0,4449.0,4449.25,489,104,2175859.75
2021-08-17 03:26:00-04:00,4449.25,4450.25,4448.25,4450.0,425,120,1890814.75
2021-08-17 03:27:00-04:00,4450.0,4450.5,4449.75,4450.5,347,99,1544190.5
2021-08-17 03:28:00-04:00,4450.5,4451.5,4450.0,4451.25,447,119,1989539.5
2021-08-17 03:29:00-04:00,4451.25,4452.25,4451.25,4452.0,524,133,2332762.25
2021-08-17 03:30:00-04:00,4451.75,4451.75,4450.75,4450.75,264,141,1175089.0
2021-08-17 03:31:00-04:00,4450.75,4452.75,4450.25,4452.5,621,185,2764620.0
2021-08-17 03:32:00-04:00,4452.5,4452.5,4451.5,4452.0,180,58,801355.75
2021-08-17 03:33:00-04:00,4452.0,4452.5,4451.75,4452.5,237,88,1055155.5
2021-08-17 03:34:00-04:00,4452.5,4453.25,4452.5,4452.75,371,124,1651983.5
2021-08-17 03:35:00-04:00,4452.75,4453.5,4452.75,4453.0,377,129,1678782.75
2021-08-17 03:36:00-04:00,4453.0,4453.25,4452.75,4453.0,292,86,1300293.25
2021-08-17 03:37:00-04:00,4453.0,4453.0,4452.25,4452.75,271,92,1206692.5
2021-08-17 03:38:00-04:00,4452.75,4453.0,4452.5,4453.0,188,43,837102.0
2021-08-17 03:39:00-04:00,4453.0,4453.75,4452.75,4453.5,331,64,1474040.5
2021-08-17 03:40:00-04:00,4453.75,4454.0,4453.5,4454.0,292,82,1300505.75
2021-08-17 03:41:00-04:00,4454.0,4455.0,4454.0,4455.0,778,196,3465758.25
2021-08-17 03:42:00-04:00,4455.0,4455.25,4454.0,4454.0,767,158,3416670.5
2021-08-17 03:43:00-04:00,4454.0,4454.75,4454.0,4454.5,256,87,1140297.0
2021-08-17 03:44:00-04:00,4454.5,4455.0,4454.5,4454.75,225,67,1002313.25
2021-08-17 03:45:00-04:00,4454.75,4455.5,4454.5,4454.5,434,94,1933577.75
2021-08-17 03:46:00-04:00,4454.5,4455.25,4454.25,4455.25,256,81,1140457.0
2021-08-17 03:47:00-04:00,4455.0,4455.0,4454.5,4454.5,153,39,681582.0
2021-08-17 03:48:00-04:00,4454.75,4454.75,4454.0,4454.25,553,130,2463200.0
2021-08-17 03:49:00-04:00,4454.25,4454.25,4454.0,4454.25,235,68,1046714.0
2021-08-17 03:50:00-04:00,4454.25,4455.0,4454.25,4454.75,178,62,792952.5
2021-08-17 03:51:00-04:00,4455.0,4455.0,4454.75,4455.0,11,9,49004.25
2021-08-17 03:52:00-04:00,4454.75,4455.0,4454.5,4454.5,167,34,743931.75
2021-08-17 03:53:00-04:00,4454.5,4454.5,4453.25,4453.5,294,81,1309467.0
2021-08-17 03:54:00-04:00,4453.25,4453.5,4452.5,4452.75,292,121,1300252.25
2021-08-17 03:55:00-04:00,4452.5,4452.75,4451.25,4451.5,568,158,2528637.5
2021-08-17 03:56:00-04:00,4451.75,4452.75,4451.75,4452.0,364,91,1620654.5
2021-08-17 03:57:00-04:00,4452.0,4453.0,4452.0,4453.0,173,55,770298.25
2021-08-17 03:58:00-04:00,4453.0,4455.25,4453.0,4455.25,352,145,1567913.75
2021-08-17 03:59:00-04:00,4455.25,4455.25,4453.25,4454.0,542,142,2414296.75
2021-08-17 04:00:00-04:00,4454.25,4456.75,4454.25,4456.5,1083,266,4825626.0
2021-08-17 04:01:00-04:00,4456.5,4456.75,4455.25,4456.25,867,197,3863434.75
2021-08-17 04:02:00-04:00,4456.25,4457.0,4456.0,4456.5,894,149,3984154.5
2021-08-17 04:03:00-04:00,4456.5,4457.5,4456.5,4457.0,807,166,3596936.75
2021-08-17 04:04:00-04:00,4457.0,4457.25,4456.0,4456.0,436,131,1943143.25
2021-08-17 04:05:00-04:00,4456.0,4457.25,4456.0,4456.25,288,71,1283519.5
2021-08-17 04:06:00-04:00,4456.25,4456.5,4455.75,4456.0,340,110,1515085.0
2021-08-17 04:07:00-04:00,4456.0,4456.25,4455.0,4455.0,237,73,1056034.25
2021-08-17 04:08:00-04:00,4455.0,4455.25,4454.25,4454.25,374,91,1666103.25
2021-08-17 04:09:00-04:00,4454.25,4455.5,4454.25,4455.5,306,82,1363169.5
2021-08-17 04:10:00-04:00,4455.5,4455.5,4454.25,4454.5,268,72,1193935.75
2021-08-17 04:11:00-04:00,4454.5,4455.0,4454.25,4454.5,465,126,2071371.5
2021-08-17 04:12:00-04:00,4454.25,4455.5,4454.25,4455.5,239,86,1064713.75
2021-08-17 04:13:00-04:00,4455.5,4456.0,4455.25,4456.0,189,63,842081.75
2021-08-17 04:14:00-04:00,4455.75,4456.5,4455.5,4456.0,173,54,770876.75
2021-08-17 04:15:00-04:00,4456.0,4456.25,4455.5,4456.25,102,37,454487.75
2021-08-17 04:16:00-04:00,4456.25,4457.0,4456.0,4456.5,261,86,1163172.25
2021-08-17 04:17:00-04:00,4456.5,4456.75,4456.25,4456.25,198,68,882397.5
2021-08-17 04:18:00-04:00,4456.25,4456.25,4454.75,4455.25,256,88,1140529.5
2021-08-17 04:19:00-04:00,4455.5,4456.0,4454.5,4454.5,218,68,971257.0
2021-08-17 04:20:00-04:00,4454.5,4455.0,4453.0,4453.5,510,150,2271417.0
2021-08-17 04:21:00-04:00,4453.25,4454.5,4453.0,4454.25,394,104,1754819.75
2021-08-17 04:22:00-04:00,4454.25,4454.75,4454.25,4454.25,135,52,601354.5
2021-08-17 04:23:00-04:00,4454.25,4454.75,4454.25,4454.75,131,51,583547.75
2021-08-17 04:24:00-04:00,4455.0,4455.5,4454.75,4455.5,143,46,637068.5
2021-08-17 04:25:00-04:00,4455.5,4455.5,4454.75,4454.75,168,44,748472.25
2021-08-17 04:26:00-04:00,4454.75,4455.0,4453.75,4454.0,497,91,2213802.0
2021-08-17 04:27:00-04:00,4454.0,4454.5,4454.0,4454.25,145,44,645871.5
2021-08-17 04:28:00-04:00,4454.25,4454.5,4454.0,4454.0,65,27,289521.5
2021-08-17 04:29:00-04:00,4454.0,4454.25,4452.75,4453.0,324,81,1442908.0
2021-08-17 04:30:00-04:00,4453.0,4454.0,4452.75,4453.75,221,66,984223.5
2021-08-17 04:31:00-04:00,4453.75,4454.5,4453.0,4453.25,214,63,953081.75
2021-08-17 04:32:00-04:00,4453.25,4453.5,4452.75,4453.0,134,36,596724.5
2021-08-17 04:33:00-04:00,4453.0,4453.25,4453.0,4453.25,116,33,516569.25
2021-08-17 04:34:00-04:00,4453.25,4453.25,4453.0,4453.25,91,37,405228.5
2021-08-17 04:35:00-04:00,4453.25,4453.5,4452.25,4452.5,246,74,1095378.75
2021-08-17 04:36:00-04:00,4452.75,4454.0,4452.75,4453.75,238,65,1059838.75
2021-08-17 04:37:00-04:00,4453.75,4453.75,4453.0,4453.5,430,96,1914926.25
2021-08-17 04:38:00-04:00,4453.5,4454.5,4453.5,4454.5,213,64,948710.5
2021-08-17 04:39:00-04:00,4454.5,4455.0,4454.5,4454.75,122,34,543475.5
2021-08-17 04:40:00-04:00,4454.5,4455.0,4454.5,4455.0,171,35,761761.25
2021-08-17 04:41:00-04:00,4455.25,4455.5,4454.75,4454.75,141,49,628164.75
2021-08-17 04:42:00-04:00,4454.75,4455.0,4454.25,4454.25,160,31,712733.75
2021-08-17 04:43:00-04:00,4454.25,4454.5,4454.0,4454.25,332,58,1478770.25
2021-08-17 04:44:00-04:00,4454.0,4454.25,4453.5,4453.75,150,23,668058.75
2021-08-17 04:45:00-04:00,4453.75,4454.25,4453.75,4454.25,142,36,632473.5
2021-08-17 04:46:00-04:00,4454.25,4454.25,4453.0,4453.25,158,37,703692.75
2021-08-17 04:47:00-04:00,4453.5,4454.5,4453.5,4454.25,291,48,1296172.25
2021-08-17 04:48:00-04:00,4454.0,4454.0,4453.5,4453.5,80,28,356308.0
2021-08-17 04:49:00-04:00,4453.75,4454.5,4453.5,4454.0,95,41,423118.5
2021-08-17 04:50:00-04:00,4454.0,4454.25,4453.5,4453.5,142,42,632451.5
2021-08-17 04:51:00-04:00,4453.5,4453.75,4453.25,4453.25,157,57,699205.0
2021-08-17 04:52:00-04:00,4453.5,4453.75,4453.25,4453.5,125,42,556692.5
2021-08-17 04:53:00-04:00,4453.75,4454.0,4453.75,4453.75,61,21,271679.25
2021-08-17 04:54:00-04:00,4453.75,4454.0,4453.5,4454.0,73,28,325133.75
2021-08-17 04:55:00-04:00,4454.25,4454.25,4453.75,4454.0,129,27,574576.75
2021-08-17 04:56:00-04:00,4453.75,4454.5,4453.75,4454.25,126,35,561215.75
2021-08-17 04:57:00-04:00,4454.5,4454.5,4454.0,4454.0,93,31,414239.5
2021-08-17 04:58:00-04:00,4454.0,4454.5,4454.0,4454.5,203,35,904210.5
2021-08-17 04:59:00-04:00,4454.75,4455.5,4454.5,4455.0,276,60,1229574.5
2021-08-17 05:00:00-04:00,4455.0,4455.75,4454.75,4455.25,365,87,1626182.25
2021-08-17 05:01:00-04:00,4455.25,4455.25,4454.75,4454.75,89,26,396498.75
2021-08-17 05:02:00-04:00,4455.0,4455.0,4454.75,4454.75,88,23,392019.75
2021-08-17 05:03:00-04:00,4455.0,4455.0,4454.25,4454.5,190,37,846379.25
2021-08-17 05:04:00-04:00,4454.25,4454.5,4454.0,4454.0,99,39,440966.25
2021-08-17 05:05:00-04:00,4453.75,4454.5,4453.5,4454.0,162,35,721561.0
2021-08-17 05:06:00-04:00,4454.25,4455.0,4454.25,4455.0,131,33,583573.75
2021-08-17 05:07:00-04:00,4455.0,4455.5,4455.0,4455.25,246,75,1096014.5
2021-08-17 05:08:00-04:00,4455.25,4456.25,4455.25,4456.25,185,59,824314.75
2021-08-17 05:09:00-04:00,4456.5,4456.5,4455.75,4456.5,328,93,1461681.25
2021-08-17 05:10:00-04:00,4456.5,4457.0,4456.25,4457.0,240,78,1069589.25
2021-08-17 05:11:00-04:00,4456.75,4457.25,4456.5,4457.25,283,46,1261325.0
2021-08-17 05:12:00-04:00,4457.25,4457.75,4456.75,4457.25,568,114,2531699.25
2021-08-17 05:13:00-04:00,4457.25,4457.25,4456.5,4457.0,198,48,882435.25
2021-08-17 05:14:00-04:00,4457.0,4457.0,4456.25,4456.5,86,33,383278.75
2021-08-17 05:15:00-04:00,4456.5,4457.25,4456.25,4457.0,242,55,1078573.5
2021-08-17 05:16:00-04:00,4457.0,4457.0,4456.5,4456.5,96,20,427844.5
2021-08-17 05:17:00-04:00,4456.5,4456.75,4456.25,4456.25,81,22,360976.5
2021-08-17 05:18:00-04:00,4456.25,4456.5,4455.5,4455.5,170,31,757538.75
2021-08-17 05:19:00-04:00,4455.5,4456.25,4455.5,4456.0,150,41,668376.5
2021-08-17 05:20:00-04:00,4456.25,4457.25,4456.25,4457.25,194,57,864600.75
2021-08-17 05:21:00-04:00,4457.25,4458.0,4457.0,4457.75,253,69,1127765.0
2021-08-17 05:22:00-04:00,4457.75,4458.0,4457.5,4457.75,131,36,583974.75
2021-08-17 05:23:00-04:00,4457.75,4458.0,4457.25,4457.25,202,48,900437.5
2021-08-17 05:24:00-04:00,4457.5,4458.75,4457.5,4458.5,277,92,1234890.0
2021-08-17 05:25:00-04:00,4458.5,4459.0,4458.0,4458.0,392,96,1747728.5
2021-08-17 05:26:00-04:00,4458.0,4458.25,4458.0,4458.0,169,53,753412.25
2021-08-17 05:27:00-04:00,4458.0,4458.25,4458.0,4458.25,165,47,735592.5
2021-08-17 05:28:00-04:00,4458.5,4458.5,4458.25,4458.5,138,47,615258.5
2021-08-17 05:29:00-04:00,4458.5,4458.75,4457.75,4458.0,155,54,691040.25
2021-08-17 05:30:00-04:00,4457.75,4458.25,4457.25,4457.75,201,53,896008.5
2021-08-17 05:31:00-04:00,4457.5,4457.75,4456.75,4457.0,192,58,855749.0
2021-08-17 05:32:00-04:00,4457.25,4457.25,4457.0,4457.0,76,19,338734.0
2021-08-17 05:33:00-04:00,4457.0,4457.25,4456.75,4456.75,144,34,641818.5
2021-08-17 05:34:00-04:00,4456.75,4456.75,4456.25,4456.25,123,20,548167.0
2021-08-17 05:35:00-04:00,4456.5,4457.0,4456.5,4456.75,146,38,650679.75
2021-08-17 05:36:00-04:00,4456.75,4456.75,4456.25,4456.25,149,44,664014.25
2021-08-17 05:37:00-04:00,4456.25,4456.5,4455.75,4456.25,291,62,1296722.0
2021-08-17 05:38:00-04:00,4456.5,4456.75,4456.0,4456.0,69,30,307481.5
2021-08-17 05:39:00-04:00,4456.0,4456.25,4455.5,4455.75,95,37,423285.75
2021-08-17 05:40:00-04:00,4456.0,4456.0,4454.5,4454.5,164,53,730665.75
2021-08-17 05:41:00-04:00,4454.5,4454.75,4454.0,4454.0,294,98,1309590.5
2021-08-17 05:42:00-04:00,4454.0,4454.5,4453.75,4454.0,197,71,877468.25
2021-08-17 05:43:00-04:00,4454.0,4454.5,4453.75,4454.5,242,61,1077889.75
2021-08-17 05:44:00-04:00,4454.5,4455.0,4454.5,4455.0,90,25,400930.5
2021-08-17 05:45:00-04:00,4455.0,4455.25,4454.75,4455.0,147,42,654878.25
2021-08-17 05:46:00-04:00,4455.0,4455.5,4454.75,4455.25,127,44,565804.25
2021-08-17 05:47:00-04:00,4455.25,4455.25,4454.5,4454.5,236,61,1051328.25
2021-08-17 05:48:00-04:00,4454.5,4454.5,4453.75,4453.75,75,27,334072.75
2021-08-17 05:49:00-04:00,4454.0,4455.0,4453.75,4455.0,108,37,481083.25
2021-08-17 05:50:00-04:00,4455.0,4455.0,4453.75,4453.75,214,68,953253.0
2021-08-17 05:51:00-04:00,4453.5,4454.75,4453.5,4454.75,193,58,859603.75
2021-08-17 05:52:00-04:00,4455.0,4455.25,4454.5,4454.75,195,63,868663.25
2021-08-17 05:53:00-04:00,4455.0,4455.0,4454.75,4455.0,34,17,151467.0
2021-08-17 05:54:00-04:00,4455.0,4455.0,4454.75,4454.75,122,40,543491.5
2021-08-17 05:55:00-04:00,4454.75,4455.25,4454.75,4455.0,181,41,806367.75
2021-08-17 05:56:00-04:00,4455.0,4455.0,4454.5,4454.75,228,29,1015661.5
2021-08-17 05:57:00-04:00,4455.0,4455.25,4455.0,4455.25,26,15,115831.5
2021-08-17 05:58:00-04:00,4455.25,4455.5,4455.25,4455.25,115,39,512363.0
2021-08-17 05:59:00-04:00,4455.25,4455.25,4454.5,4454.75,117,31,521218.75
2021-08-17 06:00:00-04:00,4455.0,4455.25,4453.25,4453.5,696,318,3100024.25
2021-08-17 06:01:00-04:00,4453.25,4454.25,4452.75,4454.0,675,203,3005899.75
2021-08-17 06:02:00-04:00,4453.75,4454.25,4452.75,4453.0,512,213,2280225.0
2021-08-17 06:03:00-04:00,4453.0,4454.0,4453.0,4453.75,367,107,1634463.0
2021-08-17 06:04:00-04:00,4454.0,4454.0,4452.5,4452.75,425,133,1892656.5
2021-08-17 06:05:00-04:00,4453.0,4454.0,4452.75,4454.0,468,119,2084207.5
2021-08-17 06:06:00-04:00,4453.75,4455.5,4453.75,4455.5,304,87,1354249.75
2021-08-17 06:07:00-04:00,4455.5,4455.5,4455.0,4455.25,172,50,766290.75
2021-08-17 06:08:00-04:00,4455.5,4455.75,4454.5,4454.5,254,69,1131577.75
2021-08-17 06:09:00-04:00,4454.5,4454.5,4454.0,4454.25,130,51,579055.75
2021-08-17 06:10:00-04:00,4454.5,4455.25,4454.25,4455.0,185,60,824148.5
2021-08-17 06:11:00-04:00,4455.25,4455.25,4454.75,4455.0,163,49,726150.5
2021-08-17 06:12:00-04:00,4455.0,4455.0,4454.75,4454.75,37,15,164828.0
2021-08-17 06:13:00-04:00,4454.5,4454.5,4454.25,4454.25,123,27,547895.25
2021-08-17 06:14:00-04:00,4454.25,4454.75,4454.25,4454.75,121,44,538987.5
2021-08-17 06:15:00-04:00,4454.75,4456.25,4454.75,4455.5,773,160,3444123.25
2021-08-17 06:16:00-04:00,4455.75,4455.75,4454.5,4454.5,118,45,525705.75
2021-08-17 06:17:00-04:00,4454.25,4454.5,4454.0,4454.25,181,38,806226.75
2021-08-17 06:18:00-04:00,4454.25,4454.75,4454.25,4454.75,92,14,409823.0
2021-08-17 06:19:00-04:00,4454.75,4455.0,4454.0,4454.0,126,23,561292.5
2021-08-17 06:20:00-04:00,4454.25,4454.75,4453.75,4454.75,162,54,721565.25
2021-08-17 06:21:00-04:00,4454.5,4454.5,4453.75,4454.0,184,63,819586.0
2021-08-17 06:22:00-04:00,4454.25,4454.5,4454.0,4454.5,81,39,360803.25
2021-08-17 06:23:00-04:00,4454.5,4455.0,4454.5,4454.5,77,30,343009.25
2021-08-17 06:24:00-04:00,4454.25,4454.75,4454.0,4454.75,125,37,556790.0
2021-08-17 06:25:00-04:00,4454.75,4455.5,4454.75,4454.75,194,58,864284.5
2021-08-17 06:26:00-04:00,4455.0,4455.25,4454.75,4455.0,60,22,267305.25
2021-08-17 06:27:00-04:00,4454.75,4454.75,4453.75,4454.0,154,45,685937.25
2021-08-17 06:28:00-04:00,4453.75,4454.0,4453.75,4454.0,153,45,681440.75
2021-08-17 06:29:00-04:00,4454.0,4454.25,4453.75,4454.25,246,34,1095664.25
2021-08-17 06:30:00-04:00,4454.25,4455.0,4454.0,4454.75,128,53,570204.0
2021-08-17 06:31:00-04:00,4454.75,4455.0,4454.25,4454.5,108,34,481104.0
2021-08-17 06:32:00-04:00,4454.75,4454.75,4454.5,4454.5,122,46,543472.75
2021-08-17 06:33:00-04:00,4454.5,4454.5,4453.75,4453.75,103,35,458762.25
2021-08-17 06:34:00-04:00,4453.75,4455.0,4453.25,4455.0,285,71,1269382.5
2021-08-17 06:35:00-04:00,4455.0,4455.5,4454.25,4454.25,291,98,1296355.75
2021-08-17 06:36:00-04:00,4454.25,4454.25,4452.75,4453.0,366,88,1630030.25
2021-08-17 06:37:00-04:00,4453.0,4453.0,4452.5,4452.75,151,56,672379.0
2021-08-17 06:38:00-04:00,4452.75,4453.0,4452.5,4452.75,210,59,935094.5
2021-08-17 06:39:00-04:00,4453.0,4453.5,4453.0,4453.25,151,46,672452.5
2021-08-17 06:40:00-04:00,4453.25,4453.25,4452.0,4452.25,564,91,2511139.5
2021-08-17 06:41:00-04:00,4452.25,4452.75,4452.0,4452.25,421,87,1874462.25
2021-08-17 06:42:00-04:00,4452.25,4452.75,4452.0,4452.5,287,67,1277853.0
2021-08-17 06:43:00-04:00,4452.25,4452.5,4452.25,4452.25,34,15,151381.75
2021-08-17 06:44:00-04:00,4452.5,4452.5,4452.0,4452.25,98,26,436323.5
2021-08-17 06:45:00-04:00,4452.25,4453.0,4452.0,4453.0,273,84,1215490.25
2021-08-17 06:46:00-04:00,4453.0,4453.0,4452.0,4452.25,226,53,1006247.5
2021-08-17 06:47:00-04:00,4452.25,4452.75,4452.25,4452.5,61,21,271597.0
2021-08-17 06:48:00-04:00,4452.5,4453.75,4452.5,4452.5,285,74,1269130.25
2021-08-17 06:49:00-04:00,4452.75,4453.25,4452.5,4453.25,259,56,1153312.75
2021-08-17 06:50:00-04:00,4453.25,4453.25,4452.75,4453.0,184,39,819365.25
2021-08-17 06:51:00-04:00,4453.25,4453.5,4453.0,4453.25,96,28,427509.5
2021-08-17 06:52:00-04:00,4453.25,4453.5,4453.25,4453.5,78,36,347370.25
2021-08-17 06:53:00-04:00,4453.75,4454.0,4453.5,4453.5,70,16,311756.0
2021-08-17 06:54:00-04:00,4453.75,4453.75,4453.5,4453.5,154,45,685854.75
2021-08-17 06:55:00-04:00,4453.75,4454.0,4453.5,4453.5,108,34,480990.25
2021-08-17 06:56:00-04:00,4453.5,4454.5,4453.5,4454.5,220,58,979902.0
2021-08-17 06:57:00-04:00,4454.5,4454.75,4453.5,4454.0,261,70,1162532.75
2021-08-17 06:58:00-04:00,4454.0,4454.25,4453.5,4453.75,136,45,605720.75
2021-08-17 06:59:00-04:00,4453.75,4454.5,4453.75,4454.25,333,78,1483226.25
2021-08-17 07:00:00-04:00,4454.5,4455.25,4454.0,4454.25,378,99,1683854.0
2021-08-17 07:01:00-04:00,4454.25,4454.75,4454.25,4454.25,160,51,712705.5
2021-08-17 07:02:00-04:00,4454.5,4455.0,4454.5,4454.5,216,46,962213.75
2021-08-17 07:03:00-04:00,4454.5,4454.75,4454.25,4454.5,190,50,846353.5
2021-08-17 07:04:00-04:00,4454.5,4454.5,4454.25,4454.5,122,38,543430.5
2021-08-17 07:05:00-04:00,4454.25,4454.5,4453.75,4454.0,219,43,975489.5
2021-08-17 07:06:00-04:00,4454.0,4454.25,4453.75,4453.75,190,41,846236.5
2021-08-17 07:07:00-04:00,4454.0,4454.5,4453.75,4454.0,156,47,694853.75
2021-08-17 07:08:00-04:00,4454.0,4454.0,4452.75,4453.0,277,69,1233576.5
2021-08-17 07:09:00-04:00,4453.0,4453.25,4452.5,4453.0,346,77,1540714.0
2021-08-17 07:10:00-04:00,4453.25,4453.5,4453.0,4453.0,202,59,899538.75
2021-08-17 07:11:00-04:00,4453.0,4453.25,4453.0,4453.0,194,47,863886.0
2021-08-17 07:12:00-04:00,4453.0,4453.25,4453.0,4453.25,116,34,516548.5
2021-08-17 07:13:00-04:00,4453.25,4453.25,4452.75,4453.25,182,38,810458.25
2021-08-17 07:14:00-04:00,4453.25,4453.5,4453.0,4453.25,337,73,1500730.25
2021-08-17 07:15:00-04:00,4453.25,4453.5,4452.25,4453.25,1085,171,4831249.5
2021-08-17 07:16:00-04:00,4453.0,4453.25,4452.5,4453.0,594,97,2645062.75
2021-08-17 07:17:00-04:00,4453.0,4453.25,4452.75,4452.75,661,100,2943465.5
2021-08-17 07:18:00-04:00,4453.0,4453.0,4449.25,4450.0,3277,530,14584142.0
2021-08-17 07:19:00-04:00,4450.25,4452.0,4450.0,4452.0,1629,282,7250405.0
2021-08-17 07:20:00-04:00,4451.75,4452.0,4450.75,4451.25,736,151,3276337.5
2021-08-17 07:21:00-04:00,4451.5,4451.75,4451.0,4451.0,695,108,3093696.75
2021-08-17 07:22:00-04:00,4451.25,4451.5,4451.0,4451.25,491,105,2185553.25
2021-08-17 07:23:00-04:00,4451.25,4451.5,4451.0,4451.0,570,92,2537236.5
2021-08-17 07:24:00-04:00,4451.0,4451.5,4450.75,4451.0,757,102,3369464.75
2021-08-17 07:25:00-04:00,4451.0,4451.25,4450.75,4451.0,168,44,747765.5
2021-08-17 07:26:00-04:00,4451.0,4451.0,4450.0,4450.0,282,71,1255094.75
2021-08-17 07:27:00-04:00,4450.0,4450.5,4450.0,4450.5,517,97,2300738.75
2021-08-17 07:28:00-04:00,4450.25,4451.25,4450.25,4451.0,526,99,2341075.75
2021-08-17 07:29:00-04:00,4451.0,4451.5,4450.75,4451.5,526,99,2341263.0
2021-08-17 07:30:00-04:00,4451.5,4451.75,4450.5,4450.75,447,115,1989525.75
2021-08-17 07:31:00-04:00,4450.75,4451.0,4450.25,4450.5,220,57,979131.75
2021-08-17 07:32:00-04:00,4450.25,4451.75,4450.0,4451.75,333,75,1482138.0
2021-08-17 07:33:00-04:00,4451.5,4452.75,4451.5,4452.0,642,133,2858212.0
2021-08-17 07:34:00-04:00,4452.0,4453.0,4452.0,4452.75,351,79,1562797.5
2021-08-17 07:35:00-04:00,4453.0,4453.75,4453.0,4453.5,749,142,3335615.0
2021-08-17 07:36:00-04:00,4453.75,4454.0,4453.25,4453.75,500,88,2226863.5
2021-08-17 07:37:00-04:00,4453.75,4454.5,4453.5,4453.75,683,104,3042111.75
2021-08-17 07:38:00-04:00,4454.0,4454.5,4453.5,4454.0,754,183,3358496.25
2021-08-17 07:39:00-04:00,4454.25,4454.5,4453.25,4454.0,799,143,3558571.75
2021-08-17 07:40:00-04:00,4454.0,4454.0,4453.5,4453.5,250,56,1113459.25
2021-08-17 07:41:00-04:00,4453.75,4454.0,4453.25,4453.25,121,33,538897.5
2021-08-17 07:42:00-04:00,4453.25,4453.25,4452.75,4453.25,259,80,1153362.75
2021-08-17 07:43:00-04:00,4453.0,4453.25,4452.75,4453.25,282,71,1255732.25
2021-08-17 07:44:00-04:00,4453.25,4454.25,4453.25,4453.25,234,61,1042191.0
2021-08-17 07:45:00-04:00,4453.5,4453.75,4453.0,4453.0,232,83,1033178.25
2021-08-17 07:46:00-04:00,4453.0,4453.75,4452.75,4453.5,257,65,1144489.5
2021-08-17 07:47:00-04:00,4453.25,4453.75,4453.25,4453.5,160,61,712545.25
2021-08-17 07:48:00-04:00,4453.5,4454.25,4452.75,4454.0,256,87,1140101.0
2021-08-17 07:49:00-04:00,4454.25,4455.0,4454.25,4454.5,556,133,2476767.75
2021-08-17 07:50:00-04:00,4454.75,4454.75,4454.0,4454.25,376,103,1674867.75
2021-08-17 07:51:00-04:00,4454.0,4454.25,4454.0,4454.25,225,62,1002156.5
2021-08-17 07:52:00-04:00,4454.25,4454.75,4454.0,4454.25,218,34,971059.25
2021-08-17 07:53:00-04:00,4454.5,4454.5,4454.0,4454.5,149,64,663704.75
2021-08-17 07:54:00-04:00,4454.5,4455.0,4454.25,4454.25,232,66,1033466.5
2021-08-17 07:55:00-04:00,4454.25,4454.5,4454.0,4454.0,182,40,810672.25
2021-08-17 07:56:00-04:00,4454.25,4454.5,4453.75,4454.25,260,59,1158063.5
2021-08-17 07:57:00-04:00,4454.5,4454.5,4454.0,4454.5,129,74,574606.25
2021-08-17 07:58:00-04:00,4454.5,4454.75,4454.25,4454.5,187,71,832990.75
2021-08-17 07:59:00-04:00,4454.5,4454.75,4454.0,4454.0,223,55,993379.0
2021-08-17 08:00:00-04:00,4454.0,4454.5,4453.75,4454.25,562,144,2503234.25
2021-08-17 08:01:00-04:00,4454.25,4454.5,4454.0,4454.0,321,101,1429773.25
2021-08-17 08:02:00-04:00,4454.25,4454.5,4454.0,4454.25,321,105,1429790.25
2021-08-17 08:03:00-04:00,4454.25,4454.5,4454.0,4454.0,252,76,1122418.75
2021-08-17 08:04:00-04:00,4454.0,4454.25,4453.75,4454.0,403,115,1794947.5
2021-08-17 08:05:00-04:00,4454.25,4454.75,4454.0,4454.0,333,51,1483292.5
2021-08-17 08:06:00-04:00,4454.0,4454.75,4454.0,4454.5,128,60,570159.75
2021-08-17 08:07:00-04:00,4454.5,4454.75,4454.0,4454.25,304,67,1354162.25
2021-08-17 08:08:00-04:00,4454.0,4454.25,4454.0,4454.25,188,38,837360.75
2021-08-17 08:09:00-04:00,4454.0,4454.5,4454.0,4454.25,132,55,587953.5
2021-08-17 08:10:00-04:00,4454.25,4455.0,4454.0,4454.5,509,130,2267410.0
2021-08-17 08:11:00-04:00,4454.5,4454.75,4454.25,4454.5,247,45,1100253.5
2021-08-17 08:12:00-04:00,4454.5,4454.5,4454.0,4454.5,271,64,1207106.0
2021-08-17 08:13:00-04:00,4454.25,4454.5,4453.75,4454.0,395,97,1759409.25
2021-08-17 08:14:00-04:00,4454.0,4454.5,4453.75,4454.5,356,77,1585702.0
2021-08-17 08:15:00-04:00,4454.25,4454.5,4454.0,4454.0,126,56,561232.0
2021-08-17 08:16:00-04:00,4454.0,4454.0,4453.0,4453.0,491,131,2186650.75
2021-08-17 08:17:00-04:00,4453.0,4454.5,4453.0,4454.25,581,132,2587625.0
2021-08-17 08:18:00-04:00,4454.25,4454.5,4452.75,4452.75,393,117,1750280.75
2021-08-17 08:19:00-04:00,4452.75,4452.75,4452.25,4452.25,364,123,1620716.0
2021-08-17 08:20:00-04:00,4452.25,4452.5,4451.25,4451.5,463,143,2061265.75
2021-08-17 08:21:00-04:00,4451.5,4452.25,4451.25,4452.0,368,94,1638257.0
2021-08-17 08:22:00-04:00,4452.0,4452.0,4451.5,4452.0,152,52,676678.75
2021-08-17 08:23:00-04:00,4452.0,4452.0,4451.25,4451.75,359,84,1598123.25
2021-08-17 08:24:00-04:00,4451.75,4452.0,4451.5,4451.75,241,70,1072888.75
2021-08-17 08:25:00-04:00,4452.0,4452.0,4451.75,4451.75,185,47,823589.75
2021-08-17 08:26:00-04:00,4451.75,4452.0,4451.25,4451.25,298,80,1326566.75
2021-08-17 08:27:00-04:00,4451.25,4451.25,4450.0,4450.0,1025,181,4561892.0
2021-08-17 08:28:00-04:00,4450.0,4450.5,4449.75,4450.25,1281,181,5700725.0
2021-08-17 08:29:00-04:00,4450.5,4451.25,4450.5,4451.25,341,96,1517761.5
2021-08-17 08:30:00-04:00,4451.0,4451.75,4450.0,4450.75,1225,241,5452423.0
2021-08-17 08:31:00-04:00,4451.0,4451.0,4450.0,4450.0,596,165,2652537.5
2021-08-17 08:32:00-04:00,4450.0,4451.5,4449.75,4450.25,1470,295,6542006.0
2021-08-17 08:33:00-04:00,4450.25,4450.25,4447.5,4448.0,2689,509,11963404.0
2021-08-17 08:34:00-04:00,4447.75,4450.0,4447.75,4449.75,1648,380,7331935.0
2021-08-17 08:35:00-04:00,4449.75,4450.0,4448.0,4449.25,1192,279,5302718.0
2021-08-17 08:36:00-04:00,4449.5,4450.5,4449.0,4450.0,733,214,3261680.5
2021-08-17 08:37:00-04:00,4450.0,4451.25,4449.75,4451.25,1043,245,4641960.0
2021-08-17 08:38:00-04:00,4451.25,4452.25,4451.0,4452.0,1226,246,5457796.0
2021-08-17 08:39:00-04:00,4451.75,4454.25,4451.75,4454.0,1699,429,7565402.0
2021-08-17 08:40:00-04:00,4454.0,4455.25,4453.75,4455.25,2591,539,11541372.0
2021-08-17 08:41:00-04:00,4455.25,4456.5,4454.75,4455.5,2074,445,9240834.0
2021-08-17 08:42:00-04:00,4455.5,4456.25,4455.0,4455.0,1002,238,4464489.5
2021-08-17 08:43:00-04:00,4455.25,4456.0,4454.75,4455.25,1171,231,5217221.5
2021-08-17 08:44:00-04:00,4455.25,4455.75,4455.0,4455.75,225,86,1002472.0
2021-08-17 08:45:00-04:00,4455.5,4455.75,4454.75,4455.25,861,179,3835979.25
2021-08-17 08:46:00-04:00,4455.5,4455.5,4455.0,4455.25,481,89,2142910.25
2021-08-17 08:47:00-04:00,4455.25,4455.5,4454.75,4455.5,254,66,1131589.5
2021-08-17 08:48:00-04:00,4455.25,4455.25,4454.5,4455.0,726,139,3234202.0
2021-08-17 08:49:00-04:00,4455.0,4455.25,4454.5,4455.0,356,82,1585944.5
2021-08-17 08:50:00-04:00,4455.0,4455.5,4454.25,4454.5,564,117,2512488.0
2021-08-17 08:51:00-04:00,4454.5,4454.75,4454.0,4454.75,397,110,1768433.5
2021-08-17 08:52:00-04:00,4454.75,4455.5,4454.75,4455.25,307,88,1367724.5
2021-08-17 08:53:00-04:00,4455.0,4455.0,4454.5,4455.0,336,73,1496823.5
2021-08-17 08:54:00-04:00,4454.75,4455.25,4454.75,4455.0,234,86,1042463.75
2021-08-17 08:55:00-04:00,4455.0,4455.25,4454.5,4454.75,364,120,1621559.75
2021-08-17 08:56:00-04:00,4454.75,4455.25,4454.5,4454.5,545,135,2427883.0
2021-08-17 08:57:00-04:00,4454.5,4455.0,4454.5,4454.5,174,48,775129.0
2021-08-17 08:58:00-04:00,4454.5,4454.5,4454.0,4454.5,345,82,1536724.5
2021-08-17 08:59:00-04:00,4454.25,4454.5,4453.75,4454.0,669,153,2979822.5
2021-08-17 09:00:00-04:00,4454.0,4454.0,4452.75,4453.0,1375,295,6123340.0
2021-08-17 09:01:00-04:00,4453.0,4453.25,4452.25,4452.25,940,208,4185541.5
2021-08-17 09:02:00-04:00,4452.5,4453.0,4451.75,4453.0,758,244,3374904.75
2021-08-17 09:03:00-04:00,4453.0,4453.5,4452.5,4452.75,385,96,1714363.5
2021-08-17 09:04:00-04:00,4453.0,4454.25,4452.75,4454.0,757,176,3371333.0
2021-08-17 09:05:00-04:00,4454.0,4454.0,4451.75,4451.75,927,245,4127624.25
2021-08-17 09:06:00-04:00,4451.75,4452.75,4451.75,4452.0,476,130,2119303.5
2021-08-17 09:07:00-04:00,4451.75,4451.75,4450.75,4450.75,1187,285,5283672.0
2021-08-17 09:08:00-04:00,4450.75,4451.0,4450.0,4450.5,764,253,3400190.5
2021-08-17 09:09:00-04:00,4450.5,4450.5,4449.5,4449.75,946,176,4209776.0
2021-08-17 09:10:00-04:00,4449.75,4450.25,4448.75,4449.75,1178,243,5241619.0
2021-08-17 09:11:00-04:00,4449.75,4450.25,4449.0,4450.25,996,165,4431889.5
2021-08-17 09:12:00-04:00,4450.0,4450.5,4449.25,4449.75,792,171,3524344.5
2021-08-17 09:13:00-04:00,4449.5,4450.25,4449.5,4450.25,393,111,1748843.0
2021-08-17 09:14:00-04:00,4450.0,4451.25,4449.75,4451.0,753,145,3351245.75
2021-08-17 09:15:00-04:00,4451.0,4451.25,4449.75,4449.75,533,112,2372056.75
2021-08-17 09:16:00-04:00,4449.75,4450.25,4449.0,4449.5,907,198,4035814.25
2021-08-17 09:17:00-04:00,4449.5,4449.5,4447.75,4448.5,1557,372,6926256.0
2021-08-17 09:18:00-04:00,4448.5,4449.0,4446.0,4447.25,2991,524,13301940.0
2021-08-17 09:19:00-04:00,4447.5,4448.25,4447.0,4447.75,1105,282,4914522.0
2021-08-17 09:20:00-04:00,4447.75,4448.0,4447.0,4447.75,1171,232,5207959.0
2021-08-17 09:21:00-04:00,4447.5,4448.0,4447.25,4447.75,628,120,2793071.25
2021-08-17 09:22:00-04:00,4447.75,4448.0,4447.5,4447.75,427,101,1899190.0
2021-08-17 09:23:00-04:00,4447.75,4449.75,4447.75,4449.5,1386,285,6166444.0
2021-08-17 09:24:00-04:00,4449.25,4450.75,4449.25,4450.5,976,262,4343399.5
2021-08-17 09:25:00-04:00,4450.5,4451.5,4450.25,4451.0,1689,361,7517500.0
2021-08-17 09:26:00-04:00,4451.0,4451.5,4450.25,4450.5,1633,280,7268253.0
2021-08-17 09:27:00-04:00,4450.5,4450.75,4449.25,4449.25,989,202,4400930.0
2021-08-17 09:28:00-04:00,4449.5,4449.5,4448.75,4448.75,1354,298,6024014.0
2021-08-17 09:29:00-04:00,4448.75,4448.75,4445.75,4446.0,5500,941,24457016.0
2021-08-17 09:30:00-04:00,4446.25,4446.75,4442.0,4443.75,17934,3295,79698744.0
2021-08-17 09:31:00-04:00,4443.5,4444.25,4440.75,4440.75,13714,2764,60919928.0
2021-08-17 09:32:00-04:00,4440.75,4442.25,4439.75,4441.25,9015,1879,40035996.0
2021-08-17 09:33:00-04:00,4441.0,4443.25,4440.75,4443.25,6376,1205,28321818.0
2021-08-17 09:34:00-04:00,4443.25,4447.5,4443.0,4447.25,11346,2013,50431752.0
2021-08-17 09:35:00-04:00,4447.5,4447.5,4444.5,4445.75,8743,1811,38871120.0
2021-08-17 09:36:00-04:00,4445.5,4451.25,4445.25,4449.5,9667,1969,43003132.0
2021-08-17 09:37:00-04:00,4449.5,4450.0,4446.5,4447.0,8372,1484,37239900.0
2021-08-17 09:38:00-04:00,4447.25,4447.5,4445.0,4447.25,5854,1196,26027670.0
2021-08-17 09:39:00-04:00,4447.0,4449.25,4447.0,4448.0,5037,1001,22405162.0
2021-08-17 09:40:00-04:00,4448.0,4448.75,4445.0,4445.75,6190,1205,27523280.0
2021-08-17 09:41:00-04:00,4445.75,4447.75,4445.0,4447.25,5269,1093,23429892.0
2021-08-17 09:42:00-04:00,4447.5,4450.0,4447.25,4449.0,5873,1134,26125832.0
2021-08-17 09:43:00-04:00,4449.0,4451.5,4449.0,4450.0,5680,1199,25278446.0
2021-08-17 09:44:00-04:00,4449.75,4451.75,4449.75,4450.75,5612,1101,24978506.0
2021-08-17 09:45:00-04:00,4450.75,4451.5,4448.5,4450.25,6212,1348,27643546.0
2021-08-17 09:46:00-04:00,4450.25,4450.75,4448.75,4449.5,4966,937,22098520.0
2021-08-17 09:47:00-04:00,4449.5,4450.0,4448.0,4449.25,3782,826,16826326.0
2021-08-17 09:48:00-04:00,4449.25,4450.0,4448.75,4449.5,2991,587,13308454.0
2021-08-17 09:49:00-04:00,4449.5,4450.25,4448.25,4448.75,3845,587,17108746.0
2021-08-17 09:50:00-04:00,4448.5,4448.75,4445.0,4445.25,5314,1136,23632044.0
2021-08-17 09:51:00-04:00,4445.25,4445.75,4442.75,4443.5,8898,1454,39545632.0
2021-08-17 09:52:00-04:00,4443.25,4444.5,4442.0,4442.75,6549,1103,29099356.0
2021-08-17 09:53:00-04:00,4442.75,4443.25,4441.25,4441.25,6178,982,27443968.0
2021-08-17 09:54:00-04:00,4441.0,4443.0,4440.75,4441.25,8122,1533,36074628.0
2021-08-17 09:55:00-04:00,4441.25,4441.5,4438.0,4438.0,12243,2222,54349636.0
2021-08-17 09:56:00-04:00,4438.0,4440.25,4436.25,4440.25,10281,1771,45627300.0
2021-08-17 09:57:00-04:00,4440.0,4441.5,4438.25,4441.0,9486,1600,42118556.0
2021-08-17 09:58:00-04:00,4440.75,4441.5,4440.0,4440.5,4367,823,19392940.0
2021-08-17 09:59:00-04:00,4440.25,4440.75,4438.75,4439.0,2653,666,11778999.0
2021-08-17 10:00:00-04:00,4438.75,4439.75,4437.25,4438.5,8143,1737,36142216.0
2021-08-17 10:01:00-04:00,4438.25,4439.25,4437.25,4438.25,5068,960,22492404.0
2021-08-17 10:02:00-04:00,4438.5,4440.5,4438.0,4439.25,5591,1256,24821236.0
2021-08-17 10:03:00-04:00,4439.25,4439.75,4438.25,4439.0,4011,831,17804888.0
2021-08-17 10:04:00-04:00,4439.25,4440.75,4439.0,4439.75,4517,825,20054520.0
2021-08-17 10:05:00-04:00,4439.75,4440.25,4437.5,4439.0,4654,852,20658952.0
2021-08-17 10:06:00-04:00,4439.0,4443.0,4438.5,4442.25,5580,1078,24779630.0
2021-08-17 10:07:00-04:00,4442.5,4443.5,4441.5,4442.5,5410,900,24035538.0
2021-08-17 10:08:00-04:00,4442.25,4444.5,4442.0,4444.0,4269,687,18968400.0
2021-08-17 10:09:00-04:00,4444.25,4444.75,4442.5,4442.75,4184,644,18592882.0
2021-08-17 10:10:00-04:00,4443.0,4443.25,4441.75,4443.0,4948,888,21980378.0
2021-08-17 10:11:00-04:00,4443.25,4444.25,4442.5,4443.25,5843,831,25963166.0
2021-08-17 10:12:00-04:00,4443.5,4445.5,4442.5,4444.75,8101,1466,36003288.0
2021-08-17 10:13:00-04:00,4444.5,4447.25,4444.5,4446.75,4876,927,21678080.0
2021-08-17 10:14:00-04:00,4446.75,4451.25,4446.25,4449.75,8546,1724,38024304.0
2021-08-17 10:15:00-04:00,4449.75,4450.25,4447.25,4447.5,7541,1253,33547788.0
2021-08-17 10:16:00-04:00,4447.5,4448.5,4446.5,4446.75,4500,948,20013412.0
2021-08-17 10:17:00-04:00,4446.5,4447.5,4445.25,4446.25,6179,1051,27474006.0
2021-08-17 10:18:00-04:00,4446.25,4446.25,4444.0,4445.0,5615,1161,24961226.0
2021-08-17 10:19:00-04:00,4445.0,4447.0,4444.75,4445.75,6642,1134,29529104.0
2021-08-17 10:20:00-04:00,4445.75,4447.5,4445.5,4446.25,4972,959,22107700.0
2021-08-17 10:21:00-04:00,4446.25,4446.75,4444.5,4444.75,3601,714,16008560.0
2021-08-17 10:22:00-04:00,4444.75,4445.75,4443.75,4444.25,3774,836,16773874.0
2021-08-17 10:23:00-04:00,4444.25,4446.5,4443.25,4446.25,4218,743,18748554.0
2021-08-17 10:24:00-04:00,4446.0,4446.5,4445.5,4446.0,2278,413,10127821.0
2021-08-17 10:25:00-04:00,4446.0,4447.75,4445.5,4447.75,3003,667,13353449.0
2021-08-17 10:26:00-04:00,4447.75,4448.75,4447.5,4448.5,3315,674,14745933.0
2021-08-17 10:27:00-04:00,4448.75,4449.25,4447.5,4449.0,2172,476,9662186.0
2021-08-17 10:28:00-04:00,4448.75,4451.75,4448.75,4451.75,4234,751,18843818.0
2021-08-17 10:29:00-04:00,4451.5,4452.0,4449.75,4450.25,3933,817,17504816.0
2021-08-17 10:30:00-04:00,4450.0,4450.25,4448.75,4448.75,2628,653,11692934.0
2021-08-17 10:31:00-04:00,4448.75,4448.75,4447.5,4448.5,3012,732,13397697.0
2021-08-17 10:32:00-04:00,4448.5,4450.0,4447.75,4448.0,1972,488,8773110.0
2021-08-17 10:33:00-04:00,4447.75,4449.0,4446.5,4447.0,2841,806,12636090.0
2021-08-17 10:34:00-04:00,4446.75,4448.0,4445.25,4447.0,4870,907,21653884.0
2021-08-17 10:35:00-04:00,4447.0,4448.0,4446.25,4447.75,3102,634,13794329.0
2021-08-17 10:36:00-04:00,4447.75,4450.0,4447.5,4449.0,5901,977,26253762.0
2021-08-17 10:37:00-04:00,4449.0,4449.25,4447.5,4448.0,2901,609,12905535.0
2021-08-17 10:38:00-04:00,4448.0,4448.0,4446.25,4446.25,2620,671,11651658.0
2021-08-17 10:39:00-04:00,4446.0,4446.5,4444.5,4444.5,3731,942,16586703.0
2021-08-17 10:40:00-04:00,4444.25,4447.25,4444.25,4445.25,4394,871,19535960.0
2021-08-17 10:41:00-04:00,4445.5,4446.25,4445.0,4446.25,3451,695,15342550.0
2021-08-17 10:42:00-04:00,4446.25,4448.25,4446.25,4448.25,3341,635,14858589.0
2021-08-17 10:43:00-04:00,4448.25,4451.25,4448.0,4451.25,3564,754,15857660.0
2021-08-17 10:44:00-04:00,4451.25,4451.75,4449.75,4450.0,5494,945,24452548.0
2021-08-17 10:45:00-04:00,4449.75,4451.25,4449.25,4450.0,3489,659,15527238.0
2021-08-17 10:46:00-04:00,4449.75,4450.5,4448.75,4448.75,2146,473,9548523.0
2021-08-17 10:47:00-04:00,4448.75,4450.5,4448.25,4450.0,2531,552,11261520.0
2021-08-17 10:48:00-04:00,4449.75,4451.0,4449.5,4451.0,2290,391,10190597.0
2021-08-17 10:49:00-04:00,4451.25,4452.0,4450.5,4452.0,2786,565,12401362.0
2021-08-17 10:50:00-04:00,4451.75,4453.5,4449.5,4450.0,5416,1261,24108764.0
2021-08-17 10:51:00-04:00,4450.0,4451.25,4449.5,4450.75,2005,362,8922932.0
2021-08-17 10:52:00-04:00,4451.0,4452.75,4451.0,4452.5,3286,638,14629278.0
2021-08-17 10:53:00-04:00,4452.5,4453.0,4451.5,4452.5,1839,364,8188017.0
2021-08-17 10:54:00-04:00,4452.5,4452.5,4450.75,4451.25,2704,535,12036920.0
2021-08-17 10:55:00-04:00,4451.25,4451.5,4450.0,4450.0,2077,382,9244153.0
2021-08-17 10:56:00-04:00,4450.0,4450.75,4447.75,4448.0,3016,714,13418164.0
2021-08-17 10:57:00-04:00,4448.25,4449.0,4447.5,4448.0,1907,459,8482880.0
2021-08-17 10:58:00-04:00,4447.75,4448.5,4447.0,4447.25,4315,832,19192124.0
2021-08-17 10:59:00-04:00,4447.25,4447.75,4446.75,4447.0,1855,458,8249543.0
2021-08-17 11:00:00-04:00,4447.25,4447.5,4445.5,4447.25,3655,796,16252084.0
2021-08-17 11:01:00-04:00,4447.0,4448.25,4446.75,4447.5,2140,496,9517862.0
2021-08-17 11:02:00-04:00,4447.25,4448.0,4446.5,4447.75,3801,609,16903968.0
2021-08-17 11:03:00-04:00,4447.5,4448.25,4445.75,4447.0,2979,592,13247876.0
2021-08-17 11:04:00-04:00,4446.75,4446.75,4444.5,4446.0,3325,726,14781412.0
2021-08-17 11:05:00-04:00,4445.75,4446.0,4443.75,4444.0,2635,613,11711548.0
2021-08-17 11:06:00-04:00,4443.75,4444.75,4442.75,4444.5,5061,874,22489690.0
2021-08-17 11:07:00-04:00,4444.25,4444.5,4443.0,4443.75,1887,422,8385531.5
2021-08-17 11:08:00-04:00,4443.75,4445.0,4443.0,4444.25,1788,369,7946115.5
2021-08-17 11:09:00-04:00,4444.25,4445.75,4444.25,4444.5,2085,483,9267868.0
2021-08-17 11:10:00-04:00,4444.75,4445.5,4443.5,4445.25,2177,429,9675353.0
2021-08-17 11:11:00-04:00,4445.0,4445.5,4442.25,4442.75,3542,695,15738762.0
2021-08-17 11:12:00-04:00,4442.75,4445.75,4441.75,4445.25,3843,837,17075932.0
2021-08-17 11:13:00-04:00,4445.0,4445.75,4444.5,4445.25,2077,404,9232653.0
2021-08-17 11:14:00-04:00,4445.25,4446.5,4445.0,4446.0,1892,394,8411611.0
2021-08-17 11:15:00-04:00,4446.0,4447.0,4443.75,4444.0,2908,589,12927405.0
2021-08-17 11:16:00-04:00,4443.75,4445.75,4443.25,4445.25,2488,523,11057688.0
2021-08-17 11:17:00-04:00,4445.25,4445.5,4444.25,4445.25,1998,396,8880606.0
2021-08-17 11:18:00-04:00,4445.5,4447.5,4445.0,4447.0,3653,544,16240994.0
2021-08-17 11:19:00-04:00,4447.25,4448.25,4446.75,4448.0,2407,432,10705228.0
2021-08-17 11:20:00-04:00,4447.75,4447.75,4445.75,4446.0,2302,435,10236316.0
2021-08-17 11:21:00-04:00,4446.25,4446.75,4445.5,4446.0,2392,326,10635020.0
2021-08-17 11:22:00-04:00,4446.25,4448.75,4446.25,4446.75,2766,529,12302430.0
2021-08-17 11:23:00-04:00,4447.0,4447.75,4446.25,4447.5,2110,398,9383030.0
2021-08-17 11:24:00-04:00,4447.25,4447.75,4445.75,4446.0,1619,382,7198976.5
2021-08-17 11:25:00-04:00,4445.75,4446.25,4443.0,4444.25,3519,762,15639180.0
2021-08-17 11:26:00-04:00,4444.25,4444.25,4442.0,4442.25,3989,701,17723660.0
2021-08-17 11:27:00-04:00,4442.5,4443.25,4441.5,4443.0,3777,663,16779496.0
2021-08-17 11:28:00-04:00,4442.75,4443.25,4441.25,4441.75,2627,485,11669172.0
2021-08-17 11:29:00-04:00,4441.5,4442.75,4440.75,4441.25,3130,604,13902245.0
2021-08-17 11:30:00-04:00,4441.25,4441.75,4440.0,4440.5,3659,709,16249532.0
2021-08-17 11:31:00-04:00,4440.5,4442.25,4439.75,4441.0,2906,567,12905259.0
2021-08-17 11:32:00-04:00,4441.25,4444.25,4441.0,4443.75,3273,633,14541704.0
2021-08-17 11:33:00-04:00,4443.75,4445.25,4443.5,4445.25,2661,528,11826006.0
2021-08-17 11:34:00-04:00,4445.0,4446.75,4445.0,4445.75,3547,646,15769611.0
2021-08-17 11:35:00-04:00,4446.0,4446.25,4445.25,4445.25,2188,477,9727389.0
2021-08-17 11:36:00-04:00,4445.0,4445.25,4443.75,4444.75,1857,391,8253506.0
2021-08-17 11:37:00-04:00,4444.75,4444.75,4443.0,4443.25,2105,440,9354079.0
2021-08-17 11:38:00-04:00,4443.0,4443.5,4441.25,4441.75,3583,555,15917556.0
2021-08-17 11:39:00-04:00,4441.75,4442.25,4441.0,4441.75,1987,406,8825391.0
2021-08-17 11:40:00-04:00,4441.75,4442.75,4440.25,4440.75,2694,514,11964880.0
2021-08-17 11:41:00-04:00,4440.5,4441.0,4440.0,4440.25,2025,362,8991900.0
2021-08-17 11:42:00-04:00,4440.25,4441.5,4438.5,4439.0,4428,799,19659902.0
2021-08-17 11:43:00-04:00,4439.0,4439.75,4438.75,4439.75,2773,488,12309618.0
2021-08-17 11:44:00-04:00,4439.75,4441.5,4439.75,4441.25,2210,520,9813544.0
2021-08-17 11:45:00-04:00,4441.25,4442.0,4440.0,4440.5,2141,404,9508552.0
2021-08-17 11:46:00-04:00,4440.5,4441.5,4440.5,4441.25,1134,294,5035982.5
2021-08-17 11:47:00-04:00,4441.0,4441.25,4440.0,4440.25,1566,320,6953713.0
2021-08-17 11:48:00-04:00,4440.25,4440.25,4439.5,4440.0,1659,358,7365687.0
2021-08-17 11:49:00-04:00,4440.0,4441.5,4439.75,4441.0,1198,306,5319875.0
2021-08-17 11:50:00-04:00,4440.75,4440.75,4439.0,4439.0,1836,421,8151872.0
2021-08-17 11:51:00-04:00,4439.0,4439.5,4438.0,4438.0,2438,425,10821683.0
2021-08-17 11:52:00-04:00,4438.0,4438.25,4436.75,4437.0,2254,482,10002320.0
2021-08-17 11:53:00-04:00,4437.0,4438.75,4436.75,4438.25,2207,420,9794382.0
2021-08-17 11:54:00-04:00,4438.5,4438.5,4435.5,4435.5,3579,683,15879094.0
2021-08-17 11:55:00-04:00,4435.5,4436.0,4434.25,4434.5,5054,799,22415638.0
2021-08-17 11:56:00-04:00,4434.75,4435.5,4433.5,4435.0,4332,799,19210690.0
2021-08-17 11:57:00-04:00,4435.25,4437.25,4435.25,4436.5,3512,690,15580643.0
2021-08-17 11:58:00-04:00,4436.25,4436.75,4433.75,4434.0,2759,465,12236673.0
2021-08-17 11:59:00-04:00,4434.0,4434.75,4433.5,4434.0,2615,458,11595094.0
2021-08-17 12:00:00-04:00,4433.75,4434.0,4432.0,4432.75,5069,1015,22470754.0
2021-08-17 12:01:00-04:00,4432.75,4433.25,4431.5,4432.0,4257,710,18868570.0
2021-08-17 12:02:00-04:00,4432.25,4432.5,4430.5,4431.75,5355,863,23729424.0
2021-08-17 12:03:00-04:00,4431.75,4433.0,4431.0,4431.5,4332,663,19200082.0
2021-08-17 12:04:00-04:00,4431.75,4432.25,4431.25,4431.5,2202,446,9758649.0
2021-08-17 12:05:00-04:00,4431.5,4436.0,4431.25,4436.0,6004,1109,26619866.0
2021-08-17 12:06:00-04:00,4435.75,4436.5,4435.5,4436.25,4677,760,20746584.0
2021-08-17 12:07:00-04:00,4436.0,4436.25,4433.75,4434.5,3194,538,14165882.0
2021-08-17 12:08:00-04:00,4434.25,4434.75,4433.25,4434.0,2495,446,11062992.0
2021-08-17 12:09:00-04:00,4434.0,4434.25,4432.25,4432.5,3884,609,17217370.0
2021-08-17 12:10:00-04:00,4432.5,4433.25,4430.75,4431.25,5204,672,23064994.0
2021-08-17 12:11:00-04:00,4431.25,4432.25,4431.0,4432.25,2139,430,9478809.0
2021-08-17 12:12:00-04:00,4432.25,4434.5,4432.25,4434.0,3174,647,14071534.0
2021-08-17 12:13:00-04:00,4434.0,4435.25,4434.0,4434.75,2543,522,11277363.0
2021-08-17 12:14:00-04:00,4434.75,4435.0,4433.25,4433.5,3469,532,15381853.0
2021-08-17 12:15:00-04:00,4433.25,4433.75,4432.25,4433.75,2403,497,10652779.0
2021-08-17 12:16:00-04:00,4433.5,4433.5,4431.75,4432.25,2189,400,9702640.0
2021-08-17 12:17:00-04:00,4432.5,4432.75,4430.0,4430.0,4922,850,21809662.0
2021-08-17 12:18:00-04:00,4430.0,4430.5,4427.75,4430.0,8432,1718,37346692.0
2021-08-17 12:19:00-04:00,4430.25,4431.75,4430.0,4431.0,5619,909,24896596.0
2021-08-17 12:20:00-04:00,4431.25,4434.25,4430.75,4434.25,5475,1082,24269212.0
2021-08-17 12:21:00-04:00,4434.0,4434.25,4430.5,4430.75,4348,897,19273624.0
2021-08-17 12:22:00-04:00,4430.75,4432.5,4430.5,4432.5,2225,532,9859618.0
2021-08-17 12:23:00-04:00,4432.25,4432.75,4430.75,4431.75,2472,528,10955546.0
2021-08-17 12:24:00-04:00,4432.0,4433.5,4431.75,4433.0,2845,510,12610921.0
2021-08-17 12:25:00-04:00,4432.75,4433.25,4431.75,4432.0,2307,402,10225673.0
2021-08-17 12:26:00-04:00,4432.25,4433.25,4432.0,4433.0,1224,284,5425654.0
2021-08-17 12:27:00-04:00,4433.25,4433.25,4431.75,4432.25,2240,405,9928139.0
2021-08-17 12:28:00-04:00,4432.5,4435.0,4432.25,4434.75,4486,815,19889676.0
2021-08-17 12:29:00-04:00,4434.75,4435.75,4434.0,4434.75,5175,852,22951278.0
2021-08-17 12:30:00-04:00,4434.75,4435.0,4432.75,4432.75,2798,597,12406089.0
2021-08-17 12:31:00-04:00,4433.0,4433.0,4431.0,4431.0,3123,649,13840082.0
2021-08-17 12:32:00-04:00,4431.25,4432.5,4429.25,4429.25,3815,847,16902088.0
2021-08-17 12:33:00-04:00,4429.0,4431.0,4428.75,4429.25,4389,709,19441976.0
2021-08-17 12:34:00-04:00,4429.5,4430.0,4428.75,4429.25,3543,489,15692916.0
2021-08-17 12:35:00-04:00,4429.25,4430.25,4428.5,4429.5,2421,427,10723293.0
2021-08-17 12:36:00-04:00,4429.5,4430.0,4426.5,4428.5,8123,1253,35966664.0
2021-08-17 12:37:00-04:00,4428.75,4429.25,4426.5,4426.75,5419,748,23995720.0
2021-08-17 12:38:00-04:00,4426.75,4427.0,4423.75,4424.25,7498,1195,33180752.0
2021-08-17 12:39:00-04:00,4424.5,4424.75,4423.25,4424.5,4471,724,19780364.0
2021-08-17 12:40:00-04:00,4424.25,4425.0,4421.75,4422.0,5560,847,24593470.0
2021-08-17 12:41:00-04:00,4422.0,4423.0,4421.25,4422.0,6617,951,29260814.0
2021-08-17 12:42:00-04:00,4421.75,4422.25,4419.75,4421.75,5451,898,24097988.0
2021-08-17 12:43:00-04:00,4421.5,4423.25,4421.5,4422.25,5912,955,26145738.0
2021-08-17 12:44:00-04:00,4422.0,4423.5,4421.75,4423.25,2908,462,12860906.0
2021-08-17 12:45:00-04:00,4423.5,4423.75,4421.5,4422.0,3877,560,17145890.0
2021-08-17 12:46:00-04:00,4422.0,4422.25,4420.25,4421.0,2924,551,12927446.0
2021-08-17 12:47:00-04:00,4420.75,4420.75,4418.25,4418.75,6260,895,27664656.0
2021-08-17 12:48:00-04:00,4418.75,4420.0,4417.25,4417.25,3780,712,16702313.0
2021-08-17 12:49:00-04:00,4417.25,4419.0,4417.0,4418.25,5428,849,23981172.0
2021-08-17 12:50:00-04:00,4418.25,4418.5,4415.75,4416.5,5865,1037,25904514.0
2021-08-17 12:51:00-04:00,4416.5,4420.5,4416.25,4420.0,6304,1149,27857394.0
2021-08-17 12:52:00-04:00,4420.0,4421.25,4419.25,4420.25,4722,837,20871984.0
2021-08-17 12:53:00-04:00,4420.25,4420.25,4416.75,4416.75,3945,752,17429548.0
2021-08-17 12:54:00-04:00,4417.0,4417.5,4416.0,4416.5,3712,633,16394629.0
2021-08-17 12:55:00-04:00,4416.25,4416.5,4413.5,4413.75,6804,1205,30038588.0
2021-08-17 12:56:00-04:00,4413.75,4416.25,4413.25,4414.0,6377,1141,28151652.0
2021-08-17 12:57:00-04:00,4414.0,4415.5,4413.5,4415.5,3433,658,15153474.0
2021-08-17 12:58:00-04:00,4415.5,4415.5,4413.75,4414.5,5014,743,22135124.0
2021-08-17 12:59:00-04:00,4414.5,4414.75,4412.25,4412.5,4220,745,18624758.0
2021-08-17 13:00:00-04:00,4412.75,4415.75,4411.75,4414.0,5665,1196,25005644.0
2021-08-17 13:01:00-04:00,4414.0,4418.5,4414.0,4417.75,7474,1359,33011590.0
2021-08-17 13:02:00-04:00,4417.5,4419.25,4417.25,4418.25,5641,928,24923840.0
2021-08-17 13:03:00-04:00,4418.25,4418.25,4416.75,4417.25,3732,704,16485478.0
2021-08-17 13:04:00-04:00,4417.25,4417.5,4415.0,4417.25,4432,956,19573050.0
2021-08-17 13:05:00-04:00,4417.0,4417.0,4414.25,4414.5,3230,706,14261988.0
2021-08-17 13:06:00-04:00,4414.5,4418.5,4414.25,4418.0,3609,787,15938625.0
2021-08-17 13:07:00-04:00,4417.75,4419.25,4417.0,4418.75,3553,744,15697421.0
2021-08-17 13:08:00-04:00,4419.0,4421.0,4418.75,4420.5,4947,925,21864986.0
2021-08-17 13:09:00-04:00,4420.5,4421.25,4419.25,4420.75,3288,656,14533747.0
2021-08-17 13:10:00-04:00,4420.75,4420.75,4419.0,4419.5,2685,449,11866798.0
2021-08-17 13:11:00-04:00,4419.25,4421.75,4419.0,4421.5,4416,624,19522322.0
2021-08-17 13:12:00-04:00,4421.5,4423.25,4421.0,4423.0,3763,741,16640289.0
2021-08-17 13:13:00-04:00,4422.75,4423.75,4422.25,4422.75,4244,794,18771066.0
2021-08-17 13:14:00-04:00,4422.75,4424.25,4422.75,4423.75,1685,342,7453441.5
2021-08-17 13:15:00-04:00,4423.5,4424.0,4421.25,4421.25,2517,569,11131706.0
2021-08-17 13:16:00-04:00,4421.25,4422.0,4420.75,4421.0,2453,390,10845464.0
2021-08-17 13:17:00-04:00,4421.25,4422.5,4420.0,4420.25,1833,389,8104095.0
2021-08-17 13:18:00-04:00,4420.5,4420.5,4418.25,4419.0,2659,538,11750758.0
2021-08-17 13:19:00-04:00,4418.75,4419.5,4418.25,4419.25,1551,365,6853589.0
2021-08-17 13:20:00-04:00,4419.25,4421.5,4419.0,4419.5,2492,572,11015852.0
2021-08-17 13:21:00-04:00,4419.75,4421.5,4419.5,4420.75,2437,396,10772524.0
2021-08-17 13:22:00-04:00,4420.75,4421.0,4418.5,4418.5,1604,375,7089195.0
2021-08-17 13:23:00-04:00,4418.25,4419.5,4417.75,4418.0,2091,518,9238849.0
2021-08-17 13:24:00-04:00,4418.0,4419.0,4417.5,4419.0,1838,414,8120384.0
2021-08-17 13:25:00-04:00,4419.0,4420.25,4417.5,4419.25,2991,585,13217311.0
2021-08-17 13:26:00-04:00,4419.25,4420.5,4418.5,4419.5,1851,320,8181182.5
2021-08-17 13:27:00-04:00,4419.75,4422.5,4419.5,4421.5,2468,612,10911055.0
2021-08-17 13:28:00-04:00,4421.75,4423.5,4421.75,4423.0,2431,524,10751831.0
2021-08-17 13:29:00-04:00,4423.0,4425.5,4423.0,4425.0,3408,527,15078303.0
2021-08-17 13:30:00-04:00,4425.0,4425.5,4422.75,4423.5,3281,623,14515435.0
2021-08-17 13:31:00-04:00,4423.5,4423.75,4422.25,4422.5,1507,289,6665284.0
2021-08-17 13:32:00-04:00,4422.5,4422.75,4422.0,4422.5,993,188,4391425.5
2021-08-17 13:33:00-04:00,4422.25,4422.5,4421.75,4422.25,2064,292,9127292.0
2021-08-17 13:34:00-04:00,4422.5,4424.0,4422.5,4423.25,3133,442,13858381.0
2021-08-17 13:35:00-04:00,4423.0,4423.5,4421.5,4421.75,2017,383,8919750.0
2021-08-17 13:36:00-04:00,4421.75,4421.75,4419.75,4419.75,3319,632,14672254.0
2021-08-17 13:37:00-04:00,4419.75,4420.5,4418.75,4419.25,2797,490,12361155.0
2021-08-17 13:38:00-04:00,4419.25,4419.5,4418.25,4418.75,2560,422,11312322.0
2021-08-17 13:39:00-04:00,4419.0,4420.5,4417.5,4417.5,2237,523,9885084.0
2021-08-17 13:40:00-04:00,4417.75,4418.5,4416.25,4416.5,3008,692,13287252.0
2021-08-17 13:41:00-04:00,4416.5,4417.5,4416.25,4416.5,3184,419,14062530.0
2021-08-17 13:42:00-04:00,4416.25,4416.75,4415.75,4415.75,1995,330,8810228.0
2021-08-17 13:43:00-04:00,4415.75,4416.5,4415.0,4415.75,2695,448,11900076.0
2021-08-17 13:44:00-04:00,4415.75,4417.5,4415.25,4416.75,3168,382,13990265.0
2021-08-17 13:45:00-04:00,4416.75,4417.0,4415.25,4416.5,2391,379,10559200.0
2021-08-17 13:46:00-04:00,4416.5,4416.5,4414.5,4414.75,2270,357,10022474.0
2021-08-17 13:47:00-04:00,4414.75,4416.0,4414.75,4414.75,1522,266,6720378.0
2021-08-17 13:48:00-04:00,4414.75,4415.75,4414.5,4414.5,1084,231,4786000.0
2021-08-17 13:49:00-04:00,4414.5,4416.0,4414.0,4416.0,1780,430,7858208.0
2021-08-17 13:50:00-04:00,4416.25,4417.5,4414.5,4417.5,3432,594,15156874.0
2021-08-17 13:51:00-04:00,4417.25,4419.0,4416.5,4419.0,2246,425,9922284.0
2021-08-17 13:52:00-04:00,4418.75,4420.25,4418.25,4419.75,3138,509,13867079.0
2021-08-17 13:53:00-04:00,4419.5,4420.25,4419.0,4419.5,1484,312,6558680.0
2021-08-17 13:54:00-04:00,4419.25,4419.25,4417.25,4419.25,3294,629,14554822.0
2021-08-17 13:55:00-04:00,4419.5,4420.75,4418.5,4420.75,3329,553,14712216.0
2021-08-17 13:56:00-04:00,4420.5,4423.0,4420.0,4422.75,2847,574,12588394.0
2021-08-17 13:57:00-04:00,4422.75,4423.25,4421.75,4423.0,1936,423,8562141.0
2021-08-17 13:58:00-04:00,4422.75,4424.25,4422.25,4423.5,1913,376,8461356.0
2021-08-17 13:59:00-04:00,4423.5,4425.25,4423.5,4424.75,2200,482,9733916.0
2021-08-17 14:00:00-04:00,4424.75,4428.0,4424.0,4427.75,4825,948,21358354.0
2021-08-17 14:01:00-04:00,4427.75,4428.0,4426.25,4426.75,2485,534,11001520.0
2021-08-17 14:02:00-04:00,4427.0,4429.25,4427.0,4429.0,2973,618,13165069.0
2021-08-17 14:03:00-04:00,4429.0,4429.25,4428.25,4429.25,2268,436,10044524.0
2021-08-17 14:04:00-04:00,4429.25,4429.5,4428.25,4428.25,2196,401,9726155.0
2021-08-17 14:05:00-04:00,4428.5,4429.75,4428.5,4428.5,1620,413,7175291.0
2021-08-17 14:06:00-04:00,4428.75,4430.75,4428.5,4430.5,2429,470,10760499.0
2021-08-17 14:07:00-04:00,4430.5,4431.5,4429.25,4429.5,4683,775,20746678.0
2021-08-17 14:08:00-04:00,4429.5,4430.25,4428.5,4429.0,2200,422,9744360.0
2021-08-17 14:09:00-04:00,4429.0,4430.25,4428.75,4430.0,2824,491,12508404.0
2021-08-17 14:10:00-04:00,4430.0,4430.25,4428.75,4429.0,1663,308,7366415.0
2021-08-17 14:11:00-04:00,4429.25,4430.75,4428.5,4429.75,1962,427,8691037.0
2021-08-17 14:12:00-04:00,4430.0,4430.75,4429.25,4430.5,2102,354,9312397.0
2021-08-17 14:13:00-04:00,4430.25,4432.25,4430.25,4431.5,3093,493,13705726.0
2021-08-17 14:14:00-04:00,4431.5,4431.75,4430.75,4431.75,1461,299,6473810.5
2021-08-17 14:15:00-04:00,4431.5,4432.75,4431.25,4432.0,2420,463,10725748.0
2021-08-17 14:16:00-04:00,4432.0,4432.75,4431.75,4432.75,1594,312,7064972.5
2021-08-17 14:17:00-04:00,4432.5,4432.75,4431.5,4432.0,1347,280,5970006.0
2021-08-17 14:18:00-04:00,4432.25,4432.5,4431.0,4431.0,1414,287,6266370.5
2021-08-17 14:19:00-04:00,4431.25,4431.25,4429.5,4430.25,4061,682,17992492.0
2021-08-17 14:20:00-04:00,4430.0,4430.75,4429.0,4429.0,2932,500,12988314.0
2021-08-17 14:21:00-04:00,4429.0,4429.25,4426.75,4427.5,4568,809,20226624.0
2021-08-17 14:22:00-04:00,4427.5,4428.0,4426.5,4427.0,2406,418,10651893.0
2021-08-17 14:23:00-04:00,4427.25,4429.25,4426.75,4429.0,2152,351,9529376.0
2021-08-17 14:24:00-04:00,4429.0,4430.25,4428.75,4429.75,2234,406,9895742.0
2021-08-17 14:25:00-04:00,4429.5,4430.0,4429.0,4429.0,1703,307,7543451.5
2021-08-17 14:26:00-04:00,4428.75,4429.0,4428.0,4428.0,2014,475,8918772.0
2021-08-17 14:27:00-04:00,4428.0,4428.75,4427.0,4428.5,3913,615,17326156.0
2021-08-17 14:28:00-04:00,4428.5,4428.5,4427.0,4427.5,1471,271,6513717.0
2021-08-17 14:29:00-04:00,4427.5,4427.75,4426.0,4427.0,2164,460,9579442.0
2021-08-17 14:30:00-04:00,4427.0,4427.25,4425.5,4425.5,2711,516,11999473.0
2021-08-17 14:31:00-04:00,4425.5,4426.75,4424.75,4426.75,3636,539,16091405.0
2021-08-17 14:32:00-04:00,4426.75,4427.75,4426.25,4427.5,2129,473,9425427.0
2021-08-17 14:33:00-04:00,4427.25,4429.5,4427.25,4428.5,2957,638,13095561.0
2021-08-17 14:34:00-04:00,4428.5,4428.75,4425.5,4425.5,2534,452,11217530.0
2021-08-17 14:35:00-04:00,4425.5,4425.75,4423.0,4423.25,3982,728,17617260.0
2021-08-17 14:36:00-04:00,4423.25,4423.5,4422.0,4422.75,3206,531,14179822.0
2021-08-17 14:37:00-04:00,4423.0,4424.5,4422.5,4423.0,2493,416,11027390.0
2021-08-17 14:38:00-04:00,4423.25,4423.25,4422.0,4422.5,3991,540,17650500.0
2021-08-17 14:39:00-04:00,4422.75,4423.25,4421.75,4422.0,3599,448,15916695.0
2021-08-17 14:40:00-04:00,4422.25,4423.5,4421.25,4423.5,2763,418,12219782.0
2021-08-17 14:41:00-04:00,4423.5,4424.0,4423.0,4423.5,2335,397,10328741.0
2021-08-17 14:42:00-04:00,4423.75,4424.25,4422.75,4423.75,2720,449,12032204.0
2021-08-17 14:43:00-04:00,4423.5,4424.25,4422.75,4423.75,3044,385,13465180.0
2021-08-17 14:44:00-04:00,4423.75,4426.25,4423.25,4426.0,3298,584,14594363.0
2021-08-17 14:45:00-04:00,4426.0,4427.25,4424.75,4426.5,2986,542,13216253.0
2021-08-17 14:46:00-04:00,4426.75,4429.75,4426.5,4429.75,4178,831,18502926.0
2021-08-17 14:47:00-04:00,4429.5,4429.75,4429.0,4429.5,1276,247,5651959.5
2021-08-17 14:48:00-04:00,4429.5,4430.75,4429.5,4430.75,2141,379,9484874.0
2021-08-17 14:49:00-04:00,4430.5,4431.25,4429.25,4429.75,2594,521,11492073.0
2021-08-17 14:50:00-04:00,4429.5,4431.75,4429.25,4430.5,2233,412,9894444.0
2021-08-17 14:51:00-04:00,4430.25,4431.25,4430.0,4430.25,1550,294,6867601.0
2021-08-17 14:52:00-04:00,4430.25,4430.5,4428.25,4428.75,3189,594,14125626.0
2021-08-17 14:53:00-04:00,4428.5,4429.5,4427.5,4428.0,2345,525,10384330.0
2021-08-17 14:54:00-04:00,4428.0,4428.5,4427.5,4427.75,1100,287,4870729.0
2021-08-17 14:55:00-04:00,4427.75,4431.5,4427.5,4431.5,2362,533,10462926.0
2021-08-17 14:56:00-04:00,4431.75,4432.75,4431.0,4432.75,2527,532,11199516.0
2021-08-17 14:57:00-04:00,4432.5,4434.25,4432.5,4434.25,4079,750,18083776.0
2021-08-17 14:58:00-04:00,4434.0,4435.25,4433.5,4434.75,4727,660,20962294.0
2021-08-17 14:59:00-04:00,4434.75,4435.25,4434.25,4434.75,2731,567,12111318.0
2021-08-17 15:00:00-04:00,4434.75,4436.0,4434.25,4435.5,3478,684,15425720.0
2021-08-17 15:01:00-04:00,4435.25,4436.5,4434.0,4436.25,2632,523,11673950.0
2021-08-17 15:02:00-04:00,4436.25,4437.25,4435.5,4437.25,2406,437,10673970.0
2021-08-17 15:03:00-04:00,4437.0,4437.0,4435.25,4435.75,3111,582,13800966.0
2021-08-17 15:04:00-04:00,4435.5,4436.25,4435.0,4435.5,2519,414,11173527.0
2021-08-17 15:05:00-04:00,4435.5,4436.5,4434.5,4435.75,2643,541,11722440.0
2021-08-17 15:06:00-04:00,4435.75,4436.0,4435.25,4436.0,2930,463,12996387.0
2021-08-17 15:07:00-04:00,4436.0,4436.75,4435.75,4436.5,1221,280,5416757.0
2021-08-17 15:08:00-04:00,4436.5,4438.75,4435.75,4438.25,5200,733,23075876.0
2021-08-17 15:09:00-04:00,4438.25,4438.5,4437.25,4438.0,2988,499,13260557.0
2021-08-17 15:10:00-04:00,4438.0,4438.5,4436.75,4438.5,2606,496,11564199.0
2021-08-17 15:11:00-04:00,4438.5,4438.75,4437.25,4438.0,2587,419,11481595.0
2021-08-17 15:12:00-04:00,4438.0,4438.75,4437.5,4438.25,2043,269,9067316.0
2021-08-17 15:13:00-04:00,4438.25,4438.5,4436.5,4437.0,1725,374,7654294.0
2021-08-17 15:14:00-04:00,4437.0,4437.25,4434.25,4434.75,4420,789,19605064.0
2021-08-17 15:15:00-04:00,4435.0,4436.25,4434.5,4436.0,2993,480,13274626.0
2021-08-17 15:16:00-04:00,4435.75,4436.0,4435.0,4435.25,2510,411,11132826.0
2021-08-17 15:17:00-04:00,4435.25,4435.25,4433.5,4433.75,1869,441,8287711.0
2021-08-17 15:18:00-04:00,4433.75,4434.0,4432.75,4433.0,2983,545,13224631.0
2021-08-17 15:19:00-04:00,4433.0,4435.5,4433.0,4435.0,1880,371,8336568.0
2021-08-17 15:20:00-04:00,4435.25,4436.25,4434.25,4436.0,2356,418,10450030.0
2021-08-17 15:21:00-04:00,4435.75,4437.25,4435.5,4437.0,2487,486,11033754.0
2021-08-17 15:22:00-04:00,4436.75,4436.75,4434.0,4434.0,2212,427,9809882.0
2021-08-17 15:23:00-04:00,4433.75,4434.0,4433.0,4433.5,2728,450,12094406.0
2021-08-17 15:24:00-04:00,4433.25,4434.0,4433.0,4433.75,1750,315,7758460.0
2021-08-17 15:25:00-04:00,4433.5,4434.5,4432.75,4433.0,2718,418,12049607.0
2021-08-17 15:26:00-04:00,4433.25,4435.0,4432.5,4434.75,2636,432,11686375.0
2021-08-17 15:27:00-04:00,4434.5,4435.5,4433.5,4434.75,2029,365,8997705.0
2021-08-17 15:28:00-04:00,4434.5,4435.25,4433.5,4434.75,1200,304,5321290.0
2021-08-17 15:29:00-04:00,4434.75,4435.75,4434.5,4435.75,1992,353,8834968.0
2021-08-17 15:30:00-04:00,4435.75,4439.0,4435.5,4438.75,4869,780,21605408.0
2021-08-17 15:31:00-04:00,4438.75,4438.75,4436.75,4437.0,2991,508,13273392.0
2021-08-17 15:32:00-04:00,4437.0,4437.25,4435.25,4436.5,3796,659,16839918.0
2021-08-17 15:33:00-04:00,4436.5,4436.75,4436.0,4436.75,1665,282,7386705.5
2021-08-17 15:34:00-04:00,4436.75,4437.25,4435.5,4436.0,1577,343,6996038.5
2021-08-17 15:35:00-04:00,4436.0,4439.25,4435.75,4439.0,3420,662,15177160.0
2021-08-17 15:36:00-04:00,4438.75,4439.0,4437.0,4438.0,1859,383,8250307.0
2021-08-17 15:37:00-04:00,4438.0,4438.25,4436.75,4437.25,1604,316,7117708.5
2021-08-17 15:38:00-04:00,4437.5,4437.5,4435.5,4435.75,1673,416,7421794.0
2021-08-17 15:39:00-04:00,4435.75,4437.0,4435.25,4435.75,2080,378,9227370.0
2021-08-17 15:40:00-04:00,4436.0,4436.0,4433.5,4434.75,3538,578,15688938.0
2021-08-17 15:41:00-04:00,4434.75,4435.0,4432.25,4432.75,3619,631,16044447.0
2021-08-17 15:42:00-04:00,4432.75,4432.75,4431.0,4431.75,3612,620,16007644.0
2021-08-17 15:43:00-04:00,4431.5,4435.0,4431.5,4434.5,4408,748,19540930.0
2021-08-17 15:44:00-04:00,4434.25,4435.0,4433.75,4433.75,2233,330,9901710.0
2021-08-17 15:45:00-04:00,4433.75,4434.25,4432.5,4432.75,2536,426,11242731.0
2021-08-17 15:46:00-04:00,4433.0,4435.0,4432.0,4434.75,2278,377,10098960.0
2021-08-17 15:47:00-04:00,4435.0,4437.5,4435.0,4436.5,4358,801,19333480.0
2021-08-17 15:48:00-04:00,4436.5,4437.25,4435.5,4436.75,2640,496,11712216.0
2021-08-17 15:49:00-04:00,4436.5,4437.75,4435.0,4437.5,4502,714,19970696.0
2021-08-17 15:50:00-04:00,4437.5,4442.25,4437.25,4441.0,12287,1993,54560572.0
2021-08-17 15:51:00-04:00,4441.0,4441.5,4439.25,4440.0,4569,855,20287736.0
2021-08-17 15:52:00-04:00,4440.0,4440.5,4438.25,4439.25,4179,663,18552492.0
2021-08-17 15:53:00-04:00,4439.5,4440.75,4438.75,4440.5,3481,514,15454118.0
2021-08-17 15:54:00-04:00,4440.5,4441.25,4438.5,4439.0,6033,912,26785522.0
2021-08-17 15:55:00-04:00,4439.0,4442.0,4438.75,4442.0,6621,1043,29401276.0
2021-08-17 15:56:00-04:00,4442.0,4442.75,4441.5,4442.25,3853,725,17115626.0
2021-08-17 15:57:00-04:00,4442.25,4442.5,4441.0,4442.25,4532,740,20130272.0
2021-08-17 15:58:00-04:00,4442.25,4443.75,4441.75,4442.5,9754,1323,43335564.0
2021-08-17 15:59:00-04:00,4442.5,4445.25,4442.0,4444.75,50961,3946,226449712.0
