,USOSFRJ Curncy,USOSFRJ Curncy,USOSFRJ Curncy,USOSFRJ Curncy,USOSFRJ Curncy,USOSFRJ Curncy,USOSFRJ Curncy
,open,high,low,close,volume,num_trds,value
2021-08-02 17:00:00-04:00,0.0494,0.0496,0.0494,0.0494,0,11,0.0
2021-08-02 17:03:00-04:00,0.0494,0.0494,0.049,0.049,0,4,0.0
2021-08-02 19:50:00-04:00,0.0485,0.0485,0.048,0.048,0,6,0.0
2021-08-02 19:51:00-04:00,0.048,0.048,0.048,0.048,0,4,0.0
2021-08-02 19:52:00-04:00,0.048,0.048,0.048,0.048,0,4,0.0
2021-08-02 19:54:00-04:00,0.048,0.048,0.048,0.048,0,4,0.0
2021-08-02 19:55:00-04:00,0.048,0.048,0.048,0.048,0,4,0.0
2021-08-02 19:56:00-04:00,0.048,0.048,0.048,0.048,0,4,0.0
2021-08-02 19:57:00-04:00,0.048,0.048,0.048,0.048,0,4,0.0
2021-08-02 19:58:00-04:00,0.048,0.048,0.048,0.048,0,4,0.0
2021-08-02 19:59:00-04:00,0.048,0.048,0.048,0.048,0,4,0.0
2021-08-02 20:00:00-04:00,0.048,0.048,0.048,0.048,0,4,0.0
2021-08-02 20:01:00-04:00,0.048,0.049,0.048,0.049,0,12,0.0
2021-08-02 20:02:00-04:00,0.049,0.049,0.048,0.048,0,8,0.0
2021-08-02 20:03:00-04:00,0.048,0.048,0.048,0.048,0,4,0.0
2021-08-02 20:04:00-04:00,0.048,0.048,0.0475,0.0475,0,12,0.0
2021-08-02 20:05:00-04:00,0.0476,0.048,0.0475,0.0475,0,20,0.0
2021-08-02 20:06:00-04:00,0.0476,0.048,0.0475,0.0475,0,20,0.0
2021-08-02 20:07:00-04:00,0.0476,0.048,0.0475,0.0475,0,20,0.0
2021-08-02 20:08:00-04:00,0.0476,0.048,0.0475,0.0475,0,16,0.0
2021-08-02 20:09:00-04:00,0.0476,0.048,0.0475,0.0475,0,16,0.0
2021-08-02 20:10:00-04:00,0.0475,0.049,0.0475,0.0475,0,20,0.0
2021-08-02 20:11:00-04:00,0.0475,0.048,0.0475,0.0475,0,12,0.0
2021-08-02 20:12:00-04:00,0.0475,0.049,0.0475,0.048,0,8,0.0
2021-08-02 20:13:00-04:00,0.048,0.048,0.048,0.048,0,4,0.0
2021-08-02 20:14:00-04:00,0.048,0.0485,0.048,0.0485,0,8,0.0
2021-08-02 20:15:00-04:00,0.0485,0.0485,0.0485,0.0485,0,4,0.0
2021-08-02 20:16:00-04:00,0.0485,0.0485,0.0485,0.0485,0,8,0.0
2021-08-02 20:17:00-04:00,0.0485,0.0485,0.0485,0.0485,0,4,0.0
2021-08-02 20:18:00-04:00,0.0485,0.0485,0.0485,0.0485,0,8,0.0
2021-08-02 20:19:00-04:00,0.0485,0.0485,0.0485,0.0485,0,28,0.0
2021-08-02 20:20:00-04:00,0.0485,0.049,0.0485,0.049,0,8,0.0
2021-08-02 20:21:00-04:00,0.049,0.049,0.049,0.049,0,8,0.0
2021-08-02 20:22:00-04:00,0.049,0.049,0.049,0.049,0,12,0.0
2021-08-02 20:23:00-04:00,0.049,0.049,0.049,0.049,0,12,0.0
2021-08-02 20:24:00-04:00,0.049,0.049,0.049,0.049,0,18,0.0
2021-08-02 20:25:00-04:00,0.049,0.049,0.049,0.049,0,20,0.0
2021-08-02 20:26:00-04:00,0.049,0.049,0.049,0.049,0,20,0.0
2021-08-02 20:27:00-04:00,0.049,0.049,0.049,0.049,0,8,0.0
2021-08-02 20:28:00-04:00,0.049,0.049,0.049,0.049,0,16,0.0
2021-08-02 20:29:00-04:00,0.049,0.049,0.049,0.049,0,20,0.0
2021-08-02 20:30:00-04:00,0.049,0.049,0.049,0.049,0,12,0.0
2021-08-02 20:31:00-04:00,0.049,0.049,0.049,0.049,0,20,0.0
2021-08-02 20:32:00-04:00,0.049,0.049,0.049,0.049,0,4,0.0
2021-08-02 20:33:00-04:00,0.049,0.049,0.0489,0.049,0,8,0.0
2021-08-02 20:34:00-04:00,0.049,0.049,0.049,0.049,0,16,0.0
2021-08-02 20:35:00-04:00,0.049,0.049,0.0489,0.049,0,12,0.0
2021-08-02 20:36:00-04:00,0.049,0.049,0.049,0.049,0,4,0.0
2021-08-02 20:37:00-04:00,0.049,0.049,0.049,0.049,0,4,0.0
2021-08-02 20:38:00-04:00,0.049,0.0492,0.049,0.0492,0,16,0.0
2021-08-02 20:39:00-04:00,0.0492,0.0492,0.049,0.049,0,16,0.0
2021-08-02 20:40:00-04:00,0.0491,0.0491,0.049,0.049,0,28,0.0
2021-08-02 20:41:00-04:00,0.0491,0.0491,0.049,0.049,0,8,0.0
2021-08-02 20:42:00-04:00,0.0491,0.0491,0.049,0.049,0,4,0.0
2021-08-02 20:43:00-04:00,0.0491,0.0494,0.049,0.0494,0,12,0.0
2021-08-02 20:44:00-04:00,0.0494,0.0494,0.0494,0.0494,0,4,0.0
2021-08-02 20:45:00-04:00,0.0494,0.0494,0.0494,0.0494,0,4,0.0
2021-08-02 20:46:00-04:00,0.0494,0.0494,0.0494,0.0494,0,8,0.0
2021-08-02 20:47:00-04:00,0.0494,0.0494,0.0494,0.0494,0,4,0.0
2021-08-02 20:48:00-04:00,0.0494,0.0494,0.0494,0.0494,0,4,0.0
2021-08-02 20:49:00-04:00,0.0494,0.0494,0.0494,0.0494,0,4,0.0
2021-08-02 20:50:00-04:00,0.0494,0.0494,0.0494,0.0494,0,8,0.0
2021-08-02 20:51:00-04:00,0.0494,0.0494,0.0494,0.0494,0,4,0.0
2021-08-02 20:52:00-04:00,0.0494,0.0494,0.0494,0.0494,0,4,0.0
2021-08-02 20:53:00-04:00,0.0494,0.0512,0.0494,0.0512,0,6,0.0
2021-08-02 20:54:00-04:00,0.0512,0.0512,0.0512,0.0512,0,4,0.0
2021-08-02 20:55:00-04:00,0.0512,0.0512,0.049,0.049,0,4,0.0
2021-08-02 20:57:00-04:00,0.0501,0.0512,0.0501,0.0512,0,4,0.0
2021-08-02 20:58:00-04:00,0.0512,0.0512,0.0512,0.0512,0,6,0.0
2021-08-02 20:59:00-04:00,0.0501,0.0512,0.049,0.0512,0,4,0.0
2021-08-02 21:00:00-04:00,0.0512,0.0512,0.0512,0.0512,0,4,0.0
2021-08-02 21:01:00-04:00,0.0512,0.0512,0.0512,0.0512,0,4,0.0
2021-08-02 21:02:00-04:00,0.0512,0.0512,0.049,0.049,0,8,0.0
2021-08-02 21:03:00-04:00,0.049,0.049,0.049,0.049,0,4,0.0
2021-08-02 21:05:00-04:00,0.049,0.049,0.049,0.049,0,4,0.0
2021-08-02 21:06:00-04:00,0.049,0.049,0.049,0.049,0,4,0.0
2021-08-02 21:07:00-04:00,0.049,0.049,0.049,0.049,0,4,0.0
2021-08-02 21:10:00-04:00,0.049,0.049,0.049,0.049,0,4,0.0
2021-08-02 21:11:00-04:00,0.049,0.049,0.049,0.049,0,4,0.0
2021-08-02 21:12:00-04:00,0.0488,0.0488,0.0485,0.0485,0,4,0.0
2021-08-02 21:13:00-04:00,0.0485,0.0485,0.0485,0.0485,0,4,0.0
2021-08-02 21:14:00-04:00,0.0485,0.0485,0.0485,0.0485,0,4,0.0
2021-08-02 21:16:00-04:00,0.0485,0.0485,0.0485,0.0485,0,4,0.0
2021-08-02 21:17:00-04:00,0.0485,0.0485,0.0485,0.0485,0,8,0.0
2021-08-02 21:18:00-04:00,0.0485,0.0485,0.0485,0.0485,0,4,0.0
2021-08-02 21:19:00-04:00,0.0485,0.0485,0.0485,0.0485,0,4,0.0
2021-08-02 21:20:00-04:00,0.0485,0.0485,0.0485,0.0485,0,8,0.0
2021-08-02 21:22:00-04:00,0.0485,0.0485,0.0485,0.0485,0,8,0.0
2021-08-02 21:23:00-04:00,0.0485,0.0485,0.0485,0.0485,0,4,0.0
2021-08-02 21:24:00-04:00,0.0485,0.0485,0.0485,0.0485,0,8,0.0
2021-08-02 21:25:00-04:00,0.0485,0.0485,0.0485,0.0485,0,4,0.0
2021-08-02 21:26:00-04:00,0.0485,0.0485,0.0485,0.0485,0,6,0.0
2021-08-02 21:27:00-04:00,0.0499,0.0512,0.0499,0.0512,0,2,0.0
2021-08-02 21:28:00-04:00,0.0512,0.0512,0.0512,0.0512,0,4,0.0
2021-08-02 21:29:00-04:00,0.0512,0.0512,0.0485,0.0512,0,8,0.0
2021-08-02 21:30:00-04:00,0.0512,0.0512,0.0512,0.0512,0,4,0.0
2021-08-02 21:32:00-04:00,0.0499,0.0499,0.0485,0.0485,0,4,0.0
2021-08-02 21:34:00-04:00,0.0485,0.0485,0.0485,0.0485,0,4,0.0
2021-08-02 21:35:00-04:00,0.0485,0.0485,0.0485,0.0485,0,8,0.0
2021-08-02 21:36:00-04:00,0.0485,0.0485,0.0485,0.0485,0,4,0.0
2021-08-02 21:37:00-04:00,0.0485,0.049,0.0485,0.049,0,56,0.0
2021-08-02 21:38:00-04:00,0.0489,0.049,0.0485,0.049,0,84,0.0
2021-08-02 21:39:00-04:00,0.0489,0.049,0.0485,0.0485,0,72,0.0
2021-08-02 21:40:00-04:00,0.0486,0.049,0.0485,0.049,0,50,0.0
2021-08-02 21:41:00-04:00,0.0489,0.0512,0.0485,0.0512,0,28,0.0
2021-08-02 21:42:00-04:00,0.0512,0.0512,0.0512,0.0512,0,2,0.0
2021-08-02 21:43:00-04:00,0.0512,0.0512,0.0512,0.0512,0,2,0.0
2021-08-02 21:50:00-04:00,0.0499,0.0499,0.0485,0.0485,0,2,0.0
2021-08-02 21:51:00-04:00,0.0485,0.0485,0.0485,0.0485,0,4,0.0
2021-08-02 21:52:00-04:00,0.0485,0.0485,0.0485,0.0485,0,2,0.0
2021-08-02 21:53:00-04:00,0.0485,0.0485,0.0485,0.0485,0,4,0.0
2021-08-02 21:54:00-04:00,0.0485,0.0512,0.0485,0.0512,0,4,0.0
2021-08-02 21:56:00-04:00,0.0512,0.0512,0.0512,0.0512,0,6,0.0
2021-08-02 21:57:00-04:00,0.0512,0.0512,0.0512,0.0512,0,2,0.0
2021-08-02 21:58:00-04:00,0.0512,0.0512,0.0512,0.0512,0,4,0.0
2021-08-02 21:59:00-04:00,0.0512,0.0512,0.0485,0.0485,0,4,0.0
2021-08-02 22:00:00-04:00,0.0485,0.0485,0.0485,0.0485,0,4,0.0
2021-08-02 22:01:00-04:00,0.0499,0.0512,0.0485,0.0485,0,4,0.0
2021-08-02 22:02:00-04:00,0.0484,0.0484,0.048,0.048,0,8,0.0
2021-08-02 22:03:00-04:00,0.048,0.048,0.048,0.048,0,4,0.0
2021-08-02 22:04:00-04:00,0.048,0.048,0.048,0.048,0,4,0.0
2021-08-02 22:05:00-04:00,0.048,0.048,0.048,0.048,0,4,0.0
2021-08-02 22:06:00-04:00,0.048,0.0512,0.048,0.0512,0,4,0.0
2021-08-02 22:09:00-04:00,0.0496,0.0496,0.048,0.048,0,4,0.0
2021-08-02 22:10:00-04:00,0.048,0.048,0.048,0.048,0,2,0.0
2021-08-02 22:11:00-04:00,0.048,0.048,0.048,0.048,0,2,0.0
2021-08-02 22:12:00-04:00,0.048,0.048,0.048,0.048,0,4,0.0
2021-08-02 22:13:00-04:00,0.048,0.048,0.048,0.048,0,4,0.0
2021-08-02 22:14:00-04:00,0.048,0.048,0.048,0.048,0,4,0.0
2021-08-02 22:15:00-04:00,0.0481,0.0485,0.048,0.0485,0,28,0.0
2021-08-02 22:16:00-04:00,0.0484,0.0485,0.048,0.048,0,44,0.0
2021-08-02 22:17:00-04:00,0.0481,0.0485,0.048,0.048,0,40,0.0
2021-08-02 22:18:00-04:00,0.048,0.0485,0.048,0.0483,0,18,0.0
2021-08-02 22:19:00-04:00,0.0497,0.0512,0.048,0.0485,0,18,0.0
2021-08-02 22:20:00-04:00,0.0485,0.0512,0.0485,0.0512,0,4,0.0
2021-08-02 22:21:00-04:00,0.0512,0.0512,0.0512,0.0512,0,4,0.0
2021-08-02 22:22:00-04:00,0.0512,0.0512,0.0512,0.0512,0,4,0.0
2021-08-02 22:23:00-04:00,0.0512,0.0512,0.0512,0.0512,0,4,0.0
2021-08-02 22:24:00-04:00,0.0512,0.0512,0.048,0.048,0,8,0.0
2021-08-02 22:25:00-04:00,0.0483,0.0512,0.0483,0.0512,0,4,0.0
2021-08-02 22:26:00-04:00,0.0512,0.0512,0.0512,0.0512,0,4,0.0
2021-08-02 22:27:00-04:00,0.0512,0.0512,0.0485,0.0485,0,4,0.0
2021-08-02 22:28:00-04:00,0.0485,0.0485,0.048,0.048,0,8,0.0
2021-08-02 22:29:00-04:00,0.0481,0.0512,0.048,0.0512,0,12,0.0
2021-08-02 22:30:00-04:00,0.0512,0.0512,0.048,0.048,0,4,0.0
2021-08-02 22:31:00-04:00,0.048,0.0512,0.048,0.0512,0,4,0.0
2021-08-02 22:33:00-04:00,0.0512,0.0512,0.0512,0.0512,0,4,0.0
2021-08-02 22:34:00-04:00,0.0512,0.0512,0.0512,0.0512,0,6,0.0
2021-08-02 22:35:00-04:00,0.0512,0.0512,0.0512,0.0512,0,2,0.0
2021-08-02 22:36:00-04:00,0.0512,0.0512,0.048,0.048,0,8,0.0
2021-08-02 22:38:00-04:00,0.048,0.048,0.048,0.048,0,2,0.0
2021-08-02 22:39:00-04:00,0.048,0.048,0.048,0.048,0,2,0.0
2021-08-02 22:40:00-04:00,0.0496,0.0512,0.0496,0.0512,0,2,0.0
2021-08-02 22:41:00-04:00,0.0512,0.0512,0.048,0.049,0,12,0.0
2021-08-02 22:42:00-04:00,0.049,0.049,0.049,0.049,0,12,0.0
2021-08-02 22:43:00-04:00,0.049,0.049,0.049,0.049,0,4,0.0
2021-08-02 22:44:00-04:00,0.049,0.049,0.049,0.049,0,8,0.0
2021-08-02 22:45:00-04:00,0.049,0.049,0.049,0.049,0,8,0.0
2021-08-02 22:47:00-04:00,0.049,0.049,0.049,0.049,0,4,0.0
2021-08-02 22:48:00-04:00,0.049,0.049,0.049,0.049,0,4,0.0
2021-08-02 22:49:00-04:00,0.049,0.049,0.048,0.0485,0,24,0.0
2021-08-02 22:50:00-04:00,0.0485,0.0485,0.0485,0.0485,0,4,0.0
2021-08-02 22:51:00-04:00,0.0485,0.0485,0.0485,0.0485,0,8,0.0
2021-08-02 22:52:00-04:00,0.0484,0.0512,0.048,0.0512,0,6,0.0
2021-08-02 22:53:00-04:00,0.0512,0.0512,0.048,0.0485,0,12,0.0
2021-08-02 22:54:00-04:00,0.0488,0.049,0.0488,0.049,0,4,0.0
2021-08-02 22:55:00-04:00,0.049,0.049,0.049,0.049,0,8,0.0
2021-08-02 22:57:00-04:00,0.049,0.049,0.049,0.049,0,8,0.0
2021-08-02 22:58:00-04:00,0.049,0.049,0.049,0.049,0,4,0.0
2021-08-02 22:59:00-04:00,0.049,0.049,0.049,0.049,0,4,0.0
2021-08-02 23:00:00-04:00,0.049,0.049,0.0485,0.0485,0,8,0.0
2021-08-02 23:01:00-04:00,0.0485,0.0485,0.0485,0.0485,0,4,0.0
2021-08-02 23:02:00-04:00,0.0485,0.0485,0.048,0.0485,0,20,0.0
2021-08-02 23:03:00-04:00,0.0483,0.0483,0.048,0.048,0,4,0.0
2021-08-02 23:04:00-04:00,0.048,0.048,0.048,0.048,0,4,0.0
2021-08-02 23:05:00-04:00,0.048,0.048,0.048,0.048,0,8,0.0
2021-08-02 23:06:00-04:00,0.048,0.0485,0.048,0.048,0,8,0.0
2021-08-02 23:07:00-04:00,0.048,0.0485,0.048,0.0485,0,8,0.0
2021-08-02 23:08:00-04:00,0.0483,0.0485,0.048,0.0485,0,8,0.0
2021-08-02 23:10:00-04:00,0.0499,0.0512,0.0499,0.0512,0,4,0.0
2021-08-02 23:11:00-04:00,0.0512,0.0512,0.048,0.048,0,16,0.0
2021-08-02 23:12:00-04:00,0.048,0.048,0.048,0.048,0,8,0.0
2021-08-02 23:13:00-04:00,0.048,0.0512,0.048,0.048,0,10,0.0
2021-08-02 23:14:00-04:00,0.048,0.0512,0.048,0.0512,0,4,0.0
2021-08-02 23:15:00-04:00,0.0512,0.0512,0.048,0.048,0,8,0.0
2021-08-02 23:16:00-04:00,0.048,0.048,0.048,0.048,0,4,0.0
2021-08-02 23:17:00-04:00,0.048,0.0512,0.048,0.0512,0,4,0.0
2021-08-02 23:18:00-04:00,0.0512,0.0512,0.0475,0.0485,0,34,0.0
2021-08-02 23:19:00-04:00,0.0484,0.0484,0.048,0.048,0,4,0.0
2021-08-02 23:20:00-04:00,0.0482,0.0512,0.0482,0.0512,0,4,0.0
2021-08-02 23:21:00-04:00,0.0512,0.0512,0.0512,0.0512,0,4,0.0
2021-08-02 23:22:00-04:00,0.0512,0.0512,0.0485,0.0485,0,8,0.0
2021-08-02 23:23:00-04:00,0.0485,0.0485,0.0485,0.0485,0,4,0.0
2021-08-02 23:24:00-04:00,0.0485,0.0485,0.0485,0.0485,0,4,0.0
2021-08-02 23:25:00-04:00,0.0485,0.0485,0.0485,0.0485,0,6,0.0
2021-08-02 23:26:00-04:00,0.0482,0.0485,0.048,0.0485,0,6,0.0
2021-08-02 23:27:00-04:00,0.0485,0.0512,0.0485,0.0512,0,4,0.0
2021-08-02 23:28:00-04:00,0.0498,0.0498,0.0485,0.0485,0,4,0.0
2021-08-02 23:30:00-04:00,0.0485,0.0485,0.0485,0.0485,0,4,0.0
2021-08-02 23:31:00-04:00,0.0485,0.0485,0.0485,0.0485,0,6,0.0
2021-08-02 23:32:00-04:00,0.0498,0.0512,0.048,0.048,0,36,0.0
2021-08-02 23:33:00-04:00,0.0481,0.0512,0.048,0.048,0,26,0.0
2021-08-02 23:34:00-04:00,0.0482,0.0512,0.0482,0.0512,0,4,0.0
2021-08-02 23:35:00-04:00,0.0512,0.0512,0.0512,0.0512,0,4,0.0
2021-08-02 23:36:00-04:00,0.0512,0.0512,0.0485,0.0485,0,8,0.0
2021-08-02 23:37:00-04:00,0.0485,0.0485,0.0485,0.0485,0,4,0.0
2021-08-02 23:38:00-04:00,0.0485,0.0485,0.0485,0.0485,0,4,0.0
2021-08-02 23:39:00-04:00,0.0485,0.0485,0.048,0.0485,0,68,0.0
2021-08-02 23:40:00-04:00,0.0484,0.0485,0.048,0.0485,0,48,0.0
2021-08-02 23:41:00-04:00,0.0484,0.0485,0.048,0.0483,0,10,0.0
2021-08-02 23:42:00-04:00,0.0484,0.0485,0.048,0.0482,0,12,0.0
2021-08-02 23:43:00-04:00,0.0497,0.0512,0.048,0.0482,0,24,0.0
2021-08-02 23:44:00-04:00,0.0481,0.0481,0.0475,0.0477,0,14,0.0
2021-08-02 23:45:00-04:00,0.0476,0.0477,0.0475,0.0477,0,4,0.0
2021-08-02 23:46:00-04:00,0.0476,0.048,0.0475,0.0477,0,12,0.0
2021-08-02 23:49:00-04:00,0.0495,0.0512,0.0495,0.0512,0,2,0.0
2021-08-02 23:50:00-04:00,0.0512,0.0512,0.0512,0.0512,0,4,0.0
2021-08-02 23:51:00-04:00,0.0512,0.0512,0.0512,0.0512,0,2,0.0
2021-08-02 23:52:00-04:00,0.0512,0.0512,0.0512,0.0512,0,4,0.0
2021-08-02 23:53:00-04:00,0.0512,0.0512,0.0512,0.0512,0,4,0.0
2021-08-02 23:56:00-04:00,0.0512,0.0512,0.0512,0.0512,0,2,0.0
2021-08-02 23:57:00-04:00,0.0512,0.0512,0.0512,0.0512,0,4,0.0
2021-08-02 23:58:00-04:00,0.0496,0.0496,0.048,0.0482,0,32,0.0
2021-08-02 23:59:00-04:00,0.0481,0.0485,0.048,0.0483,0,16,0.0
2021-08-03 00:00:00-04:00,0.0497,0.0512,0.0497,0.0512,0,2,0.0
2021-08-03 00:02:00-04:00,0.0512,0.0512,0.0475,0.0478,0,6,0.0
2021-08-03 00:03:00-04:00,0.0495,0.0512,0.0475,0.0475,0,6,0.0
2021-08-03 00:04:00-04:00,0.0476,0.048,0.0475,0.0477,0,22,0.0
2021-08-03 00:07:00-04:00,0.0479,0.048,0.0479,0.048,0,6,0.0
2021-08-03 00:10:00-04:00,0.0496,0.0512,0.048,0.048,0,4,0.0
2021-08-03 00:11:00-04:00,0.048,0.048,0.048,0.048,0,4,0.0
2021-08-03 00:12:00-04:00,0.048,0.048,0.048,0.048,0,4,0.0
2021-08-03 00:13:00-04:00,0.0477,0.0477,0.0475,0.0475,0,6,0.0
2021-08-03 00:14:00-04:00,0.0475,0.0475,0.0475,0.0475,0,4,0.0
2021-08-03 00:15:00-04:00,0.0475,0.0475,0.0475,0.0475,0,4,0.0
2021-08-03 00:16:00-04:00,0.0475,0.0475,0.0475,0.0475,0,4,0.0
2021-08-03 00:17:00-04:00,0.0474,0.0475,0.0472,0.0475,0,4,0.0
2021-08-03 00:18:00-04:00,0.0475,0.0475,0.0475,0.0475,0,4,0.0
2021-08-03 00:19:00-04:00,0.0475,0.0475,0.0475,0.0475,0,6,0.0
2021-08-03 00:20:00-04:00,0.0494,0.0512,0.0473,0.0475,0,8,0.0
2021-08-03 00:21:00-04:00,0.0475,0.0512,0.0475,0.0512,0,4,0.0
2021-08-03 00:22:00-04:00,0.0512,0.0512,0.0472,0.0472,0,10,0.0
2021-08-03 00:23:00-04:00,0.0492,0.0512,0.047,0.0475,0,8,0.0
2021-08-03 00:24:00-04:00,0.0474,0.0475,0.047,0.0475,0,16,0.0
2021-08-03 00:25:00-04:00,0.0475,0.0475,0.0475,0.0475,0,4,0.0
2021-08-03 00:26:00-04:00,0.0475,0.0475,0.0475,0.0475,0,2,0.0
2021-08-03 00:27:00-04:00,0.0474,0.0475,0.047,0.0475,0,8,0.0
2021-08-03 00:28:00-04:00,0.0475,0.0512,0.0475,0.0512,0,4,0.0
2021-08-03 00:29:00-04:00,0.0491,0.0512,0.047,0.047,0,8,0.0
2021-08-03 00:30:00-04:00,0.047,0.047,0.047,0.047,0,4,0.0
2021-08-03 00:31:00-04:00,0.047,0.047,0.047,0.047,0,4,0.0
2021-08-03 00:33:00-04:00,0.0471,0.0475,0.047,0.047,0,24,0.0
2021-08-03 00:36:00-04:00,0.047,0.0475,0.047,0.047,0,28,0.0
2021-08-03 00:37:00-04:00,0.047,0.047,0.047,0.047,0,6,0.0
2021-08-03 00:38:00-04:00,0.047,0.047,0.047,0.047,0,8,0.0
2021-08-03 00:40:00-04:00,0.047,0.0475,0.047,0.047,0,26,0.0
2021-08-03 00:42:00-04:00,0.047,0.0475,0.047,0.0475,0,44,0.0
2021-08-03 00:43:00-04:00,0.0474,0.0475,0.047,0.047,0,22,0.0
2021-08-03 00:44:00-04:00,0.047,0.047,0.047,0.047,0,4,0.0
2021-08-03 00:45:00-04:00,0.047,0.0475,0.047,0.0475,0,26,0.0
2021-08-03 00:46:00-04:00,0.0474,0.0475,0.047,0.047,0,28,0.0
2021-08-03 00:47:00-04:00,0.0471,0.0472,0.0471,0.0472,0,2,0.0
2021-08-03 00:48:00-04:00,0.0471,0.0471,0.047,0.047,0,4,0.0
2021-08-03 00:49:00-04:00,0.047,0.047,0.047,0.047,0,4,0.0
2021-08-03 00:50:00-04:00,0.0491,0.0512,0.0491,0.0512,0,4,0.0
2021-08-03 00:51:00-04:00,0.0512,0.0512,0.0512,0.0512,0,2,0.0
2021-08-03 00:53:00-04:00,0.0491,0.0491,0.047,0.0475,0,6,0.0
2021-08-03 00:54:00-04:00,0.0475,0.0512,0.047,0.047,0,8,0.0
2021-08-03 00:55:00-04:00,0.0473,0.0475,0.0473,0.0475,0,2,0.0
2021-08-03 00:56:00-04:00,0.0475,0.0475,0.0475,0.0475,0,4,0.0
2021-08-03 00:57:00-04:00,0.0475,0.0475,0.0475,0.0475,0,14,0.0
2021-08-03 00:58:00-04:00,0.0475,0.0475,0.047,0.0475,0,16,0.0
2021-08-03 00:59:00-04:00,0.0475,0.0475,0.047,0.0475,0,12,0.0
2021-08-03 01:00:00-04:00,0.0475,0.0475,0.0475,0.0475,0,4,0.0
2021-08-03 01:01:00-04:00,0.0475,0.0475,0.047,0.047,0,16,0.0
2021-08-03 01:02:00-04:00,0.0472,0.0475,0.0472,0.0475,0,4,0.0
2021-08-03 01:03:00-04:00,0.0475,0.0475,0.0475,0.0475,0,4,0.0
2021-08-03 01:05:00-04:00,0.0475,0.0475,0.0475,0.0475,0,2,0.0
2021-08-03 01:06:00-04:00,0.0475,0.0475,0.0475,0.0475,0,8,0.0
2021-08-03 01:07:00-04:00,0.0475,0.0475,0.0475,0.0475,0,4,0.0
2021-08-03 01:08:00-04:00,0.0475,0.0475,0.0475,0.0475,0,8,0.0
2021-08-03 01:09:00-04:00,0.0475,0.0475,0.0475,0.0475,0,12,0.0
2021-08-03 01:10:00-04:00,0.0475,0.0475,0.047,0.0475,0,26,0.0
2021-08-03 01:11:00-04:00,0.0474,0.0475,0.047,0.0475,0,36,0.0
2021-08-03 01:12:00-04:00,0.0475,0.048,0.047,0.0475,0,20,0.0
2021-08-03 01:13:00-04:00,0.0474,0.048,0.047,0.048,0,16,0.0
2021-08-03 01:14:00-04:00,0.0476,0.0476,0.047,0.0473,0,12,0.0
2021-08-03 01:15:00-04:00,0.0473,0.0475,0.0472,0.0475,0,10,0.0
2021-08-03 01:16:00-04:00,0.0474,0.0475,0.047,0.0475,0,16,0.0
2021-08-03 01:17:00-04:00,0.0475,0.0475,0.0475,0.0475,0,8,0.0
2021-08-03 01:18:00-04:00,0.0475,0.0475,0.0475,0.0475,0,4,0.0
2021-08-03 01:19:00-04:00,0.0475,0.0475,0.0475,0.0475,0,4,0.0
2021-08-03 01:21:00-04:00,0.0475,0.0475,0.047,0.0475,0,18,0.0
2021-08-03 01:22:00-04:00,0.0474,0.0512,0.047,0.0475,0,16,0.0
2021-08-03 01:23:00-04:00,0.0475,0.0512,0.0475,0.0475,0,8,0.0
2021-08-03 01:24:00-04:00,0.0475,0.0475,0.0475,0.0475,0,8,0.0
2021-08-03 01:25:00-04:00,0.0475,0.0475,0.0475,0.0475,0,4,0.0
2021-08-03 01:26:00-04:00,0.0475,0.0475,0.0475,0.0475,0,4,0.0
2021-08-03 01:28:00-04:00,0.0475,0.0475,0.0475,0.0475,0,4,0.0
2021-08-03 01:29:00-04:00,0.0475,0.0475,0.0475,0.0475,0,6,0.0
2021-08-03 01:30:00-04:00,0.0494,0.0512,0.0475,0.0475,0,6,0.0
2021-08-03 01:31:00-04:00,0.0475,0.0475,0.0475,0.0475,0,4,0.0
2021-08-03 01:32:00-04:00,0.0475,0.0475,0.0475,0.0475,0,8,0.0
2021-08-03 01:33:00-04:00,0.0475,0.0475,0.0475,0.0475,0,4,0.0
2021-08-03 01:34:00-04:00,0.0475,0.0475,0.0475,0.0475,0,8,0.0
2021-08-03 01:35:00-04:00,0.0475,0.0475,0.0475,0.0475,0,2,0.0
2021-08-03 01:36:00-04:00,0.0475,0.0475,0.0475,0.0475,0,4,0.0
2021-08-03 01:37:00-04:00,0.0475,0.0475,0.0475,0.0475,0,4,0.0
2021-08-03 01:38:00-04:00,0.0478,0.048,0.0478,0.048,0,4,0.0
2021-08-03 01:40:00-04:00,0.048,0.048,0.048,0.048,0,4,0.0
2021-08-03 01:41:00-04:00,0.048,0.048,0.048,0.048,0,8,0.0
2021-08-03 01:42:00-04:00,0.048,0.048,0.0475,0.0475,0,8,0.0
2021-08-03 01:44:00-04:00,0.0475,0.0475,0.0475,0.0475,0,8,0.0
2021-08-03 01:45:00-04:00,0.0475,0.0475,0.0475,0.0475,0,4,0.0
2021-08-03 01:46:00-04:00,0.0475,0.0475,0.0475,0.0475,0,6,0.0
2021-08-03 01:47:00-04:00,0.0494,0.0512,0.0494,0.0512,0,2,0.0
2021-08-03 01:48:00-04:00,0.0512,0.0512,0.0512,0.0512,0,4,0.0
2021-08-03 01:49:00-04:00,0.0512,0.0512,0.0512,0.0512,0,4,0.0
2021-08-03 01:50:00-04:00,0.0512,0.0512,0.0475,0.0475,0,4,0.0
2021-08-03 01:52:00-04:00,0.0475,0.0475,0.0475,0.0475,0,6,0.0
2021-08-03 01:53:00-04:00,0.0475,0.0475,0.0475,0.0475,0,2,0.0
2021-08-03 01:54:00-04:00,0.0475,0.0475,0.0475,0.0475,0,4,0.0
2021-08-03 01:55:00-04:00,0.0475,0.0475,0.0475,0.0475,0,4,0.0
2021-08-03 01:56:00-04:00,0.0475,0.0475,0.0475,0.0475,0,6,0.0
2021-08-03 01:57:00-04:00,0.0493,0.0512,0.0493,0.0512,0,2,0.0
2021-08-03 01:58:00-04:00,0.0512,0.0512,0.0512,0.0512,0,4,0.0
2021-08-03 01:59:00-04:00,0.0512,0.0512,0.0512,0.0512,0,4,0.0
2021-08-03 02:00:00-04:00,0.0512,0.0512,0.0512,0.0512,0,4,0.0
2021-08-03 02:01:00-04:00,0.0512,0.0512,0.0512,0.0512,0,4,0.0
2021-08-03 02:04:00-04:00,0.0512,0.0512,0.047,0.047,0,8,0.0
2021-08-03 02:06:00-04:00,0.0473,0.0475,0.0473,0.0475,0,4,0.0
2021-08-03 02:07:00-04:00,0.0475,0.0475,0.0475,0.0475,0,8,0.0
2021-08-03 02:08:00-04:00,0.0475,0.0475,0.0475,0.0475,0,8,0.0
2021-08-03 02:09:00-04:00,0.0475,0.0475,0.0475,0.0475,0,4,0.0
2021-08-03 02:10:00-04:00,0.0475,0.0475,0.0475,0.0475,0,8,0.0
2021-08-03 02:11:00-04:00,0.0475,0.0475,0.0475,0.0475,0,4,0.0
2021-08-03 02:12:00-04:00,0.0475,0.0493,0.0475,0.0475,0,16,0.0
2021-08-03 02:13:00-04:00,0.0475,0.0475,0.0475,0.0475,0,4,0.0
2021-08-03 02:14:00-04:00,0.0475,0.0475,0.0475,0.0475,0,8,0.0
2021-08-03 02:15:00-04:00,0.0475,0.0475,0.0475,0.0475,0,4,0.0
2021-08-03 02:16:00-04:00,0.0475,0.0475,0.0475,0.0475,0,4,0.0
2021-08-03 02:17:00-04:00,0.0475,0.0475,0.0475,0.0475,0,4,0.0
2021-08-03 02:18:00-04:00,0.0475,0.0477,0.0475,0.0475,0,8,0.0
2021-08-03 02:19:00-04:00,0.0475,0.048,0.0475,0.0475,0,12,0.0
2021-08-03 02:20:00-04:00,0.0475,0.0475,0.0475,0.0475,0,4,0.0
2021-08-03 02:21:00-04:00,0.0475,0.0475,0.0475,0.0475,0,2,0.0
2021-08-03 02:22:00-04:00,0.0475,0.0475,0.0475,0.0475,0,4,0.0
2021-08-03 02:23:00-04:00,0.0475,0.0485,0.0475,0.0485,0,6,0.0
2021-08-03 02:24:00-04:00,0.0485,0.0485,0.0475,0.0475,0,12,0.0
2021-08-03 02:25:00-04:00,0.0475,0.0512,0.0475,0.0512,0,4,0.0
2021-08-03 02:26:00-04:00,0.0512,0.0512,0.0475,0.0475,0,4,0.0
2021-08-03 02:27:00-04:00,0.0475,0.0485,0.0475,0.0485,0,8,0.0
2021-08-03 02:28:00-04:00,0.0485,0.0512,0.0485,0.0512,0,4,0.0
2021-08-03 02:30:00-04:00,0.0498,0.0512,0.0485,0.0512,0,4,0.0
2021-08-03 02:32:00-04:00,0.0493,0.0493,0.0475,0.0485,0,14,0.0
2021-08-03 02:34:00-04:00,0.0485,0.0485,0.048,0.048,0,4,0.0
2021-08-03 02:35:00-04:00,0.0483,0.0485,0.0483,0.0485,0,4,0.0
2021-08-03 02:36:00-04:00,0.0485,0.0485,0.048,0.048,0,8,0.0
2021-08-03 02:38:00-04:00,0.0484,0.0488,0.0484,0.0488,0,4,0.0
2021-08-03 02:39:00-04:00,0.0488,0.0488,0.0488,0.0488,0,4,0.0
2021-08-03 02:40:00-04:00,0.0488,0.0488,0.0475,0.0485,0,12,0.0
2021-08-03 02:41:00-04:00,0.0484,0.0484,0.048,0.048,0,8,0.0
2021-08-03 02:43:00-04:00,0.0484,0.0488,0.0484,0.0488,0,8,0.0
2021-08-03 02:45:00-04:00,0.0484,0.0484,0.048,0.048,0,4,0.0
2021-08-03 02:46:00-04:00,0.0483,0.0485,0.048,0.0485,0,12,0.0
2021-08-03 02:47:00-04:00,0.0485,0.0485,0.0485,0.0485,0,4,0.0
2021-08-03 02:51:00-04:00,0.0485,0.0485,0.0485,0.0485,0,8,0.0
2021-08-03 02:52:00-04:00,0.0485,0.0485,0.0485,0.0485,0,4,0.0
2021-08-03 02:55:00-04:00,0.0485,0.0485,0.0485,0.0485,0,4,0.0
2021-08-03 02:56:00-04:00,0.0485,0.0485,0.0485,0.0485,0,6,0.0
2021-08-03 02:57:00-04:00,0.0498,0.0512,0.0498,0.0512,0,2,0.0
2021-08-03 02:58:00-04:00,0.0512,0.0512,0.0512,0.0512,0,4,0.0
2021-08-03 02:59:00-04:00,0.0496,0.0496,0.048,0.048,0,2,0.0
2021-08-03 03:00:00-04:00,0.048,0.048,0.048,0.048,0,4,0.0
2021-08-03 03:02:00-04:00,0.0482,0.0485,0.048,0.0485,0,12,0.0
2021-08-03 03:04:00-04:00,0.0489,0.0494,0.0489,0.0492,0,4,0.0
2021-08-03 03:05:00-04:00,0.0493,0.0493,0.049,0.049,0,12,0.0
2021-08-03 03:06:00-04:00,0.0489,0.049,0.0489,0.049,0,8,0.0
2021-08-03 03:07:00-04:00,0.049,0.049,0.0489,0.049,0,16,0.0
2021-08-03 03:08:00-04:00,0.049,0.049,0.049,0.049,0,4,0.0
2021-08-03 03:09:00-04:00,0.049,0.049,0.049,0.049,0,8,0.0
2021-08-03 03:10:00-04:00,0.049,0.049,0.049,0.049,0,4,0.0
2021-08-03 03:11:00-04:00,0.049,0.049,0.0488,0.0488,0,12,0.0
2021-08-03 03:12:00-04:00,0.0489,0.049,0.0489,0.049,0,4,0.0
2021-08-03 03:15:00-04:00,0.049,0.049,0.049,0.049,0,4,0.0
2021-08-03 03:16:00-04:00,0.049,0.049,0.049,0.049,0,6,0.0
2021-08-03 03:17:00-04:00,0.049,0.049,0.049,0.049,0,4,0.0
2021-08-03 03:18:00-04:00,0.049,0.049,0.049,0.049,0,8,0.0
2021-08-03 03:20:00-04:00,0.049,0.049,0.049,0.049,0,2,0.0
2021-08-03 03:22:00-04:00,0.049,0.049,0.049,0.049,0,2,0.0
2021-08-03 03:24:00-04:00,0.0503,0.0516,0.049,0.049,0,4,0.0
2021-08-03 03:31:00-04:00,0.0503,0.0516,0.0503,0.0516,0,4,0.0
2021-08-03 03:32:00-04:00,0.0516,0.0516,0.049,0.0516,0,8,0.0
2021-08-03 03:34:00-04:00,0.0502,0.0502,0.0489,0.0489,0,4,0.0
2021-08-03 03:35:00-04:00,0.0488,0.0488,0.0488,0.0488,0,4,0.0
2021-08-03 03:36:00-04:00,0.0488,0.0488,0.0488,0.0488,0,4,0.0
2021-08-03 03:37:00-04:00,0.0488,0.0489,0.0488,0.0488,0,12,0.0
2021-08-03 03:39:00-04:00,0.0484,0.0488,0.048,0.0488,0,4,0.0
2021-08-03 03:40:00-04:00,0.0488,0.0488,0.0488,0.0488,0,4,0.0
2021-08-03 03:41:00-04:00,0.0489,0.049,0.0489,0.049,0,4,0.0
2021-08-03 03:42:00-04:00,0.049,0.049,0.048,0.0488,0,12,0.0
2021-08-03 03:44:00-04:00,0.0489,0.049,0.0489,0.049,0,8,0.0
2021-08-03 03:47:00-04:00,0.049,0.049,0.049,0.049,0,4,0.0
2021-08-03 03:51:00-04:00,0.049,0.049,0.049,0.049,0,4,0.0
2021-08-03 03:52:00-04:00,0.0487,0.049,0.0485,0.049,0,4,0.0
2021-08-03 03:53:00-04:00,0.049,0.0494,0.049,0.0494,0,8,0.0
2021-08-03 03:55:00-04:00,0.0492,0.0492,0.049,0.049,0,4,0.0
2021-08-03 03:56:00-04:00,0.049,0.049,0.049,0.049,0,8,0.0
2021-08-03 03:57:00-04:00,0.049,0.0495,0.0485,0.049,0,16,0.0
2021-08-03 03:58:00-04:00,0.049,0.049,0.049,0.049,0,4,0.0
2021-08-03 03:59:00-04:00,0.049,0.049,0.049,0.049,0,8,0.0
2021-08-03 04:00:00-04:00,0.0492,0.0495,0.0492,0.0495,0,20,0.0
2021-08-03 04:01:00-04:00,0.0495,0.0495,0.0495,0.0495,0,4,0.0
2021-08-03 04:02:00-04:00,0.0497,0.0503,0.0497,0.05,0,10,0.0
2021-08-03 04:07:00-04:00,0.0498,0.0498,0.0495,0.0495,0,4,0.0
2021-08-03 04:08:00-04:00,0.0495,0.0495,0.0495,0.0495,0,4,0.0
2021-08-03 04:09:00-04:00,0.0495,0.0495,0.0495,0.0495,0,8,0.0
2021-08-03 04:10:00-04:00,0.049,0.05,0.0485,0.05,0,12,0.0
2021-08-03 04:13:00-04:00,0.0498,0.0498,0.049,0.0495,0,12,0.0
2021-08-03 04:15:00-04:00,0.0495,0.0495,0.0495,0.0495,0,8,0.0
2021-08-03 04:17:00-04:00,0.0495,0.0495,0.0495,0.0495,0,4,0.0
2021-08-03 04:18:00-04:00,0.0495,0.0495,0.0495,0.0495,0,8,0.0
2021-08-03 04:20:00-04:00,0.0495,0.0495,0.0495,0.0495,0,8,0.0
2021-08-03 04:21:00-04:00,0.0495,0.0495,0.0489,0.0489,0,8,0.0
2021-08-03 04:22:00-04:00,0.0489,0.0495,0.0489,0.0495,0,4,0.0
2021-08-03 04:24:00-04:00,0.0495,0.0495,0.0495,0.0495,0,4,0.0
2021-08-03 04:25:00-04:00,0.0495,0.0495,0.0495,0.0495,0,4,0.0
2021-08-03 04:26:00-04:00,0.0495,0.0495,0.0495,0.0495,0,4,0.0
2021-08-03 04:27:00-04:00,0.0495,0.0495,0.0495,0.0495,0,16,0.0
2021-08-03 04:28:00-04:00,0.0495,0.0495,0.0495,0.0495,0,4,0.0
2021-08-03 04:29:00-04:00,0.0495,0.0495,0.0495,0.0495,0,10,0.0
2021-08-03 04:31:00-04:00,0.0495,0.0495,0.0489,0.0489,0,4,0.0
2021-08-03 04:32:00-04:00,0.0489,0.0495,0.0489,0.0495,0,8,0.0
2021-08-03 04:33:00-04:00,0.0495,0.0495,0.0495,0.0495,0,4,0.0
2021-08-03 04:34:00-04:00,0.0495,0.0495,0.0495,0.0495,0,4,0.0
2021-08-03 04:36:00-04:00,0.0495,0.0495,0.0495,0.0495,0,8,0.0
2021-08-03 04:37:00-04:00,0.0495,0.0495,0.0495,0.0495,0,4,0.0
2021-08-03 04:38:00-04:00,0.0495,0.0495,0.0485,0.0495,0,8,0.0
2021-08-03 04:39:00-04:00,0.049,0.049,0.0485,0.0485,0,4,0.0
2021-08-03 04:40:00-04:00,0.0483,0.0495,0.048,0.0495,0,4,0.0
2021-08-03 04:41:00-04:00,0.0495,0.0495,0.0495,0.0495,0,4,0.0
2021-08-03 04:42:00-04:00,0.0495,0.0495,0.048,0.048,0,12,0.0
2021-08-03 04:44:00-04:00,0.048,0.048,0.048,0.048,0,12,0.0
2021-08-03 04:46:00-04:00,0.0488,0.0495,0.0488,0.0495,0,4,0.0
2021-08-03 04:47:00-04:00,0.0495,0.0495,0.0495,0.0495,0,4,0.0
2021-08-03 04:49:00-04:00,0.0495,0.0495,0.0495,0.0495,0,4,0.0
2021-08-03 04:51:00-04:00,0.0495,0.0495,0.0495,0.0495,0,4,0.0
2021-08-03 04:53:00-04:00,0.0495,0.0495,0.0495,0.0495,0,4,0.0
2021-08-03 04:56:00-04:00,0.0495,0.0495,0.0495,0.0495,0,2,0.0
2021-08-03 04:58:00-04:00,0.0495,0.0495,0.0495,0.0495,0,4,0.0
2021-08-03 05:00:00-04:00,0.0497,0.05,0.0497,0.05,0,4,0.0
2021-08-03 05:01:00-04:00,0.05,0.05,0.05,0.05,0,4,0.0
2021-08-03 05:02:00-04:00,0.0498,0.05,0.0495,0.05,0,4,0.0
2021-08-03 05:03:00-04:00,0.05,0.05,0.0495,0.0495,0,4,0.0
2021-08-03 05:04:00-04:00,0.0495,0.0495,0.0495,0.0495,0,12,0.0
2021-08-03 05:06:00-04:00,0.0495,0.0495,0.0495,0.0495,0,8,0.0
2021-08-03 05:08:00-04:00,0.0495,0.0495,0.0495,0.0495,0,4,0.0
2021-08-03 05:09:00-04:00,0.0495,0.0495,0.0495,0.0495,0,4,0.0
2021-08-03 05:10:00-04:00,0.0495,0.05,0.049,0.0495,0,24,0.0
2021-08-03 05:12:00-04:00,0.0495,0.0495,0.0495,0.0495,0,8,0.0
2021-08-03 05:14:00-04:00,0.0495,0.0495,0.0495,0.0495,0,4,0.0
2021-08-03 05:16:00-04:00,0.0495,0.05,0.0495,0.05,0,8,0.0
2021-08-03 05:18:00-04:00,0.05,0.05,0.0485,0.0495,0,16,0.0
2021-08-03 05:19:00-04:00,0.0495,0.0495,0.0495,0.0495,0,4,0.0
2021-08-03 05:20:00-04:00,0.0495,0.0495,0.0485,0.0485,0,10,0.0
2021-08-03 05:21:00-04:00,0.0485,0.0485,0.0485,0.0485,0,4,0.0
2021-08-03 05:22:00-04:00,0.0487,0.0489,0.0487,0.0489,0,4,0.0
2021-08-03 05:24:00-04:00,0.0489,0.049,0.0489,0.049,0,8,0.0
2021-08-03 05:26:00-04:00,0.049,0.049,0.049,0.049,0,16,0.0
2021-08-03 05:27:00-04:00,0.049,0.049,0.0489,0.0489,0,4,0.0
2021-08-03 05:30:00-04:00,0.0489,0.049,0.0489,0.049,0,4,0.0
2021-08-03 05:31:00-04:00,0.049,0.049,0.049,0.049,0,4,0.0
2021-08-03 05:32:00-04:00,0.049,0.049,0.049,0.049,0,4,0.0
2021-08-03 05:33:00-04:00,0.049,0.049,0.049,0.049,0,4,0.0
2021-08-03 05:35:00-04:00,0.0503,0.0515,0.049,0.049,0,6,0.0
2021-08-03 05:37:00-04:00,0.0502,0.0515,0.049,0.049,0,4,0.0
2021-08-03 05:39:00-04:00,0.0503,0.0515,0.049,0.049,0,4,0.0
2021-08-03 05:43:00-04:00,0.0495,0.0499,0.0495,0.0499,0,4,0.0
2021-08-03 05:44:00-04:00,0.0499,0.0499,0.0499,0.0499,0,8,0.0
2021-08-03 05:45:00-04:00,0.0499,0.05,0.0499,0.0499,0,8,0.0
2021-08-03 05:47:00-04:00,0.0495,0.0495,0.049,0.049,0,4,0.0
2021-08-03 05:48:00-04:00,0.049,0.049,0.049,0.049,0,4,0.0
2021-08-03 05:49:00-04:00,0.049,0.0494,0.049,0.0494,0,16,0.0
2021-08-03 05:51:00-04:00,0.0492,0.0494,0.049,0.0494,0,4,0.0
2021-08-03 05:52:00-04:00,0.0492,0.0492,0.049,0.049,0,4,0.0
2021-08-03 05:53:00-04:00,0.049,0.049,0.0485,0.049,0,28,0.0
2021-08-03 05:54:00-04:00,0.049,0.049,0.0485,0.0485,0,12,0.0
2021-08-03 05:55:00-04:00,0.0485,0.0485,0.0485,0.0485,0,4,0.0
2021-08-03 05:57:00-04:00,0.0485,0.0485,0.0485,0.0485,0,4,0.0
2021-08-03 05:58:00-04:00,0.0492,0.0499,0.0492,0.0492,0,24,0.0
2021-08-03 05:59:00-04:00,0.0493,0.0493,0.0492,0.0492,0,4,0.0
2021-08-03 06:01:00-04:00,0.0493,0.0493,0.0492,0.0492,0,8,0.0
2021-08-03 06:02:00-04:00,0.0493,0.0493,0.049,0.0492,0,12,0.0
2021-08-03 06:03:00-04:00,0.049,0.0492,0.0488,0.0492,0,8,0.0
2021-08-03 06:04:00-04:00,0.049,0.049,0.0488,0.0488,0,8,0.0
2021-08-03 06:05:00-04:00,0.0485,0.0494,0.0482,0.0492,0,22,0.0
2021-08-03 06:06:00-04:00,0.0493,0.0494,0.0488,0.0494,0,48,0.0
2021-08-03 06:07:00-04:00,0.0494,0.0494,0.0489,0.0494,0,18,0.0
2021-08-03 06:08:00-04:00,0.0494,0.0494,0.0489,0.0494,0,44,0.0
2021-08-03 06:09:00-04:00,0.0497,0.0499,0.0492,0.0492,0,4,0.0
2021-08-03 06:10:00-04:00,0.0493,0.0494,0.0493,0.0494,0,8,0.0
2021-08-03 06:11:00-04:00,0.0494,0.0494,0.0494,0.0494,0,16,0.0
2021-08-03 06:13:00-04:00,0.0497,0.05,0.0497,0.0499,0,4,0.0
2021-08-03 06:15:00-04:00,0.05,0.05,0.0499,0.0499,0,2,0.0
2021-08-03 06:16:00-04:00,0.05,0.05,0.0499,0.0499,0,4,0.0
2021-08-03 06:18:00-04:00,0.0497,0.0497,0.0494,0.0494,0,4,0.0
2021-08-03 06:19:00-04:00,0.0494,0.0494,0.0494,0.0494,0,4,0.0
2021-08-03 06:20:00-04:00,0.0494,0.0499,0.0494,0.0499,0,10,0.0
2021-08-03 06:22:00-04:00,0.05,0.05,0.0499,0.0499,0,4,0.0
2021-08-03 06:23:00-04:00,0.05,0.05,0.0494,0.0494,0,6,0.0
2021-08-03 06:25:00-04:00,0.0493,0.0494,0.0493,0.0494,0,2,0.0
2021-08-03 06:26:00-04:00,0.0494,0.0494,0.0494,0.0494,0,2,0.0
2021-08-03 06:29:00-04:00,0.0497,0.0499,0.0497,0.0499,0,2,0.0
2021-08-03 06:30:00-04:00,0.0499,0.0499,0.0492,0.0494,0,12,0.0
2021-08-03 06:31:00-04:00,0.0493,0.0494,0.0493,0.0494,0,8,0.0
2021-08-03 06:32:00-04:00,0.0493,0.0494,0.0493,0.0494,0,4,0.0
2021-08-03 06:34:00-04:00,0.0493,0.0494,0.0492,0.0494,0,12,0.0
2021-08-03 06:35:00-04:00,0.0493,0.0494,0.0492,0.0494,0,10,0.0
2021-08-03 06:36:00-04:00,0.0493,0.0494,0.0492,0.0492,0,8,0.0
2021-08-03 06:37:00-04:00,0.0492,0.0492,0.0492,0.0492,0,4,0.0
2021-08-03 06:38:00-04:00,0.0493,0.0494,0.0493,0.0494,0,4,0.0
2021-08-03 06:39:00-04:00,0.0493,0.0494,0.0493,0.0494,0,4,0.0
2021-08-03 06:42:00-04:00,0.0494,0.0494,0.0494,0.0494,0,2,0.0
2021-08-03 06:43:00-04:00,0.0497,0.05,0.0497,0.0499,0,4,0.0
2021-08-03 06:44:00-04:00,0.05,0.05,0.0499,0.0499,0,4,0.0
2021-08-03 06:45:00-04:00,0.0496,0.0496,0.0493,0.0494,0,4,0.0
2021-08-03 06:46:00-04:00,0.0493,0.0494,0.0493,0.0494,0,8,0.0
2021-08-03 06:48:00-04:00,0.0493,0.0494,0.0493,0.0494,0,4,0.0
2021-08-03 06:49:00-04:00,0.0493,0.0493,0.0492,0.0492,0,8,0.0
2021-08-03 06:50:00-04:00,0.0492,0.0492,0.0492,0.0492,0,4,0.0
2021-08-03 06:51:00-04:00,0.0492,0.0492,0.0492,0.0492,0,8,0.0
2021-08-03 06:52:00-04:00,0.0492,0.0493,0.0492,0.0492,0,4,0.0
2021-08-03 06:53:00-04:00,0.0493,0.0493,0.0492,0.0492,0,4,0.0
2021-08-03 06:54:00-04:00,0.0493,0.0493,0.0492,0.0492,0,4,0.0
2021-08-03 06:55:00-04:00,0.0489,0.0489,0.0485,0.0485,0,8,0.0
2021-08-03 06:56:00-04:00,0.0489,0.0494,0.0485,0.0485,0,4,0.0
2021-08-03 06:57:00-04:00,0.0489,0.0494,0.0489,0.0494,0,4,0.0
2021-08-03 06:58:00-04:00,0.0493,0.0494,0.0485,0.0494,0,8,0.0
2021-08-03 06:59:00-04:00,0.0493,0.0494,0.0493,0.0494,0,4,0.0
2021-08-03 07:00:00-04:00,0.0493,0.0494,0.0492,0.0492,0,4,0.0
2021-08-03 07:01:00-04:00,0.0492,0.0494,0.0492,0.0494,0,30,0.0
2021-08-03 07:02:00-04:00,0.0493,0.0494,0.0493,0.0494,0,4,0.0
2021-08-03 07:03:00-04:00,0.0493,0.0493,0.0492,0.0492,0,4,0.0
2021-08-03 07:04:00-04:00,0.0492,0.0492,0.0492,0.0492,0,4,0.0
2021-08-03 07:05:00-04:00,0.0492,0.0492,0.0492,0.0492,0,4,0.0
2021-08-03 07:06:00-04:00,0.0493,0.0493,0.0489,0.0489,0,4,0.0
2021-08-03 07:07:00-04:00,0.0489,0.0494,0.0489,0.0492,0,8,0.0
2021-08-03 07:08:00-04:00,0.0493,0.0493,0.0492,0.0492,0,8,0.0
2021-08-03 07:09:00-04:00,0.049,0.0492,0.0488,0.0492,0,4,0.0
2021-08-03 07:11:00-04:00,0.0493,0.0493,0.0488,0.0488,0,4,0.0
2021-08-03 07:16:00-04:00,0.0494,0.0499,0.0485,0.0485,0,16,0.0
2021-08-03 07:17:00-04:00,0.0485,0.0495,0.0485,0.0485,0,12,0.0
2021-08-03 07:18:00-04:00,0.0485,0.0495,0.0485,0.0495,0,4,0.0
2021-08-03 07:19:00-04:00,0.0494,0.0495,0.0492,0.0495,0,4,0.0
2021-08-03 07:20:00-04:00,0.0494,0.0494,0.0492,0.0492,0,4,0.0
2021-08-03 07:21:00-04:00,0.0492,0.0492,0.0492,0.0492,0,4,0.0
2021-08-03 07:22:00-04:00,0.0494,0.0495,0.0492,0.0492,0,8,0.0
2021-08-03 07:23:00-04:00,0.0493,0.0493,0.049,0.0492,0,8,0.0
2021-08-03 07:24:00-04:00,0.0493,0.0493,0.0492,0.0492,0,4,0.0
2021-08-03 07:25:00-04:00,0.0493,0.0495,0.049,0.0492,0,8,0.0
2021-08-03 07:27:00-04:00,0.0491,0.0491,0.049,0.049,0,4,0.0
2021-08-03 07:28:00-04:00,0.0491,0.0493,0.0491,0.0492,0,12,0.0
2021-08-03 07:29:00-04:00,0.0493,0.0493,0.049,0.0492,0,12,0.0
2021-08-03 07:30:00-04:00,0.0493,0.0493,0.0492,0.0492,0,4,0.0
2021-08-03 07:31:00-04:00,0.0493,0.0493,0.0492,0.0492,0,4,0.0
2021-08-03 07:32:00-04:00,0.0493,0.0493,0.0492,0.0492,0,8,0.0
2021-08-03 07:33:00-04:00,0.0492,0.0493,0.0492,0.0492,0,4,0.0
2021-08-03 07:34:00-04:00,0.0493,0.0493,0.0492,0.0492,0,4,0.0
2021-08-03 07:35:00-04:00,0.0493,0.0493,0.0492,0.0492,0,4,0.0
2021-08-03 07:36:00-04:00,0.0491,0.0491,0.049,0.049,0,8,0.0
2021-08-03 07:37:00-04:00,0.049,0.049,0.049,0.049,0,8,0.0
2021-08-03 07:38:00-04:00,0.049,0.0493,0.049,0.0492,0,8,0.0
2021-08-03 07:39:00-04:00,0.0491,0.0491,0.049,0.049,0,6,0.0
2021-08-03 07:41:00-04:00,0.049,0.049,0.049,0.049,0,4,0.0
2021-08-03 07:42:00-04:00,0.049,0.049,0.049,0.049,0,4,0.0
2021-08-03 07:43:00-04:00,0.049,0.049,0.049,0.049,0,8,0.0
2021-08-03 07:44:00-04:00,0.049,0.049,0.049,0.049,0,4,0.0
2021-08-03 07:45:00-04:00,0.049,0.049,0.049,0.049,0,4,0.0
2021-08-03 07:46:00-04:00,0.049,0.049,0.049,0.049,0,4,0.0
2021-08-03 07:47:00-04:00,0.0491,0.0492,0.049,0.0492,0,8,0.0
2021-08-03 07:50:00-04:00,0.0493,0.0493,0.0492,0.0492,0,2,0.0
2021-08-03 07:52:00-04:00,0.0491,0.0491,0.0486,0.0486,0,4,0.0
2021-08-03 07:53:00-04:00,0.0486,0.049,0.0486,0.0487,0,8,0.0
2021-08-03 07:55:00-04:00,0.0488,0.049,0.0488,0.049,0,4,0.0
2021-08-03 07:56:00-04:00,0.049,0.049,0.049,0.049,0,4,0.0
2021-08-03 07:57:00-04:00,0.049,0.049,0.049,0.049,0,8,0.0
2021-08-03 07:58:00-04:00,0.049,0.049,0.049,0.049,0,12,0.0
2021-08-03 07:59:00-04:00,0.049,0.049,0.049,0.049,0,4,0.0
2021-08-03 08:00:00-04:00,0.049,0.049,0.0487,0.049,0,12,0.0
2021-08-03 08:01:00-04:00,0.049,0.049,0.049,0.049,0,8,0.0
2021-08-03 08:06:00-04:00,0.049,0.049,0.049,0.049,0,4,0.0
2021-08-03 08:07:00-04:00,0.049,0.049,0.049,0.049,0,4,0.0
2021-08-03 08:08:00-04:00,0.049,0.049,0.049,0.049,0,4,0.0
2021-08-03 08:09:00-04:00,0.049,0.049,0.049,0.049,0,8,0.0
2021-08-03 08:10:00-04:00,0.049,0.049,0.049,0.049,0,4,0.0
2021-08-03 08:11:00-04:00,0.049,0.049,0.049,0.049,0,8,0.0
2021-08-03 08:13:00-04:00,0.049,0.049,0.049,0.049,0,4,0.0
2021-08-03 08:14:00-04:00,0.049,0.049,0.049,0.049,0,8,0.0
2021-08-03 08:16:00-04:00,0.049,0.049,0.049,0.049,0,12,0.0
2021-08-03 08:18:00-04:00,0.049,0.049,0.049,0.049,0,8,0.0
2021-08-03 08:19:00-04:00,0.049,0.049,0.049,0.049,0,4,0.0
2021-08-03 08:20:00-04:00,0.049,0.049,0.049,0.049,0,4,0.0
2021-08-03 08:22:00-04:00,0.049,0.049,0.049,0.049,0,4,0.0
2021-08-03 08:23:00-04:00,0.0491,0.0493,0.0491,0.0492,0,4,0.0
2021-08-03 08:24:00-04:00,0.0491,0.0491,0.0488,0.0488,0,6,0.0
2021-08-03 08:25:00-04:00,0.0489,0.0489,0.0488,0.0488,0,12,0.0
2021-08-03 08:28:00-04:00,0.0488,0.0488,0.0488,0.0488,0,8,0.0
2021-08-03 08:31:00-04:00,0.0489,0.049,0.0488,0.0488,0,6,0.0
2021-08-03 08:32:00-04:00,0.0488,0.0488,0.0488,0.0488,0,4,0.0
2021-08-03 08:33:00-04:00,0.0488,0.049,0.0488,0.049,0,4,0.0
2021-08-03 08:37:00-04:00,0.0489,0.0489,0.0488,0.0488,0,4,0.0
2021-08-03 08:39:00-04:00,0.0488,0.0489,0.0488,0.0488,0,4,0.0
2021-08-03 08:40:00-04:00,0.0489,0.049,0.0486,0.0486,0,12,0.0
2021-08-03 08:41:00-04:00,0.0488,0.049,0.0488,0.049,0,32,0.0
2021-08-03 08:42:00-04:00,0.0489,0.049,0.0489,0.049,0,8,0.0
2021-08-03 08:43:00-04:00,0.049,0.049,0.049,0.049,0,24,0.0
2021-08-03 08:44:00-04:00,0.0488,0.049,0.0488,0.049,0,16,0.0
2021-08-03 08:46:00-04:00,0.0489,0.049,0.0489,0.049,0,8,0.0
2021-08-03 08:47:00-04:00,0.049,0.049,0.049,0.049,0,4,0.0
2021-08-03 08:48:00-04:00,0.049,0.049,0.0488,0.0488,0,8,0.0
2021-08-03 08:49:00-04:00,0.0488,0.049,0.0488,0.049,0,8,0.0
2021-08-03 08:50:00-04:00,0.0488,0.0488,0.0488,0.0488,0,4,0.0
2021-08-03 08:51:00-04:00,0.0488,0.049,0.0485,0.049,0,24,0.0
2021-08-03 08:52:00-04:00,0.049,0.049,0.0485,0.0485,0,36,0.0
2021-08-03 08:53:00-04:00,0.0485,0.0488,0.0485,0.0488,0,4,0.0
2021-08-03 08:54:00-04:00,0.0489,0.0489,0.0488,0.0488,0,4,0.0
2021-08-03 08:56:00-04:00,0.0488,0.0488,0.0488,0.0488,0,4,0.0
2021-08-03 08:57:00-04:00,0.0488,0.0488,0.0488,0.0488,0,8,0.0
2021-08-03 08:58:00-04:00,0.0489,0.049,0.0489,0.049,0,4,0.0
2021-08-03 08:59:00-04:00,0.049,0.049,0.0488,0.0488,0,8,0.0
2021-08-03 09:02:00-04:00,0.0487,0.0488,0.048,0.048,0,12,0.0
2021-08-03 09:03:00-04:00,0.0481,0.0488,0.048,0.0488,0,4,0.0
2021-08-03 09:05:00-04:00,0.0487,0.0487,0.048,0.0485,0,18,0.0
2021-08-03 09:06:00-04:00,0.0484,0.0484,0.048,0.0483,0,10,0.0
2021-08-03 09:07:00-04:00,0.0486,0.0489,0.0486,0.0488,0,4,0.0
2021-08-03 09:08:00-04:00,0.0489,0.0489,0.0488,0.0488,0,4,0.0
2021-08-03 09:09:00-04:00,0.0489,0.0489,0.048,0.048,0,14,0.0
2021-08-03 09:12:00-04:00,0.0484,0.0489,0.0484,0.0488,0,4,0.0
2021-08-03 09:14:00-04:00,0.0489,0.0489,0.0488,0.0488,0,6,0.0
2021-08-03 09:15:00-04:00,0.0489,0.0489,0.0488,0.0488,0,2,0.0
2021-08-03 09:16:00-04:00,0.0489,0.0489,0.0488,0.0488,0,4,0.0
2021-08-03 09:17:00-04:00,0.0489,0.0489,0.0488,0.0488,0,2,0.0
2021-08-03 09:18:00-04:00,0.0489,0.0489,0.048,0.048,0,4,0.0
2021-08-03 09:20:00-04:00,0.0485,0.0489,0.0485,0.0488,0,4,0.0
2021-08-03 09:22:00-04:00,0.0489,0.0489,0.0485,0.0485,0,8,0.0
2021-08-03 09:25:00-04:00,0.0485,0.0485,0.0485,0.0485,0,2,0.0
2021-08-03 09:26:00-04:00,0.0485,0.0485,0.0485,0.0485,0,8,0.0
2021-08-03 09:27:00-04:00,0.0485,0.0485,0.0485,0.0485,0,4,0.0
2021-08-03 09:28:00-04:00,0.0485,0.0486,0.0485,0.0485,0,8,0.0
2021-08-03 09:29:00-04:00,0.0485,0.0485,0.0485,0.0485,0,4,0.0
2021-08-03 09:32:00-04:00,0.0486,0.0486,0.0486,0.0486,0,4,0.0
2021-08-03 09:34:00-04:00,0.0486,0.0489,0.0486,0.0488,0,12,0.0
2021-08-03 09:35:00-04:00,0.0489,0.049,0.0489,0.049,0,4,0.0
2021-08-03 09:36:00-04:00,0.049,0.049,0.0488,0.0488,0,8,0.0
2021-08-03 09:37:00-04:00,0.0487,0.0487,0.0485,0.0486,0,4,0.0
2021-08-03 09:38:00-04:00,0.0487,0.0489,0.0485,0.0485,0,20,0.0
2021-08-03 09:40:00-04:00,0.0486,0.0488,0.0485,0.0485,0,8,0.0
2021-08-03 09:41:00-04:00,0.0485,0.0486,0.0485,0.0486,0,8,0.0
2021-08-03 09:43:00-04:00,0.0483,0.0486,0.048,0.0486,0,4,0.0
2021-08-03 09:45:00-04:00,0.0485,0.0486,0.0485,0.0485,0,4,0.0
2021-08-03 09:46:00-04:00,0.0485,0.0486,0.0485,0.0486,0,4,0.0
2021-08-03 09:52:00-04:00,0.0487,0.0488,0.0487,0.0488,0,4,0.0
2021-08-03 09:53:00-04:00,0.0487,0.0487,0.048,0.048,0,10,0.0
2021-08-03 09:54:00-04:00,0.048,0.0485,0.048,0.0485,0,8,0.0
2021-08-03 09:55:00-04:00,0.0485,0.0485,0.0484,0.0484,0,8,0.0
2021-08-03 09:56:00-04:00,0.0484,0.0484,0.0484,0.0484,0,4,0.0
2021-08-03 09:57:00-04:00,0.0484,0.0484,0.0482,0.0482,0,8,0.0
2021-08-03 09:58:00-04:00,0.0482,0.0482,0.0481,0.0481,0,4,0.0
2021-08-03 09:59:00-04:00,0.0481,0.0481,0.0481,0.0481,0,4,0.0
2021-08-03 10:00:00-04:00,0.0477,0.0477,0.0472,0.0474,0,8,0.0
2021-08-03 10:01:00-04:00,0.0474,0.0476,0.0472,0.0476,0,4,0.0
2021-08-03 10:02:00-04:00,0.0477,0.0478,0.0477,0.0478,0,2,0.0
2021-08-03 10:03:00-04:00,0.0479,0.0479,0.0478,0.0478,0,4,0.0
2021-08-03 10:04:00-04:00,0.0479,0.0479,0.0478,0.0478,0,8,0.0
2021-08-03 10:06:00-04:00,0.0479,0.0479,0.047,0.047,0,12,0.0
2021-08-03 10:07:00-04:00,0.0474,0.0479,0.0474,0.0478,0,8,0.0
2021-08-03 10:08:00-04:00,0.0479,0.0479,0.0478,0.0478,0,4,0.0
2021-08-03 10:09:00-04:00,0.0479,0.0479,0.0478,0.0478,0,8,0.0
2021-08-03 10:10:00-04:00,0.0479,0.0479,0.0478,0.0478,0,8,0.0
2021-08-03 10:11:00-04:00,0.0479,0.0479,0.0478,0.0478,0,4,0.0
2021-08-03 10:14:00-04:00,0.0479,0.0479,0.047,0.047,0,4,0.0
2021-08-03 10:15:00-04:00,0.047,0.047,0.047,0.047,0,2,0.0
2021-08-03 10:16:00-04:00,0.0474,0.0479,0.0474,0.0478,0,8,0.0
2021-08-03 10:17:00-04:00,0.0479,0.0479,0.0478,0.0478,0,4,0.0
2021-08-03 10:20:00-04:00,0.0474,0.0474,0.047,0.047,0,4,0.0
2021-08-03 10:22:00-04:00,0.047,0.0478,0.047,0.0478,0,4,0.0
2021-08-03 10:23:00-04:00,0.0473,0.0473,0.0465,0.0465,0,4,0.0
2021-08-03 10:24:00-04:00,0.0468,0.047,0.0468,0.047,0,2,0.0
2021-08-03 10:25:00-04:00,0.047,0.047,0.047,0.047,0,4,0.0
2021-08-03 10:27:00-04:00,0.047,0.047,0.047,0.047,0,4,0.0
2021-08-03 10:29:00-04:00,0.0474,0.0479,0.0474,0.0478,0,4,0.0
2021-08-03 10:30:00-04:00,0.0479,0.0479,0.0478,0.0478,0,4,0.0
2021-08-03 10:32:00-04:00,0.0479,0.0479,0.047,0.047,0,4,0.0
2021-08-03 10:37:00-04:00,0.0472,0.0475,0.047,0.047,0,4,0.0
2021-08-03 10:39:00-04:00,0.0472,0.0475,0.0472,0.0475,0,4,0.0
2021-08-03 10:40:00-04:00,0.0475,0.0475,0.0475,0.0475,0,4,0.0
2021-08-03 10:42:00-04:00,0.0475,0.0478,0.0475,0.0478,0,4,0.0
2021-08-03 10:44:00-04:00,0.0478,0.0478,0.0478,0.0478,0,4,0.0
2021-08-03 10:45:00-04:00,0.0477,0.0478,0.0475,0.0478,0,4,0.0
2021-08-03 10:46:00-04:00,0.0478,0.0478,0.0475,0.0478,0,8,0.0
2021-08-03 10:53:00-04:00,0.0479,0.0479,0.0478,0.0478,0,4,0.0
2021-08-03 10:54:00-04:00,0.0477,0.0477,0.0475,0.0475,0,4,0.0
2021-08-03 10:57:00-04:00,0.0477,0.0478,0.0477,0.0478,0,4,0.0
2021-08-03 10:58:00-04:00,0.0477,0.0477,0.047,0.047,0,16,0.0
2021-08-03 11:00:00-04:00,0.0474,0.0478,0.0474,0.0475,0,4,0.0
2021-08-03 11:04:00-04:00,0.0477,0.0479,0.0477,0.0478,0,12,0.0
2021-08-03 11:06:00-04:00,0.0479,0.0479,0.0478,0.0478,0,4,0.0
2021-08-03 11:07:00-04:00,0.0478,0.0478,0.0478,0.0478,0,4,0.0
2021-08-03 11:13:00-04:00,0.0479,0.0479,0.047,0.0479,0,8,0.0
2021-08-03 11:14:00-04:00,0.0479,0.0479,0.0478,0.0478,0,4,0.0
2021-08-03 11:17:00-04:00,0.0479,0.0479,0.0468,0.047,0,12,0.0
2021-08-03 11:19:00-04:00,0.0474,0.0479,0.0474,0.0478,0,4,0.0
2021-08-03 11:21:00-04:00,0.0479,0.0479,0.0475,0.0478,0,8,0.0
2021-08-03 11:22:00-04:00,0.0477,0.0478,0.0475,0.0478,0,4,0.0
2021-08-03 11:23:00-04:00,0.0477,0.0477,0.0475,0.0475,0,4,0.0
2021-08-03 11:24:00-04:00,0.0475,0.0475,0.0475,0.0475,0,4,0.0
2021-08-03 11:25:00-04:00,0.0475,0.0479,0.0475,0.0475,0,12,0.0
2021-08-03 11:27:00-04:00,0.0475,0.0475,0.0475,0.0475,0,4,0.0
2021-08-03 11:28:00-04:00,0.0475,0.0475,0.047,0.047,0,10,0.0
2021-08-03 11:29:00-04:00,0.047,0.047,0.047,0.047,0,4,0.0
2021-08-03 11:30:00-04:00,0.047,0.0475,0.047,0.0475,0,4,0.0
2021-08-03 11:32:00-04:00,0.0477,0.0478,0.0475,0.0475,0,16,0.0
2021-08-03 11:33:00-04:00,0.0477,0.0479,0.0477,0.0478,0,12,0.0
2021-08-03 11:35:00-04:00,0.0478,0.0478,0.0478,0.0478,0,4,0.0
2021-08-03 11:38:00-04:00,0.0478,0.0478,0.0478,0.0478,0,8,0.0
2021-08-03 11:39:00-04:00,0.0478,0.0479,0.0478,0.0479,0,4,0.0
2021-08-03 11:41:00-04:00,0.0478,0.0479,0.0478,0.0478,0,12,0.0
2021-08-03 11:42:00-04:00,0.0478,0.0478,0.0478,0.0478,0,4,0.0
2021-08-03 11:43:00-04:00,0.0478,0.0479,0.0475,0.0475,0,8,0.0
2021-08-03 11:44:00-04:00,0.0475,0.0475,0.0475,0.0475,0,8,0.0
2021-08-03 11:46:00-04:00,0.0475,0.0475,0.0475,0.0475,0,4,0.0
2021-08-03 11:47:00-04:00,0.0475,0.0478,0.047,0.047,0,10,0.0
2021-08-03 11:48:00-04:00,0.047,0.0475,0.047,0.0475,0,8,0.0
2021-08-03 11:49:00-04:00,0.0474,0.0479,0.047,0.0478,0,12,0.0
2021-08-03 11:50:00-04:00,0.0478,0.0478,0.047,0.047,0,28,0.0
2021-08-03 11:51:00-04:00,0.0472,0.0479,0.047,0.0478,0,42,0.0
2021-08-03 11:52:00-04:00,0.0478,0.0479,0.0478,0.0479,0,8,0.0
2021-08-03 11:54:00-04:00,0.0474,0.0478,0.047,0.0478,0,12,0.0
2021-08-03 11:56:00-04:00,0.0479,0.0479,0.047,0.047,0,4,0.0
2021-08-03 11:57:00-04:00,0.0474,0.0479,0.047,0.047,0,4,0.0
2021-08-03 11:58:00-04:00,0.0474,0.0479,0.047,0.0475,0,24,0.0
2021-08-03 11:59:00-04:00,0.0472,0.0472,0.047,0.047,0,8,0.0
2021-08-03 12:00:00-04:00,0.047,0.0479,0.047,0.0479,0,12,0.0
2021-08-03 12:01:00-04:00,0.0478,0.0478,0.0475,0.0478,0,8,0.0
2021-08-03 12:02:00-04:00,0.0474,0.0475,0.047,0.0475,0,28,0.0
2021-08-03 12:03:00-04:00,0.0475,0.0478,0.0475,0.0475,0,12,0.0
2021-08-03 12:04:00-04:00,0.0475,0.0475,0.0475,0.0475,0,4,0.0
2021-08-03 12:05:00-04:00,0.0477,0.0479,0.0477,0.0478,0,4,0.0
2021-08-03 12:06:00-04:00,0.0479,0.0479,0.0478,0.0478,0,4,0.0
2021-08-03 12:07:00-04:00,0.0479,0.0479,0.0478,0.0478,0,4,0.0
2021-08-03 12:08:00-04:00,0.0479,0.0479,0.0478,0.0478,0,2,0.0
2021-08-03 12:11:00-04:00,0.0479,0.0479,0.0475,0.0475,0,14,0.0
2021-08-03 12:12:00-04:00,0.0476,0.0478,0.0475,0.0475,0,6,0.0
2021-08-03 12:13:00-04:00,0.0475,0.0479,0.0475,0.0475,0,36,0.0
2021-08-03 12:14:00-04:00,0.0477,0.0479,0.0477,0.0478,0,12,0.0
2021-08-03 12:15:00-04:00,0.0479,0.0479,0.0478,0.0478,0,12,0.0
2021-08-03 12:16:00-04:00,0.0479,0.0479,0.0478,0.0478,0,16,0.0
2021-08-03 12:19:00-04:00,0.0477,0.0479,0.0477,0.0479,0,8,0.0
2021-08-03 12:20:00-04:00,0.0479,0.048,0.0478,0.048,0,8,0.0
2021-08-03 12:21:00-04:00,0.0475,0.0478,0.047,0.0478,0,4,0.0
2021-08-03 12:22:00-04:00,0.0479,0.0479,0.047,0.047,0,12,0.0
2021-08-03 12:24:00-04:00,0.0474,0.0478,0.0474,0.0478,0,2,0.0
2021-08-03 12:25:00-04:00,0.0479,0.0479,0.0478,0.0478,0,2,0.0
2021-08-03 12:28:00-04:00,0.0477,0.0479,0.0477,0.0478,0,4,0.0
2021-08-03 12:29:00-04:00,0.0479,0.0479,0.0478,0.0478,0,6,0.0
2021-08-03 12:30:00-04:00,0.0479,0.0479,0.0478,0.0478,0,2,0.0
2021-08-03 12:31:00-04:00,0.0479,0.0479,0.0455,0.047,0,12,0.0
2021-08-03 12:32:00-04:00,0.047,0.047,0.047,0.047,0,4,0.0
2021-08-03 12:33:00-04:00,0.0474,0.0478,0.047,0.0478,0,8,0.0
2021-08-03 12:34:00-04:00,0.0479,0.0479,0.0478,0.0479,0,8,0.0
2021-08-03 12:35:00-04:00,0.0479,0.0479,0.0478,0.0478,0,20,0.0
2021-08-03 12:36:00-04:00,0.0478,0.0479,0.0478,0.0478,0,20,0.0
2021-08-03 12:37:00-04:00,0.0477,0.0478,0.0477,0.0478,0,4,0.0
2021-08-03 12:38:00-04:00,0.0478,0.0479,0.0478,0.0478,0,4,0.0
2021-08-03 12:39:00-04:00,0.0479,0.0479,0.0478,0.0478,0,2,0.0
2021-08-03 12:40:00-04:00,0.0479,0.0479,0.0478,0.0478,0,6,0.0
2021-08-03 12:41:00-04:00,0.0479,0.0479,0.0478,0.0478,0,6,0.0
2021-08-03 12:42:00-04:00,0.0479,0.0479,0.0478,0.0478,0,4,0.0
2021-08-03 12:43:00-04:00,0.0479,0.0479,0.0478,0.0478,0,4,0.0
2021-08-03 12:44:00-04:00,0.0479,0.0479,0.0478,0.0478,0,6,0.0
2021-08-03 12:45:00-04:00,0.0477,0.0479,0.0477,0.0478,0,8,0.0
2021-08-03 12:46:00-04:00,0.0479,0.0479,0.0478,0.0478,0,4,0.0
2021-08-03 12:47:00-04:00,0.0479,0.0479,0.0478,0.0478,0,4,0.0
2021-08-03 12:48:00-04:00,0.0479,0.0479,0.0478,0.0478,0,4,0.0
2021-08-03 12:49:00-04:00,0.0478,0.0478,0.0477,0.0477,0,4,0.0
2021-08-03 12:50:00-04:00,0.0478,0.0478,0.0477,0.0477,0,8,0.0
2021-08-03 12:51:00-04:00,0.0478,0.0478,0.0477,0.0477,0,4,0.0
2021-08-03 12:52:00-04:00,0.0478,0.0478,0.0477,0.0477,0,8,0.0
2021-08-03 12:55:00-04:00,0.0478,0.0478,0.0477,0.0477,0,2,0.0
2021-08-03 12:56:00-04:00,0.0478,0.0478,0.0477,0.0477,0,2,0.0
2021-08-03 12:57:00-04:00,0.0478,0.0478,0.0477,0.0477,0,4,0.0
2021-08-03 12:58:00-04:00,0.0478,0.0478,0.0477,0.0477,0,6,0.0
2021-08-03 12:59:00-04:00,0.0478,0.0478,0.0477,0.0477,0,2,0.0
2021-08-03 13:00:00-04:00,0.0466,0.0466,0.0455,0.0455,0,4,0.0
2021-08-03 13:02:00-04:00,0.0455,0.0455,0.0455,0.0455,0,6,0.0
2021-08-03 13:03:00-04:00,0.0466,0.0477,0.0466,0.0477,0,2,0.0
2021-08-03 13:07:00-04:00,0.0467,0.0467,0.0455,0.0455,0,6,0.0
2021-08-03 13:08:00-04:00,0.0466,0.0477,0.0466,0.0477,0,2,0.0
2021-08-03 13:09:00-04:00,0.0478,0.0478,0.0455,0.0455,0,8,0.0
2021-08-03 13:11:00-04:00,0.0466,0.0478,0.0466,0.0477,0,4,0.0
2021-08-03 13:12:00-04:00,0.0478,0.0478,0.0455,0.0455,0,4,0.0
2021-08-03 13:13:00-04:00,0.0466,0.0478,0.0466,0.0477,0,4,0.0
2021-08-03 13:14:00-04:00,0.0478,0.0478,0.0455,0.0455,0,8,0.0
2021-08-03 13:16:00-04:00,0.0466,0.0478,0.0466,0.0477,0,4,0.0
2021-08-03 13:17:00-04:00,0.0478,0.0478,0.0455,0.0477,0,8,0.0
2021-08-03 13:20:00-04:00,0.0478,0.0478,0.046,0.046,0,8,0.0
2021-08-03 13:22:00-04:00,0.0469,0.0478,0.046,0.046,0,8,0.0
2021-08-03 13:23:00-04:00,0.046,0.0477,0.046,0.0477,0,4,0.0
2021-08-03 13:24:00-04:00,0.0478,0.0478,0.0477,0.0477,0,4,0.0
2021-08-03 13:25:00-04:00,0.0469,0.0477,0.046,0.0477,0,4,0.0
2021-08-03 13:27:00-04:00,0.0478,0.0478,0.046,0.046,0,4,0.0
2021-08-03 13:28:00-04:00,0.0469,0.0478,0.0469,0.0477,0,4,0.0
2021-08-03 13:29:00-04:00,0.0469,0.0477,0.046,0.0477,0,4,0.0
2021-08-03 13:30:00-04:00,0.0478,0.0478,0.0477,0.0477,0,4,0.0
2021-08-03 13:31:00-04:00,0.0478,0.0478,0.0477,0.0477,0,4,0.0
2021-08-03 13:32:00-04:00,0.0478,0.0478,0.046,0.046,0,4,0.0
2021-08-03 13:33:00-04:00,0.046,0.0477,0.046,0.0477,0,4,0.0
2021-08-03 13:34:00-04:00,0.0478,0.0478,0.046,0.046,0,8,0.0
2021-08-03 13:35:00-04:00,0.046,0.0477,0.046,0.0477,0,4,0.0
2021-08-03 13:36:00-04:00,0.0478,0.0478,0.0477,0.0477,0,4,0.0
2021-08-03 13:37:00-04:00,0.0478,0.0478,0.0477,0.0477,0,4,0.0
2021-08-03 13:38:00-04:00,0.0469,0.0477,0.046,0.0477,0,4,0.0
2021-08-03 13:39:00-04:00,0.0478,0.0478,0.0477,0.0477,0,4,0.0
2021-08-03 13:41:00-04:00,0.0478,0.0478,0.0477,0.0477,0,4,0.0
2021-08-03 13:42:00-04:00,0.0478,0.0478,0.046,0.046,0,8,0.0
2021-08-03 13:43:00-04:00,0.046,0.046,0.046,0.046,0,2,0.0
2021-08-03 13:45:00-04:00,0.0469,0.0477,0.046,0.046,0,4,0.0
2021-08-03 13:47:00-04:00,0.0469,0.0478,0.046,0.046,0,8,0.0
2021-08-03 13:48:00-04:00,0.046,0.0477,0.046,0.0477,0,4,0.0
2021-08-03 13:49:00-04:00,0.0478,0.0478,0.0477,0.0477,0,4,0.0
2021-08-03 13:50:00-04:00,0.0478,0.0478,0.046,0.046,0,6,0.0
2021-08-03 13:52:00-04:00,0.046,0.046,0.046,0.046,0,4,0.0
2021-08-03 13:53:00-04:00,0.046,0.0477,0.046,0.0477,0,4,0.0
2021-08-03 13:54:00-04:00,0.0478,0.0478,0.046,0.046,0,4,0.0
2021-08-03 13:55:00-04:00,0.046,0.0477,0.046,0.0477,0,4,0.0
2021-08-03 13:56:00-04:00,0.0478,0.0478,0.0477,0.0477,0,4,0.0
2021-08-03 13:57:00-04:00,0.0478,0.0478,0.046,0.046,0,4,0.0
2021-08-03 14:01:00-04:00,0.046,0.0477,0.046,0.0477,0,4,0.0
2021-08-03 14:03:00-04:00,0.0478,0.0478,0.046,0.046,0,4,0.0
2021-08-03 14:04:00-04:00,0.0469,0.0478,0.0469,0.0477,0,6,0.0
2021-08-03 14:05:00-04:00,0.0469,0.0477,0.046,0.0477,0,4,0.0
2021-08-03 14:06:00-04:00,0.0478,0.0478,0.0477,0.0477,0,2,0.0
2021-08-03 14:07:00-04:00,0.0478,0.0478,0.046,0.0477,0,8,0.0
2021-08-03 14:08:00-04:00,0.0478,0.0478,0.0477,0.0477,0,4,0.0
2021-08-03 14:10:00-04:00,0.0478,0.0478,0.046,0.0478,0,8,0.0
2021-08-03 14:12:00-04:00,0.0478,0.0478,0.046,0.046,0,8,0.0
2021-08-03 14:14:00-04:00,0.0469,0.0477,0.0469,0.0477,0,8,0.0
2021-08-03 14:15:00-04:00,0.0478,0.0478,0.0475,0.0475,0,4,0.0
2021-08-03 14:16:00-04:00,0.0475,0.0477,0.0475,0.0477,0,4,0.0
2021-08-03 14:18:00-04:00,0.0478,0.0478,0.0475,0.0475,0,4,0.0
2021-08-03 14:19:00-04:00,0.0475,0.0477,0.0475,0.0477,0,4,0.0
2021-08-03 14:20:00-04:00,0.0478,0.0478,0.0477,0.0477,0,4,0.0
2021-08-03 14:21:00-04:00,0.0478,0.0478,0.0475,0.0477,0,8,0.0
2021-08-03 14:22:00-04:00,0.0478,0.0478,0.0477,0.0477,0,4,0.0
2021-08-03 14:23:00-04:00,0.0478,0.0478,0.0475,0.0475,0,4,0.0
2021-08-03 14:25:00-04:00,0.0476,0.0478,0.0476,0.0477,0,4,0.0
2021-08-03 14:27:00-04:00,0.0478,0.0478,0.0477,0.0477,0,4,0.0
2021-08-03 14:28:00-04:00,0.0476,0.0477,0.0475,0.0477,0,4,0.0
2021-08-03 14:29:00-04:00,0.0478,0.0478,0.0477,0.0477,0,4,0.0
2021-08-03 14:30:00-04:00,0.0478,0.0478,0.0475,0.0475,0,4,0.0
2021-08-03 14:31:00-04:00,0.0475,0.0477,0.0475,0.0477,0,4,0.0
2021-08-03 14:32:00-04:00,0.0478,0.0478,0.0477,0.0478,0,4,0.0
2021-08-03 14:33:00-04:00,0.0478,0.0478,0.0477,0.0477,0,4,0.0
2021-08-03 14:35:00-04:00,0.0478,0.0478,0.0475,0.0477,0,8,0.0
2021-08-03 14:36:00-04:00,0.0478,0.0478,0.0477,0.0477,0,12,0.0
2021-08-03 14:37:00-04:00,0.0477,0.0477,0.0477,0.0477,0,4,0.0
2021-08-03 14:38:00-04:00,0.0477,0.0477,0.0477,0.0477,0,4,0.0
2021-08-03 14:39:00-04:00,0.0477,0.0477,0.0477,0.0477,0,4,0.0
2021-08-03 14:40:00-04:00,0.0477,0.0477,0.0477,0.0477,0,4,0.0
2021-08-03 14:41:00-04:00,0.0479,0.048,0.0479,0.048,0,4,0.0
2021-08-03 14:42:00-04:00,0.048,0.0481,0.048,0.0481,0,4,0.0
2021-08-03 14:44:00-04:00,0.0481,0.0481,0.0481,0.0481,0,4,0.0
2021-08-03 14:45:00-04:00,0.0481,0.0481,0.0481,0.0481,0,8,0.0
2021-08-03 14:47:00-04:00,0.0481,0.0481,0.0481,0.0481,0,4,0.0
2021-08-03 14:48:00-04:00,0.0481,0.0481,0.0481,0.0481,0,4,0.0
2021-08-03 14:50:00-04:00,0.0481,0.0481,0.0481,0.0481,0,8,0.0
2021-08-03 14:51:00-04:00,0.0481,0.0481,0.0481,0.0481,0,4,0.0
2021-08-03 14:53:00-04:00,0.0481,0.0481,0.0481,0.0481,0,4,0.0
2021-08-03 14:55:00-04:00,0.0481,0.0481,0.0481,0.0481,0,4,0.0
2021-08-03 14:56:00-04:00,0.0481,0.0481,0.0481,0.0481,0,8,0.0
2021-08-03 14:59:00-04:00,0.0481,0.0481,0.0481,0.0481,0,4,0.0
2021-08-03 15:00:00-04:00,0.048,0.048,0.048,0.048,0,4,0.0
2021-08-03 15:01:00-04:00,0.048,0.048,0.048,0.048,0,4,0.0
2021-08-03 15:02:00-04:00,0.048,0.048,0.048,0.048,0,4,0.0
2021-08-03 15:03:00-04:00,0.048,0.048,0.048,0.048,0,4,0.0
2021-08-03 15:04:00-04:00,0.048,0.048,0.048,0.048,0,4,0.0
2021-08-03 15:05:00-04:00,0.048,0.048,0.0477,0.0477,0,4,0.0
2021-08-03 15:07:00-04:00,0.0478,0.0478,0.0477,0.0477,0,4,0.0
2021-08-03 15:09:00-04:00,0.0478,0.0478,0.0477,0.0478,0,8,0.0
2021-08-03 15:10:00-04:00,0.0477,0.0478,0.0477,0.0477,0,4,0.0
2021-08-03 15:11:00-04:00,0.0478,0.0478,0.0477,0.0477,0,4,0.0
2021-08-03 15:12:00-04:00,0.0477,0.0478,0.0477,0.0477,0,4,0.0
2021-08-03 15:14:00-04:00,0.0478,0.0478,0.0477,0.0477,0,8,0.0
2021-08-03 15:15:00-04:00,0.0477,0.0478,0.0477,0.0478,0,4,0.0
2021-08-03 15:16:00-04:00,0.0478,0.0478,0.0477,0.0477,0,4,0.0
2021-08-03 15:17:00-04:00,0.0478,0.0478,0.0477,0.0477,0,4,0.0
2021-08-03 15:19:00-04:00,0.0478,0.0478,0.0477,0.0477,0,4,0.0
2021-08-03 15:20:00-04:00,0.0477,0.0478,0.0477,0.0477,0,4,0.0
2021-08-03 15:23:00-04:00,0.0478,0.0478,0.0477,0.0477,0,4,0.0
2021-08-03 15:25:00-04:00,0.0478,0.0478,0.0477,0.0477,0,8,0.0
2021-08-03 15:27:00-04:00,0.0478,0.0478,0.0477,0.0477,0,8,0.0
2021-08-03 15:28:00-04:00,0.0477,0.0478,0.0477,0.0477,0,4,0.0
2021-08-03 15:29:00-04:00,0.0478,0.0478,0.0477,0.0477,0,4,0.0
2021-08-03 15:30:00-04:00,0.0477,0.0478,0.0477,0.0477,0,4,0.0
2021-08-03 15:31:00-04:00,0.0479,0.048,0.0479,0.048,0,4,0.0
2021-08-03 15:32:00-04:00,0.048,0.048,0.048,0.048,0,8,0.0
2021-08-03 15:33:00-04:00,0.048,0.048,0.048,0.048,0,4,0.0
2021-08-03 15:34:00-04:00,0.048,0.048,0.048,0.048,0,8,0.0
2021-08-03 15:35:00-04:00,0.048,0.048,0.048,0.048,0,4,0.0
2021-08-03 15:36:00-04:00,0.048,0.048,0.0477,0.0477,0,6,0.0
2021-08-03 15:37:00-04:00,0.0479,0.048,0.0479,0.048,0,4,0.0
2021-08-03 15:38:00-04:00,0.048,0.048,0.048,0.048,0,4,0.0
2021-08-03 15:39:00-04:00,0.048,0.048,0.0477,0.048,0,12,0.0
2021-08-03 15:40:00-04:00,0.048,0.048,0.048,0.048,0,16,0.0
2021-08-03 15:41:00-04:00,0.048,0.048,0.048,0.048,0,4,0.0
2021-08-03 15:42:00-04:00,0.048,0.048,0.048,0.048,0,4,0.0
2021-08-03 15:43:00-04:00,0.048,0.048,0.048,0.048,0,4,0.0
2021-08-03 15:44:00-04:00,0.048,0.048,0.048,0.048,0,4,0.0
2021-08-03 15:45:00-04:00,0.048,0.048,0.048,0.048,0,4,0.0
2021-08-03 15:46:00-04:00,0.048,0.048,0.048,0.048,0,4,0.0
2021-08-03 15:47:00-04:00,0.048,0.048,0.048,0.048,0,4,0.0
2021-08-03 15:48:00-04:00,0.048,0.0481,0.048,0.048,0,16,0.0
2021-08-03 15:49:00-04:00,0.0479,0.0479,0.0477,0.0477,0,4,0.0
2021-08-03 15:50:00-04:00,0.0478,0.0478,0.0477,0.0477,0,4,0.0
2021-08-03 15:51:00-04:00,0.0478,0.0478,0.0477,0.0477,0,4,0.0
2021-08-03 15:52:00-04:00,0.0477,0.0477,0.0477,0.0477,0,4,0.0
2021-08-03 15:53:00-04:00,0.0477,0.0477,0.0477,0.0477,0,12,0.0
2021-08-03 15:54:00-04:00,0.0477,0.0477,0.0477,0.0477,0,4,0.0
2021-08-03 15:56:00-04:00,0.0477,0.0477,0.0477,0.0477,0,4,0.0
2021-08-03 15:57:00-04:00,0.0477,0.0477,0.0477,0.0477,0,12,0.0
2021-08-03 15:58:00-04:00,0.0477,0.0477,0.0477,0.0477,0,8,0.0
2021-08-03 15:59:00-04:00,0.0477,0.0477,0.0477,0.0477,0,8,0.0
2021-08-03 16:00:00-04:00,0.0477,0.0477,0.0477,0.0477,0,12,0.0
2021-08-03 16:01:00-04:00,0.0477,0.0477,0.0477,0.0477,0,4,0.0
2021-08-03 16:02:00-04:00,0.0477,0.0477,0.0477,0.0477,0,4,0.0
2021-08-03 16:03:00-04:00,0.0477,0.0477,0.0477,0.0477,0,8,0.0
2021-08-03 16:05:00-04:00,0.0477,0.0477,0.0477,0.0477,0,4,0.0
2021-08-03 16:06:00-04:00,0.0477,0.0477,0.0477,0.0477,0,8,0.0
2021-08-03 16:07:00-04:00,0.0477,0.0477,0.0477,0.0477,0,4,0.0
2021-08-03 16:09:00-04:00,0.0477,0.0477,0.0477,0.0477,0,4,0.0
2021-08-03 16:11:00-04:00,0.0474,0.0477,0.047,0.0477,0,4,0.0
2021-08-03 16:12:00-04:00,0.0477,0.0477,0.047,0.047,0,8,0.0
2021-08-03 16:13:00-04:00,0.047,0.0477,0.047,0.0477,0,4,0.0
2021-08-03 16:15:00-04:00,0.0477,0.0477,0.0477,0.0477,0,4,0.0
2021-08-03 16:16:00-04:00,0.0477,0.0477,0.047,0.0477,0,8,0.0
2021-08-03 16:17:00-04:00,0.0477,0.0478,0.0477,0.0478,0,4,0.0
2021-08-03 16:18:00-04:00,0.0477,0.0477,0.0477,0.0477,0,4,0.0
2021-08-03 16:20:00-04:00,0.0477,0.0477,0.0477,0.0477,0,4,0.0
2021-08-03 16:21:00-04:00,0.0477,0.0477,0.0477,0.0477,0,4,0.0
2021-08-03 16:22:00-04:00,0.0477,0.0477,0.0477,0.0477,0,4,0.0
2021-08-03 16:24:00-04:00,0.0477,0.0477,0.0477,0.0477,0,4,0.0
2021-08-03 16:25:00-04:00,0.0477,0.0477,0.0477,0.0477,0,8,0.0
2021-08-03 16:26:00-04:00,0.0477,0.0477,0.0477,0.0477,0,4,0.0
2021-08-03 16:27:00-04:00,0.0477,0.0477,0.0477,0.0477,0,4,0.0
2021-08-03 16:28:00-04:00,0.0477,0.0478,0.0477,0.0477,0,4,0.0
2021-08-03 16:29:00-04:00,0.0477,0.0478,0.0477,0.0477,0,12,0.0
2021-08-03 16:30:00-04:00,0.0477,0.0477,0.0477,0.0477,0,4,0.0
2021-08-03 16:31:00-04:00,0.0477,0.0477,0.0477,0.0477,0,4,0.0
2021-08-03 16:33:00-04:00,0.0476,0.0476,0.0475,0.0475,0,4,0.0
2021-08-03 16:34:00-04:00,0.0475,0.0477,0.0475,0.0475,0,16,0.0
2021-08-03 16:36:00-04:00,0.0475,0.0475,0.0475,0.0475,0,4,0.0
2021-08-03 16:37:00-04:00,0.0475,0.0475,0.0475,0.0475,0,12,0.0
2021-08-03 16:38:00-04:00,0.0475,0.0475,0.0475,0.0475,0,16,0.0
2021-08-03 16:39:00-04:00,0.0475,0.0475,0.0475,0.0475,0,4,0.0
2021-08-03 16:40:00-04:00,0.0475,0.0475,0.0474,0.0474,0,8,0.0
2021-08-03 16:41:00-04:00,0.0474,0.0475,0.0474,0.0474,0,4,0.0
2021-08-03 16:43:00-04:00,0.0475,0.0475,0.0474,0.0474,0,8,0.0
2021-08-03 16:44:00-04:00,0.0475,0.0475,0.0474,0.0474,0,4,0.0
2021-08-03 16:46:00-04:00,0.0475,0.0475,0.0474,0.0474,0,4,0.0
2021-08-03 16:47:00-04:00,0.0475,0.0475,0.0474,0.0474,0,4,0.0
2021-08-03 16:48:00-04:00,0.0474,0.0475,0.0474,0.0474,0,4,0.0
2021-08-03 16:49:00-04:00,0.0475,0.0475,0.0474,0.0474,0,8,0.0
2021-08-03 16:50:00-04:00,0.0474,0.0475,0.0474,0.0474,0,4,0.0
2021-08-03 16:52:00-04:00,0.0475,0.0475,0.0474,0.0474,0,12,0.0
2021-08-03 16:53:00-04:00,0.0472,0.0474,0.047,0.0474,0,4,0.0
2021-08-03 16:54:00-04:00,0.0475,0.0475,0.0474,0.0474,0,12,0.0
2021-08-03 16:56:00-04:00,0.0475,0.0475,0.0474,0.0474,0,8,0.0
2021-08-03 16:57:00-04:00,0.0475,0.0475,0.0474,0.0474,0,8,0.0
2021-08-03 16:58:00-04:00,0.0475,0.0475,0.0474,0.0474,0,8,0.0
2021-08-03 16:59:00-04:00,0.0474,0.0474,0.0472,0.0473,0,4,0.0
