,S N1 Comdty,S N1 Comdty,S N1 Comdty,S N1 Comdty,S N1 Comdty,S N1 Comdty,S N1 Comdty
,open,high,low,close,volume,num_trds,value
2021-05-09 20:00:00-04:00,1576.5,1585.25,1575.25,1583.0,1179,348,1861159.75
2021-05-09 20:01:00-04:00,1583.25,1583.25,1579.25,1580.75,270,108,426996.25
2021-05-09 20:02:00-04:00,1580.5,1581.0,1577.5,1579.25,279,92,440506.75
2021-05-09 20:03:00-04:00,1579.5,1581.75,1579.0,1581.75,157,54,248040.25
2021-05-09 20:04:00-04:00,1581.5,1582.75,1581.0,1582.75,121,46,191379.0
2021-05-09 20:05:00-04:00,1582.25,1582.25,1579.25,1579.25,88,41,139129.5
2021-05-09 20:06:00-04:00,1579.25,1582.5,1579.25,1582.0,110,29,173925.5
2021-05-09 20:07:00-04:00,1582.5,1585.0,1582.5,1584.75,242,78,383324.0
2021-05-09 20:08:00-04:00,1584.75,1586.5,1584.25,1585.0,253,61,401041.25
2021-05-09 20:09:00-04:00,1585.0,1585.0,1583.5,1583.5,104,32,164777.0
2021-05-09 20:10:00-04:00,1583.75,1586.0,1583.5,1584.5,144,41,228231.5
2021-05-09 20:11:00-04:00,1584.5,1584.75,1583.5,1584.0,80,38,126720.5
2021-05-09 20:12:00-04:00,1584.0,1584.0,1582.25,1582.5,67,43,106049.5
2021-05-09 20:13:00-04:00,1582.5,1583.0,1582.0,1582.0,17,13,26901.5
2021-05-09 20:14:00-04:00,1582.5,1582.5,1581.5,1581.5,26,19,41133.5
2021-05-09 20:15:00-04:00,1582.0,1582.5,1581.75,1582.25,39,17,61700.5
2021-05-09 20:16:00-04:00,1582.5,1583.25,1581.5,1583.0,70,24,110765.75
2021-05-09 20:17:00-04:00,1582.75,1583.0,1582.75,1582.75,16,8,25326.75
2021-05-09 20:18:00-04:00,1583.0,1584.0,1582.75,1583.0,55,18,87080.5
2021-05-09 20:19:00-04:00,1583.25,1584.25,1583.25,1583.75,105,41,166283.5
2021-05-09 20:20:00-04:00,1584.0,1584.25,1583.0,1584.25,32,11,50670.5
2021-05-09 20:21:00-04:00,1584.25,1584.25,1581.0,1581.0,128,45,202564.5
2021-05-09 20:22:00-04:00,1581.0,1581.25,1580.25,1580.25,30,13,47422.0
2021-05-09 20:23:00-04:00,1581.0,1581.0,1578.25,1579.0,66,30,104239.25
2021-05-09 20:24:00-04:00,1579.25,1579.75,1578.75,1579.0,33,20,52117.25
2021-05-09 20:25:00-04:00,1579.5,1579.75,1578.5,1578.75,81,49,127895.5
2021-05-09 20:26:00-04:00,1578.75,1579.25,1578.5,1578.75,24,15,37893.25
2021-05-09 20:27:00-04:00,1578.75,1580.75,1578.25,1579.25,150,54,236986.25
2021-05-09 20:28:00-04:00,1579.75,1580.0,1578.5,1579.25,21,15,33163.25
2021-05-09 20:29:00-04:00,1579.25,1580.75,1579.25,1580.75,34,14,53716.25
2021-05-09 20:30:00-04:00,1580.75,1581.5,1579.75,1579.75,119,52,188125.25
2021-05-09 20:31:00-04:00,1580.0,1580.0,1579.5,1580.0,8,6,12638.5
2021-05-09 20:32:00-04:00,1580.0,1580.75,1579.5,1580.75,29,14,45821.25
2021-05-09 20:33:00-04:00,1581.0,1581.5,1580.5,1581.25,42,21,66405.25
2021-05-09 20:34:00-04:00,1581.5,1582.0,1581.0,1581.0,11,9,17396.75
2021-05-09 20:35:00-04:00,1581.0,1581.25,1580.75,1581.0,11,6,17390.25
2021-05-09 20:36:00-04:00,1581.25,1582.25,1581.25,1582.25,17,7,26886.75
2021-05-09 20:37:00-04:00,1582.25,1583.25,1581.5,1582.25,52,20,82292.75
2021-05-09 20:38:00-04:00,1581.75,1581.75,1580.5,1581.25,8,7,12647.5
2021-05-09 20:39:00-04:00,1581.25,1582.25,1581.25,1582.25,16,10,25306.75
2021-05-09 20:40:00-04:00,1582.5,1583.0,1581.5,1581.5,10,6,15823.5
2021-05-09 20:41:00-04:00,1581.25,1582.25,1581.0,1581.5,30,12,47447.0
2021-05-09 20:42:00-04:00,1581.75,1582.25,1581.5,1582.25,14,5,22146.25
2021-05-09 20:43:00-04:00,1581.75,1582.5,1581.75,1582.5,27,16,42720.25
2021-05-09 20:44:00-04:00,1582.5,1582.5,1582.0,1582.25,19,11,30062.25
2021-05-09 20:45:00-04:00,1581.75,1582.25,1581.75,1582.25,11,7,17401.5
2021-05-09 20:46:00-04:00,1582.0,1582.25,1581.75,1582.25,9,5,14239.0
2021-05-09 20:47:00-04:00,1581.75,1582.5,1581.75,1582.5,15,8,23731.25
2021-05-09 20:48:00-04:00,1582.0,1582.25,1581.0,1581.0,42,24,66418.0
2021-05-09 20:49:00-04:00,1581.25,1582.25,1581.25,1581.75,37,16,58521.5
2021-05-09 20:50:00-04:00,1581.75,1582.75,1581.75,1582.5,40,14,63297.5
2021-05-09 20:51:00-04:00,1582.5,1583.25,1582.0,1582.5,38,17,60137.0
2021-05-09 20:52:00-04:00,1582.25,1582.25,1581.25,1581.75,11,9,17400.0
2021-05-09 20:53:00-04:00,1581.75,1581.75,1581.5,1581.5,3,3,4745.0
2021-05-09 20:54:00-04:00,1582.0,1582.0,1582.0,1582.0,31,3,49042.0
2021-05-09 20:55:00-04:00,1581.75,1583.25,1581.75,1582.5,67,16,106015.75
2021-05-09 20:56:00-04:00,1582.5,1582.75,1582.25,1582.25,15,7,23736.75
2021-05-09 20:57:00-04:00,1583.0,1583.0,1583.0,1583.0,3,2,4749.0
2021-05-09 20:58:00-04:00,1583.25,1583.25,1582.75,1582.75,6,4,9497.75
2021-05-09 20:59:00-04:00,1582.5,1582.5,1581.75,1581.75,9,5,14238.5
2021-05-09 21:00:00-04:00,1581.5,1581.75,1579.75,1581.0,120,71,189662.5
2021-05-09 21:01:00-04:00,1581.0,1581.25,1580.0,1581.25,77,48,121704.75
2021-05-09 21:02:00-04:00,1581.25,1582.0,1581.25,1582.0,34,20,53775.5
2021-05-09 21:03:00-04:00,1582.75,1584.0,1582.75,1583.0,30,17,47502.5
2021-05-09 21:04:00-04:00,1582.75,1582.75,1582.0,1582.25,17,12,26899.0
2021-05-09 21:05:00-04:00,1582.0,1582.5,1582.0,1582.0,13,10,20569.75
2021-05-09 21:06:00-04:00,1582.75,1583.75,1582.75,1583.75,19,15,30081.25
2021-05-09 21:07:00-04:00,1584.0,1585.0,1584.0,1584.0,43,15,68127.25
2021-05-09 21:08:00-04:00,1584.0,1584.5,1584.0,1584.25,7,5,11090.5
2021-05-09 21:09:00-04:00,1584.0,1585.0,1583.5,1585.0,41,13,64953.75
2021-05-09 21:10:00-04:00,1584.25,1584.25,1584.0,1584.0,9,6,14257.0
2021-05-09 21:11:00-04:00,1583.75,1584.25,1583.5,1584.25,68,17,107703.5
2021-05-09 21:12:00-04:00,1584.25,1584.5,1584.0,1584.5,14,6,22178.25
2021-05-09 21:13:00-04:00,1584.5,1584.75,1583.75,1584.5,14,9,22180.25
2021-05-09 21:14:00-04:00,1584.25,1584.25,1582.5,1583.0,51,20,80737.75
2021-05-09 21:15:00-04:00,1583.25,1583.5,1582.5,1583.25,26,15,41162.0
2021-05-09 21:16:00-04:00,1583.0,1583.0,1582.5,1583.0,42,13,66482.25
2021-05-09 21:17:00-04:00,1582.75,1583.25,1582.75,1583.0,35,10,55401.0
2021-05-09 21:18:00-04:00,1583.0,1584.75,1583.0,1584.0,39,21,61779.5
2021-05-09 21:19:00-04:00,1583.75,1584.25,1583.75,1584.0,71,16,112470.75
2021-05-09 21:20:00-04:00,1584.0,1585.0,1584.0,1585.0,34,12,53866.25
2021-05-09 21:21:00-04:00,1585.0,1585.5,1584.5,1584.5,77,32,122041.5
2021-05-09 21:22:00-04:00,1584.5,1584.5,1583.5,1584.25,119,47,188498.75
2021-05-09 21:23:00-04:00,1584.0,1584.5,1584.0,1584.5,87,21,137829.0
2021-05-09 21:24:00-04:00,1584.5,1585.5,1584.0,1585.0,87,20,137873.5
2021-05-09 21:25:00-04:00,1585.25,1585.75,1585.25,1585.75,67,19,106229.25
2021-05-09 21:26:00-04:00,1586.0,1587.0,1586.0,1586.75,63,30,99960.75
2021-05-09 21:27:00-04:00,1586.5,1587.0,1586.25,1586.25,44,12,69809.75
2021-05-09 21:28:00-04:00,1586.25,1586.25,1585.5,1585.5,67,26,106269.0
2021-05-09 21:29:00-04:00,1585.5,1586.0,1585.5,1586.0,50,23,79286.25
2021-05-09 21:30:00-04:00,1586.0,1586.25,1585.25,1585.5,35,16,55507.75
2021-05-09 21:31:00-04:00,1585.0,1585.25,1584.5,1584.5,31,10,49132.75
2021-05-09 21:32:00-04:00,1584.5,1585.5,1584.25,1585.25,34,10,53880.5
2021-05-09 21:33:00-04:00,1585.25,1585.5,1584.5,1585.0,33,15,52306.75
2021-05-09 21:34:00-04:00,1584.75,1585.25,1584.75,1585.0,11,6,17435.25
2021-05-09 21:35:00-04:00,1585.5,1585.5,1584.75,1585.25,9,4,14265.0
2021-05-09 21:36:00-04:00,1585.0,1585.5,1584.75,1585.25,25,9,39628.5
2021-05-09 21:37:00-04:00,1585.75,1586.0,1585.5,1585.75,14,6,22200.75
2021-05-09 21:38:00-04:00,1585.75,1586.75,1585.75,1586.25,22,11,34901.75
2021-05-09 21:39:00-04:00,1586.25,1586.75,1586.25,1586.75,11,5,17452.25
2021-05-09 21:40:00-04:00,1587.0,1587.0,1586.25,1586.5,78,15,123770.75
2021-05-09 21:41:00-04:00,1586.5,1587.0,1586.5,1587.0,24,12,38081.0
2021-05-09 21:42:00-04:00,1587.0,1587.0,1586.75,1587.0,5,3,7934.75
2021-05-09 21:43:00-04:00,1587.0,1587.25,1587.0,1587.0,9,8,14284.0
2021-05-09 21:44:00-04:00,1587.25,1587.75,1587.0,1587.75,14,11,22223.75
2021-05-09 21:45:00-04:00,1587.5,1587.75,1587.5,1587.75,8,6,12701.25
2021-05-09 21:46:00-04:00,1587.75,1588.0,1587.25,1587.25,23,13,36514.25
2021-05-09 21:47:00-04:00,1587.25,1587.25,1586.5,1587.25,26,19,41260.75
2021-05-09 21:48:00-04:00,1587.5,1588.75,1587.5,1588.5,61,19,96875.5
2021-05-09 21:49:00-04:00,1588.5,1588.75,1588.25,1588.25,41,12,65132.25
2021-05-09 21:50:00-04:00,1588.5,1588.5,1588.0,1588.25,34,17,53998.5
2021-05-09 21:51:00-04:00,1588.25,1588.5,1588.0,1588.0,9,6,14294.75
2021-05-09 21:52:00-04:00,1587.75,1588.0,1587.0,1587.25,30,13,47630.25
2021-05-09 21:53:00-04:00,1587.25,1587.25,1586.5,1586.5,37,20,58718.25
2021-05-09 21:54:00-04:00,1586.5,1586.5,1585.75,1586.5,55,19,87240.5
2021-05-09 21:55:00-04:00,1586.5,1586.5,1586.0,1586.0,29,17,46000.25
2021-05-09 21:56:00-04:00,1586.0,1586.75,1586.0,1586.75,13,10,20623.25
2021-05-09 21:57:00-04:00,1586.5,1586.5,1586.5,1586.5,2,1,3173.0
2021-05-09 21:58:00-04:00,1586.5,1587.0,1586.25,1587.0,14,9,22211.25
2021-05-09 21:59:00-04:00,1587.25,1587.25,1587.25,1587.25,2,1,3174.5
2021-05-09 22:00:00-04:00,1587.0,1587.25,1586.75,1587.0,6,5,9522.0
2021-05-09 22:01:00-04:00,1587.0,1587.0,1586.5,1586.75,12,4,19041.0
2021-05-09 22:02:00-04:00,1586.75,1587.0,1586.75,1586.75,8,4,12694.75
2021-05-09 22:03:00-04:00,1586.75,1586.75,1586.25,1586.5,6,6,9519.0
2021-05-09 22:04:00-04:00,1586.5,1586.5,1586.0,1586.0,7,6,11103.75
2021-05-09 22:05:00-04:00,1586.0,1586.25,1585.75,1586.25,6,5,9516.25
2021-05-09 22:06:00-04:00,1586.25,1586.25,1585.75,1586.25,10,8,15860.25
2021-05-09 22:07:00-04:00,1586.5,1587.0,1586.5,1586.75,7,6,11106.5
2021-05-09 22:08:00-04:00,1587.0,1587.0,1586.75,1586.75,7,3,11108.5
2021-05-09 22:09:00-04:00,1586.5,1586.5,1586.25,1586.25,7,3,11104.75
2021-05-09 22:10:00-04:00,1586.0,1586.25,1585.25,1585.25,23,8,36474.0
2021-05-09 22:11:00-04:00,1585.75,1585.75,1585.25,1585.5,20,10,31708.25
2021-05-09 22:12:00-04:00,1585.75,1586.5,1585.5,1586.0,57,19,90402.25
2021-05-09 22:13:00-04:00,1585.75,1585.75,1585.5,1585.5,14,6,22199.75
2021-05-09 22:14:00-04:00,1585.25,1585.5,1585.25,1585.25,6,5,9511.75
2021-05-09 22:15:00-04:00,1585.5,1585.5,1584.25,1584.5,56,23,88751.25
2021-05-09 22:16:00-04:00,1584.75,1584.75,1584.25,1584.75,12,4,19014.25
2021-05-09 22:17:00-04:00,1585.0,1585.0,1585.0,1585.0,4,4,6340.0
2021-05-09 22:18:00-04:00,1584.75,1584.75,1583.75,1583.75,26,7,41186.75
2021-05-09 22:19:00-04:00,1583.5,1584.0,1583.5,1583.5,18,13,28507.0
2021-05-09 22:20:00-04:00,1583.5,1583.75,1583.5,1583.75,2,2,3167.25
2021-05-09 22:21:00-04:00,1583.5,1583.5,1582.75,1582.75,30,12,47490.75
2021-05-09 22:22:00-04:00,1582.75,1582.75,1582.25,1582.25,8,4,12660.0
2021-05-09 22:23:00-04:00,1582.25,1583.0,1582.0,1583.0,34,9,53800.75
2021-05-09 22:24:00-04:00,1582.5,1583.25,1582.5,1583.0,13,7,20579.0
2021-05-09 22:25:00-04:00,1582.5,1582.75,1582.5,1582.75,5,4,7913.0
2021-05-09 22:26:00-04:00,1583.0,1583.25,1582.75,1582.75,11,7,17412.0
2021-05-09 22:28:00-04:00,1583.0,1583.5,1583.0,1583.0,11,5,17414.75
2021-05-09 22:30:00-04:00,1583.0,1583.5,1582.75,1582.75,19,11,30079.0
2021-05-09 22:31:00-04:00,1582.75,1583.25,1582.75,1583.25,13,8,20581.0
2021-05-09 22:32:00-04:00,1583.25,1583.25,1583.0,1583.0,4,4,6332.25
2021-05-09 22:33:00-04:00,1582.75,1583.25,1582.5,1583.25,19,9,30070.5
2021-05-09 22:34:00-04:00,1583.5,1583.75,1583.5,1583.75,8,6,12669.5
2021-05-09 22:35:00-04:00,1583.5,1583.5,1583.5,1583.5,6,3,9501.0
2021-05-09 22:36:00-04:00,1583.5,1583.75,1583.5,1583.75,3,2,4751.0
2021-05-09 22:38:00-04:00,1583.25,1583.25,1583.25,1583.25,7,2,11082.75
2021-05-09 22:39:00-04:00,1583.0,1583.0,1582.75,1583.0,6,3,9497.75
2021-05-09 22:40:00-04:00,1582.5,1582.5,1581.0,1581.25,14,13,22143.5
2021-05-09 22:41:00-04:00,1581.5,1581.75,1581.25,1581.75,23,8,36376.0
2021-05-09 22:42:00-04:00,1581.5,1582.75,1581.5,1582.75,19,9,30057.0
2021-05-09 22:43:00-04:00,1582.75,1582.75,1581.5,1582.25,144,14,227806.5
2021-05-09 22:44:00-04:00,1582.25,1582.5,1582.25,1582.5,2,2,3164.75
2021-05-09 22:45:00-04:00,1582.5,1583.5,1582.5,1583.5,21,13,33240.25
2021-05-09 22:46:00-04:00,1583.5,1583.75,1583.25,1583.25,4,3,6334.25
2021-05-09 22:47:00-04:00,1583.0,1583.0,1582.5,1582.75,12,9,18992.0
2021-05-09 22:48:00-04:00,1583.0,1583.5,1582.75,1583.25,14,8,22165.0
2021-05-09 22:49:00-04:00,1583.25,1583.25,1583.0,1583.0,7,4,11081.5
2021-05-09 22:50:00-04:00,1583.25,1583.25,1582.0,1582.0,5,5,7914.0
2021-05-09 22:51:00-04:00,1582.0,1582.0,1582.0,1582.0,7,2,11074.0
2021-05-09 22:52:00-04:00,1582.0,1582.75,1582.0,1582.75,8,8,12658.75
2021-05-09 22:53:00-04:00,1582.25,1582.25,1582.25,1582.25,9,5,14240.25
2021-05-09 22:54:00-04:00,1582.5,1582.5,1582.5,1582.5,3,3,4747.5
2021-05-09 22:55:00-04:00,1582.5,1582.5,1581.25,1581.75,22,9,34797.5
2021-05-09 22:56:00-04:00,1582.0,1582.25,1581.75,1581.75,24,9,37970.5
2021-05-09 22:57:00-04:00,1581.5,1582.0,1581.25,1582.0,18,5,28470.0
2021-05-09 22:58:00-04:00,1581.75,1581.75,1581.75,1581.75,1,1,1581.75
2021-05-09 22:59:00-04:00,1582.0,1582.0,1581.25,1581.25,15,7,23727.0
2021-05-09 23:00:00-04:00,1581.0,1581.25,1580.0,1580.75,29,20,45837.75
2021-05-09 23:01:00-04:00,1580.5,1581.0,1580.25,1580.25,19,10,30030.5
2021-05-09 23:02:00-04:00,1580.25,1580.25,1579.25,1579.5,107,26,169029.75
2021-05-09 23:03:00-04:00,1579.75,1579.75,1579.5,1579.75,38,16,60024.75
2021-05-09 23:04:00-04:00,1579.75,1579.75,1579.75,1579.75,7,7,11058.25
2021-05-09 23:05:00-04:00,1579.75,1579.75,1579.5,1579.5,7,7,11057.0
2021-05-09 23:06:00-04:00,1579.5,1580.0,1579.5,1580.0,41,9,64772.5
2021-05-09 23:07:00-04:00,1580.0,1580.0,1579.5,1579.5,4,3,6319.0
2021-05-09 23:08:00-04:00,1580.0,1580.0,1579.75,1579.75,2,2,3159.75
2021-05-09 23:09:00-04:00,1579.75,1580.5,1579.75,1580.5,16,11,25282.75
2021-05-09 23:10:00-04:00,1580.5,1580.5,1580.25,1580.25,12,7,18965.5
2021-05-09 23:11:00-04:00,1580.0,1581.0,1580.0,1581.0,14,7,22125.25
2021-05-09 23:12:00-04:00,1581.0,1582.0,1581.0,1581.75,16,12,25304.25
2021-05-09 23:13:00-04:00,1582.0,1582.0,1582.0,1582.0,4,4,6328.0
2021-05-09 23:14:00-04:00,1582.0,1582.0,1582.0,1582.0,2,2,3164.0
2021-05-09 23:15:00-04:00,1581.75,1581.75,1581.75,1581.75,2,1,3163.5
2021-05-09 23:16:00-04:00,1581.75,1582.25,1581.75,1582.25,5,4,7910.25
2021-05-09 23:17:00-04:00,1582.0,1582.0,1580.5,1580.5,34,11,53766.5
2021-05-09 23:18:00-04:00,1581.0,1582.0,1581.0,1581.5,17,7,26888.75
2021-05-09 23:19:00-04:00,1581.75,1581.75,1581.0,1581.0,21,9,33212.5
2021-05-09 23:20:00-04:00,1580.5,1580.5,1580.5,1580.5,1,1,1580.5
2021-05-09 23:21:00-04:00,1579.75,1580.5,1579.75,1579.75,14,7,22120.0
2021-05-09 23:22:00-04:00,1579.75,1580.25,1579.5,1580.0,51,38,80575.25
2021-05-09 23:23:00-04:00,1580.0,1580.75,1580.0,1580.75,31,11,48992.75
2021-05-09 23:24:00-04:00,1580.75,1580.75,1580.0,1580.0,124,14,195924.25
2021-05-09 23:25:00-04:00,1580.0,1580.0,1579.0,1579.5,102,39,161134.25
2021-05-09 23:26:00-04:00,1579.5,1580.25,1579.0,1580.0,90,13,142187.25
2021-05-09 23:27:00-04:00,1579.75,1580.0,1579.0,1579.0,214,186,337920.25
2021-05-09 23:28:00-04:00,1579.0,1579.5,1579.0,1579.25,47,25,74221.0
2021-05-09 23:29:00-04:00,1579.25,1580.0,1579.25,1579.75,11,6,17377.75
2021-05-09 23:30:00-04:00,1579.5,1579.75,1579.5,1579.75,6,3,9478.25
2021-05-09 23:31:00-04:00,1579.75,1580.0,1579.75,1579.75,6,5,9479.0
2021-05-09 23:32:00-04:00,1580.25,1580.25,1580.0,1580.0,5,3,7900.75
2021-05-09 23:33:00-04:00,1580.25,1580.25,1580.25,1580.25,5,3,7901.25
2021-05-09 23:34:00-04:00,1580.5,1580.5,1580.5,1580.5,4,3,6322.0
2021-05-09 23:35:00-04:00,1580.75,1581.25,1580.75,1581.25,48,15,75895.25
2021-05-09 23:36:00-04:00,1581.25,1581.5,1581.25,1581.5,2,2,3162.75
2021-05-09 23:37:00-04:00,1581.5,1581.5,1581.5,1581.5,1,1,1581.5
2021-05-09 23:38:00-04:00,1581.25,1582.0,1581.25,1582.0,28,20,44293.0
2021-05-09 23:39:00-04:00,1582.0,1582.0,1581.5,1581.5,23,10,36384.25
2021-05-09 23:40:00-04:00,1581.5,1581.5,1581.5,1581.5,1,1,1581.5
2021-05-09 23:41:00-04:00,1581.5,1582.0,1581.5,1582.0,7,3,11072.25
2021-05-09 23:42:00-04:00,1581.75,1581.75,1581.5,1581.5,7,4,11072.0
2021-05-09 23:43:00-04:00,1581.75,1581.75,1581.75,1581.75,3,2,4745.25
2021-05-09 23:45:00-04:00,1581.5,1581.5,1581.5,1581.5,1,1,1581.5
2021-05-09 23:46:00-04:00,1581.5,1582.0,1581.5,1581.75,11,8,17399.5
2021-05-09 23:47:00-04:00,1581.5,1581.5,1581.5,1581.5,1,1,1581.5
2021-05-09 23:48:00-04:00,1581.25,1581.25,1580.75,1581.25,10,6,15809.75
2021-05-09 23:50:00-04:00,1581.25,1581.25,1581.25,1581.25,2,2,3162.5
2021-05-09 23:53:00-04:00,1581.0,1581.25,1581.0,1581.25,4,4,6324.25
2021-05-09 23:54:00-04:00,1581.5,1581.5,1581.5,1581.5,1,1,1581.5
2021-05-09 23:56:00-04:00,1581.25,1581.25,1581.25,1581.25,4,2,6325.0
2021-05-09 23:57:00-04:00,1581.25,1581.25,1581.25,1581.25,2,2,3162.5
2021-05-09 23:59:00-04:00,1581.5,1581.5,1581.5,1581.5,1,1,1581.5
2021-05-10 00:00:00-04:00,1581.5,1581.5,1581.0,1581.0,3,3,4743.75
2021-05-10 00:01:00-04:00,1581.25,1581.25,1581.25,1581.25,1,1,1581.25
2021-05-10 00:02:00-04:00,1581.0,1581.0,1581.0,1581.0,1,1,1581.0
2021-05-10 00:03:00-04:00,1581.0,1581.0,1581.0,1581.0,8,4,12648.0
2021-05-10 00:05:00-04:00,1581.0,1581.0,1581.0,1581.0,1,1,1581.0
2021-05-10 00:07:00-04:00,1580.75,1580.75,1580.75,1580.75,1,1,1580.75
2021-05-10 00:08:00-04:00,1581.0,1581.0,1581.0,1581.0,3,1,4743.0
2021-05-10 00:09:00-04:00,1581.75,1582.0,1581.75,1582.0,12,5,18983.0
2021-05-10 00:10:00-04:00,1581.75,1581.75,1581.75,1581.75,1,1,1581.75
2021-05-10 00:11:00-04:00,1581.75,1581.75,1581.75,1581.75,1,1,1581.75
2021-05-10 00:12:00-04:00,1581.75,1581.75,1581.75,1581.75,1,1,1581.75
2021-05-10 00:13:00-04:00,1582.0,1582.25,1582.0,1582.25,2,2,3164.25
2021-05-10 00:14:00-04:00,1582.5,1582.75,1582.25,1582.25,19,9,30070.25
2021-05-10 00:16:00-04:00,1582.0,1582.25,1581.75,1582.0,11,8,17401.75
2021-05-10 00:18:00-04:00,1582.0,1582.0,1581.5,1581.5,15,7,23724.0
2021-05-10 00:22:00-04:00,1581.25,1581.25,1581.25,1581.25,9,8,14231.25
2021-05-10 00:23:00-04:00,1581.5,1582.0,1581.5,1582.0,15,4,23727.25
2021-05-10 00:24:00-04:00,1581.5,1581.5,1581.5,1581.5,2,2,3163.0
2021-05-10 00:26:00-04:00,1581.5,1581.5,1581.5,1581.5,1,1,1581.5
2021-05-10 00:27:00-04:00,1581.5,1581.5,1581.5,1581.5,1,1,1581.5
2021-05-10 00:29:00-04:00,1581.5,1581.5,1581.5,1581.5,1,1,1581.5
2021-05-10 00:30:00-04:00,1581.5,1582.0,1581.5,1582.0,9,9,14235.75
2021-05-10 00:31:00-04:00,1581.75,1581.75,1581.75,1581.75,5,4,7908.75
2021-05-10 00:32:00-04:00,1582.0,1582.0,1581.5,1581.5,12,5,18979.75
2021-05-10 00:33:00-04:00,1581.5,1581.5,1581.5,1581.5,1,1,1581.5
2021-05-10 00:34:00-04:00,1581.25,1581.25,1581.25,1581.25,1,1,1581.25
2021-05-10 00:38:00-04:00,1581.75,1581.75,1581.75,1581.75,1,1,1581.75
2021-05-10 00:39:00-04:00,1582.0,1582.0,1582.0,1582.0,1,1,1582.0
2021-05-10 00:40:00-04:00,1581.75,1581.75,1581.75,1581.75,1,1,1581.75
2021-05-10 00:41:00-04:00,1581.75,1581.75,1581.75,1581.75,1,1,1581.75
2021-05-10 00:42:00-04:00,1581.75,1581.75,1580.75,1581.25,29,13,45856.75
2021-05-10 00:43:00-04:00,1580.75,1581.0,1580.75,1581.0,18,4,28454.0
2021-05-10 00:44:00-04:00,1581.0,1581.0,1581.0,1581.0,1,1,1581.0
2021-05-10 00:45:00-04:00,1581.0,1581.5,1581.0,1581.5,8,5,12651.5
2021-05-10 00:48:00-04:00,1581.5,1581.5,1581.5,1581.5,2,1,3163.0
2021-05-10 00:49:00-04:00,1581.75,1581.75,1581.75,1581.75,1,1,1581.75
2021-05-10 00:50:00-04:00,1581.75,1581.75,1581.75,1581.75,1,1,1581.75
2021-05-10 00:51:00-04:00,1581.5,1581.75,1581.5,1581.75,3,3,4744.75
2021-05-10 00:52:00-04:00,1581.75,1581.75,1581.75,1581.75,1,1,1581.75
2021-05-10 00:53:00-04:00,1581.5,1581.5,1581.25,1581.25,4,3,6325.25
2021-05-10 00:55:00-04:00,1581.25,1581.25,1581.0,1581.0,4,3,6324.25
2021-05-10 00:56:00-04:00,1581.25,1581.25,1580.5,1580.5,16,10,25291.25
2021-05-10 01:00:00-04:00,1580.25,1580.5,1580.25,1580.5,13,4,20543.75
2021-05-10 01:01:00-04:00,1580.25,1580.25,1580.0,1580.25,25,14,39502.75
2021-05-10 01:02:00-04:00,1580.5,1580.5,1580.5,1580.5,2,1,3161.0
2021-05-10 01:04:00-04:00,1580.25,1580.25,1580.25,1580.25,4,4,6321.0
2021-05-10 01:06:00-04:00,1580.25,1580.25,1580.25,1580.25,2,1,3160.5
2021-05-10 01:07:00-04:00,1580.25,1580.5,1580.25,1580.5,2,2,3160.75
2021-05-10 01:08:00-04:00,1580.0,1580.25,1579.75,1580.25,24,13,37922.75
2021-05-10 01:09:00-04:00,1580.5,1580.5,1580.5,1580.5,5,2,7902.5
2021-05-10 01:10:00-04:00,1580.5,1580.5,1580.5,1580.5,1,1,1580.5
2021-05-10 01:11:00-04:00,1580.25,1580.25,1580.25,1580.25,1,1,1580.25
2021-05-10 01:12:00-04:00,1580.25,1580.5,1580.25,1580.25,3,3,4741.0
2021-05-10 01:13:00-04:00,1580.5,1580.5,1580.5,1580.5,1,1,1580.5
2021-05-10 01:15:00-04:00,1580.25,1580.25,1580.25,1580.25,3,2,4740.75
2021-05-10 01:16:00-04:00,1580.0,1580.0,1579.75,1579.75,10,6,15799.5
2021-05-10 01:17:00-04:00,1580.0,1580.0,1580.0,1580.0,1,1,1580.0
2021-05-10 01:18:00-04:00,1580.0,1580.0,1580.0,1580.0,4,2,6320.0
2021-05-10 01:19:00-04:00,1580.0,1580.0,1580.0,1580.0,1,1,1580.0
2021-05-10 01:20:00-04:00,1580.0,1580.0,1579.75,1580.0,4,4,6319.75
2021-05-10 01:21:00-04:00,1580.25,1580.25,1580.0,1580.0,2,2,3160.25
2021-05-10 01:22:00-04:00,1580.0,1580.0,1580.0,1580.0,1,1,1580.0
2021-05-10 01:23:00-04:00,1580.0,1580.0,1579.75,1579.75,19,6,30018.0
2021-05-10 01:24:00-04:00,1580.0,1580.0,1580.0,1580.0,6,4,9480.0
2021-05-10 01:25:00-04:00,1580.0,1580.0,1579.75,1579.75,7,2,11058.5
2021-05-10 01:26:00-04:00,1579.75,1579.75,1579.75,1579.75,2,2,3159.5
2021-05-10 01:27:00-04:00,1580.0,1580.25,1580.0,1580.25,38,33,60040.75
2021-05-10 01:28:00-04:00,1581.0,1581.0,1580.75,1581.0,13,6,20551.0
2021-05-10 01:29:00-04:00,1581.0,1581.25,1581.0,1581.25,7,5,11067.75
2021-05-10 01:30:00-04:00,1580.75,1580.75,1579.0,1579.25,103,74,162724.0
2021-05-10 01:31:00-04:00,1579.25,1579.5,1579.25,1579.5,18,10,28429.5
2021-05-10 01:32:00-04:00,1579.5,1580.25,1579.5,1580.25,12,6,18958.0
2021-05-10 01:33:00-04:00,1580.25,1580.75,1580.25,1580.75,15,8,23709.25
2021-05-10 01:34:00-04:00,1580.75,1581.25,1580.5,1581.25,26,12,41106.0
2021-05-10 01:35:00-04:00,1581.5,1582.0,1581.25,1581.75,17,7,26886.0
2021-05-10 01:36:00-04:00,1581.5,1582.0,1581.25,1581.25,24,12,37960.5
2021-05-10 01:37:00-04:00,1581.25,1581.75,1581.25,1581.75,8,5,12651.75
2021-05-10 01:38:00-04:00,1581.25,1581.5,1581.25,1581.5,2,2,3162.75
2021-05-10 01:39:00-04:00,1581.75,1581.75,1580.75,1580.75,6,6,9487.0
2021-05-10 01:40:00-04:00,1580.75,1580.75,1580.5,1580.5,5,3,7903.5
2021-05-10 01:41:00-04:00,1580.5,1580.5,1580.25,1580.25,5,4,7902.25
2021-05-10 01:42:00-04:00,1580.25,1581.0,1579.25,1579.5,153,32,241715.5
2021-05-10 01:43:00-04:00,1579.75,1580.25,1579.75,1580.0,12,6,18960.0
2021-05-10 01:44:00-04:00,1580.75,1581.25,1580.75,1580.75,10,6,15810.0
2021-05-10 01:45:00-04:00,1581.5,1581.5,1581.5,1581.5,1,1,1581.5
2021-05-10 01:46:00-04:00,1581.25,1581.75,1581.25,1581.75,9,4,14233.0
2021-05-10 01:47:00-04:00,1581.5,1582.0,1581.5,1582.0,23,5,36376.0
2021-05-10 01:48:00-04:00,1582.0,1582.0,1582.0,1582.0,1,1,1582.0
2021-05-10 01:49:00-04:00,1582.0,1582.25,1582.0,1582.0,15,9,23731.25
2021-05-10 01:50:00-04:00,1581.75,1581.75,1581.0,1581.0,12,8,18977.5
2021-05-10 01:51:00-04:00,1581.0,1581.0,1580.75,1580.75,4,2,6323.25
2021-05-10 01:52:00-04:00,1580.75,1581.0,1580.75,1581.0,6,5,9485.75
2021-05-10 01:53:00-04:00,1580.75,1580.75,1580.0,1580.5,14,7,22126.5
2021-05-10 01:54:00-04:00,1580.0,1580.25,1580.0,1580.0,15,7,23701.25
2021-05-10 01:55:00-04:00,1580.0,1580.0,1580.0,1580.0,12,9,18960.0
2021-05-10 01:56:00-04:00,1580.0,1580.0,1580.0,1580.0,33,12,52140.0
2021-05-10 01:57:00-04:00,1580.25,1580.5,1580.25,1580.5,4,4,6321.25
2021-05-10 01:58:00-04:00,1580.75,1580.75,1580.5,1580.5,2,2,3161.25
2021-05-10 01:59:00-04:00,1580.75,1580.75,1580.25,1580.75,7,7,11063.75
2021-05-10 02:00:00-04:00,1580.75,1581.5,1580.75,1581.5,4,3,6324.25
2021-05-10 02:01:00-04:00,1581.5,1581.5,1581.25,1581.25,2,2,3162.75
2021-05-10 02:02:00-04:00,1580.75,1581.0,1580.5,1580.5,17,8,26872.5
2021-05-10 02:03:00-04:00,1581.0,1581.75,1581.0,1581.25,4,4,6325.0
2021-05-10 02:04:00-04:00,1581.25,1581.25,1581.0,1581.0,3,2,4743.5
2021-05-10 02:05:00-04:00,1581.25,1581.25,1581.0,1581.0,3,3,4743.25
2021-05-10 02:06:00-04:00,1581.25,1581.25,1581.25,1581.25,1,1,1581.25
2021-05-10 02:07:00-04:00,1581.5,1581.75,1581.5,1581.75,3,3,4745.0
2021-05-10 02:08:00-04:00,1582.0,1582.0,1581.5,1581.75,10,7,15817.5
2021-05-10 02:09:00-04:00,1581.5,1581.5,1580.5,1580.5,25,20,39526.75
2021-05-10 02:10:00-04:00,1580.25,1580.5,1580.25,1580.25,6,5,9482.5
2021-05-10 02:11:00-04:00,1580.25,1580.5,1580.25,1580.5,4,3,6321.25
2021-05-10 02:12:00-04:00,1580.5,1580.75,1580.5,1580.5,15,6,23708.5
2021-05-10 02:13:00-04:00,1580.25,1581.0,1580.25,1581.0,15,6,23709.25
2021-05-10 02:14:00-04:00,1580.75,1581.0,1580.5,1580.5,13,8,20549.75
2021-05-10 02:15:00-04:00,1580.75,1581.75,1580.75,1581.5,6,6,9487.75
2021-05-10 02:16:00-04:00,1581.5,1582.75,1581.5,1582.5,67,12,106009.75
2021-05-10 02:17:00-04:00,1582.75,1583.25,1582.75,1583.25,21,12,33244.0
2021-05-10 02:18:00-04:00,1583.0,1583.5,1583.0,1583.5,8,5,12667.0
2021-05-10 02:19:00-04:00,1583.5,1584.25,1583.5,1584.25,24,14,38016.5
2021-05-10 02:20:00-04:00,1584.0,1584.0,1583.5,1584.0,28,14,44347.0
2021-05-10 02:21:00-04:00,1584.0,1584.0,1583.25,1583.25,11,6,17417.75
2021-05-10 02:22:00-04:00,1583.5,1583.75,1583.5,1583.75,11,7,17420.0
2021-05-10 02:23:00-04:00,1583.75,1583.75,1583.75,1583.75,3,3,4751.25
2021-05-10 02:24:00-04:00,1583.75,1585.5,1583.75,1585.25,107,24,169572.0
2021-05-10 02:25:00-04:00,1585.75,1586.0,1585.75,1586.0,31,14,49160.25
2021-05-10 02:26:00-04:00,1586.25,1586.25,1585.5,1585.5,38,13,60257.5
2021-05-10 02:27:00-04:00,1585.25,1586.0,1585.25,1586.0,18,11,28544.75
2021-05-10 02:28:00-04:00,1585.75,1586.0,1585.75,1586.0,21,9,33303.75
2021-05-10 02:29:00-04:00,1586.25,1586.75,1586.0,1586.5,32,11,50760.5
2021-05-10 02:30:00-04:00,1586.5,1586.5,1585.75,1586.0,87,24,137998.75
2021-05-10 02:31:00-04:00,1586.0,1586.0,1584.75,1584.75,40,12,63413.25
2021-05-10 02:32:00-04:00,1585.25,1585.75,1585.25,1585.75,22,8,34880.25
2021-05-10 02:33:00-04:00,1585.75,1586.0,1585.75,1586.0,7,4,11101.25
2021-05-10 02:34:00-04:00,1585.75,1585.75,1584.5,1584.75,48,22,76086.0
2021-05-10 02:35:00-04:00,1584.5,1584.75,1584.5,1584.75,13,10,20599.0
2021-05-10 02:36:00-04:00,1584.75,1585.25,1584.75,1585.0,19,12,30116.25
2021-05-10 02:37:00-04:00,1585.0,1585.75,1585.0,1585.25,10,7,15854.5
2021-05-10 02:38:00-04:00,1585.25,1585.75,1585.0,1585.0,41,11,65003.25
2021-05-10 02:39:00-04:00,1585.75,1586.0,1585.5,1586.0,16,9,25372.0
2021-05-10 02:40:00-04:00,1585.5,1585.5,1585.25,1585.25,2,2,3170.75
2021-05-10 02:41:00-04:00,1585.0,1585.25,1584.25,1585.0,67,29,106189.0
2021-05-10 02:42:00-04:00,1585.0,1585.0,1585.0,1585.0,4,4,6340.0
2021-05-10 02:43:00-04:00,1585.25,1585.25,1585.0,1585.25,14,5,22193.0
2021-05-10 02:44:00-04:00,1585.25,1585.5,1584.75,1585.0,13,9,20606.5
2021-05-10 02:45:00-04:00,1584.75,1585.0,1584.75,1585.0,5,5,7924.0
2021-05-10 02:46:00-04:00,1585.0,1585.0,1584.5,1584.5,7,5,11093.0
2021-05-10 02:47:00-04:00,1584.5,1584.75,1584.25,1584.5,7,7,11091.75
2021-05-10 02:48:00-04:00,1584.25,1584.25,1583.75,1584.25,25,9,39601.25
2021-05-10 02:49:00-04:00,1584.25,1584.5,1584.25,1584.25,25,8,39608.5
2021-05-10 02:50:00-04:00,1584.0,1584.0,1583.75,1583.75,4,3,6335.5
2021-05-10 02:51:00-04:00,1584.0,1584.0,1583.75,1584.0,9,5,14254.5
2021-05-10 02:52:00-04:00,1584.0,1584.75,1584.0,1584.75,15,10,23767.5
2021-05-10 02:53:00-04:00,1584.5,1585.5,1584.5,1585.5,29,12,45964.75
2021-05-10 02:54:00-04:00,1585.75,1586.25,1585.75,1586.25,25,17,39648.5
2021-05-10 02:55:00-04:00,1585.75,1586.0,1585.75,1585.75,9,4,14272.0
2021-05-10 02:56:00-04:00,1585.5,1585.75,1585.25,1585.5,11,9,17440.5
2021-05-10 02:57:00-04:00,1585.25,1585.75,1585.25,1585.75,12,7,19027.25
2021-05-10 02:58:00-04:00,1586.0,1586.0,1586.0,1586.0,14,5,22204.0
2021-05-10 02:59:00-04:00,1586.0,1586.0,1585.5,1585.5,19,13,30127.25
2021-05-10 03:00:00-04:00,1585.5,1585.5,1584.75,1584.75,14,7,22195.5
2021-05-10 03:01:00-04:00,1584.75,1584.75,1584.5,1584.5,4,2,6338.75
2021-05-10 03:02:00-04:00,1584.5,1584.75,1584.5,1584.75,7,3,11092.0
2021-05-10 03:03:00-04:00,1584.75,1584.75,1584.25,1584.25,2,2,3169.0
2021-05-10 03:04:00-04:00,1584.25,1584.5,1583.75,1584.25,43,14,68112.5
2021-05-10 03:05:00-04:00,1584.0,1584.5,1584.0,1584.25,8,5,12674.25
2021-05-10 03:06:00-04:00,1584.0,1584.0,1583.25,1583.25,6,6,9501.75
2021-05-10 03:07:00-04:00,1583.5,1583.5,1583.5,1583.5,1,1,1583.5
2021-05-10 03:08:00-04:00,1583.25,1583.5,1583.0,1583.0,20,10,31662.25
2021-05-10 03:09:00-04:00,1583.25,1583.75,1583.25,1583.75,10,6,15835.25
2021-05-10 03:10:00-04:00,1583.75,1583.75,1583.0,1583.0,9,8,14250.25
2021-05-10 03:11:00-04:00,1582.75,1583.0,1582.25,1582.5,33,23,52227.75
2021-05-10 03:12:00-04:00,1582.75,1582.75,1582.75,1582.75,6,3,9496.5
2021-05-10 03:13:00-04:00,1582.5,1582.75,1582.0,1582.0,28,16,44304.5
2021-05-10 03:14:00-04:00,1581.75,1582.0,1581.5,1582.0,32,14,50617.5
2021-05-10 03:15:00-04:00,1581.75,1581.75,1581.5,1581.75,15,9,23725.0
2021-05-10 03:16:00-04:00,1581.5,1581.75,1581.25,1581.75,15,8,23723.5
2021-05-10 03:17:00-04:00,1581.5,1581.75,1581.25,1581.75,12,6,18979.25
2021-05-10 03:18:00-04:00,1581.75,1582.75,1581.75,1582.75,34,21,53792.0
2021-05-10 03:19:00-04:00,1582.5,1582.5,1582.0,1582.25,15,11,23733.0
2021-05-10 03:20:00-04:00,1582.0,1582.25,1582.0,1582.25,5,5,7911.0
2021-05-10 03:21:00-04:00,1582.0,1582.25,1582.0,1582.25,4,3,6328.75
2021-05-10 03:22:00-04:00,1582.25,1582.75,1582.0,1582.5,12,10,18989.0
2021-05-10 03:23:00-04:00,1582.5,1582.5,1582.0,1582.5,18,13,28479.0
2021-05-10 03:24:00-04:00,1582.5,1582.75,1582.25,1582.25,10,10,15825.5
2021-05-10 03:25:00-04:00,1582.25,1582.5,1581.75,1582.25,14,12,22150.75
2021-05-10 03:26:00-04:00,1582.25,1582.25,1582.25,1582.25,1,1,1582.25
2021-05-10 03:27:00-04:00,1582.25,1582.25,1581.75,1582.25,10,6,15821.75
2021-05-10 03:28:00-04:00,1582.25,1582.25,1581.75,1582.25,16,7,25312.5
2021-05-10 03:29:00-04:00,1581.75,1581.75,1581.25,1581.75,9,5,14233.75
2021-05-10 03:30:00-04:00,1581.75,1581.75,1581.5,1581.75,6,6,9490.0
2021-05-10 03:31:00-04:00,1581.75,1581.75,1581.75,1581.75,1,1,1581.75
2021-05-10 03:32:00-04:00,1582.25,1582.5,1582.25,1582.5,3,2,4747.0
2021-05-10 03:33:00-04:00,1582.75,1583.25,1582.75,1583.25,5,4,7914.75
2021-05-10 03:34:00-04:00,1582.75,1583.0,1582.75,1583.0,11,8,17410.75
2021-05-10 03:35:00-04:00,1582.75,1582.75,1582.75,1582.75,4,3,6331.0
2021-05-10 03:36:00-04:00,1582.75,1583.0,1582.75,1583.0,3,2,4748.5
2021-05-10 03:37:00-04:00,1583.25,1583.5,1583.0,1583.25,10,9,15832.25
2021-05-10 03:38:00-04:00,1583.0,1583.0,1582.75,1582.75,9,7,14246.25
2021-05-10 03:39:00-04:00,1582.75,1582.75,1582.75,1582.75,1,1,1582.75
2021-05-10 03:40:00-04:00,1582.75,1582.75,1582.0,1582.0,11,8,17405.5
2021-05-10 03:41:00-04:00,1582.25,1582.25,1582.25,1582.25,2,1,3164.5
2021-05-10 03:42:00-04:00,1582.25,1582.75,1582.25,1582.75,3,3,4747.5
2021-05-10 03:43:00-04:00,1582.5,1583.0,1582.5,1583.0,4,2,6331.5
2021-05-10 03:44:00-04:00,1583.25,1583.25,1583.25,1583.25,4,4,6333.0
2021-05-10 03:46:00-04:00,1583.0,1583.0,1582.75,1582.75,4,3,6331.5
2021-05-10 03:47:00-04:00,1582.5,1582.75,1582.25,1582.75,11,8,17407.0
2021-05-10 03:48:00-04:00,1582.5,1582.5,1582.5,1582.5,1,1,1582.5
2021-05-10 03:49:00-04:00,1582.5,1582.5,1582.5,1582.5,4,2,6330.0
2021-05-10 03:50:00-04:00,1582.75,1583.0,1582.75,1583.0,6,4,9496.75
2021-05-10 03:51:00-04:00,1583.25,1583.75,1583.25,1583.75,10,6,15836.0
2021-05-10 03:52:00-04:00,1583.75,1583.75,1583.5,1583.5,3,3,4750.75
2021-05-10 03:53:00-04:00,1583.5,1583.5,1583.0,1583.0,6,4,9499.5
2021-05-10 03:55:00-04:00,1582.75,1583.25,1582.75,1583.25,8,3,12664.75
2021-05-10 03:56:00-04:00,1583.0,1583.25,1582.75,1582.75,23,11,36410.25
2021-05-10 03:57:00-04:00,1582.5,1582.5,1582.0,1582.0,4,4,6329.0
2021-05-10 03:58:00-04:00,1582.5,1582.5,1582.5,1582.5,4,3,6330.0
2021-05-10 03:59:00-04:00,1582.5,1582.75,1582.25,1582.75,16,14,25319.0
2021-05-10 04:00:00-04:00,1582.25,1582.25,1582.0,1582.0,18,9,28478.25
2021-05-10 04:01:00-04:00,1582.25,1582.5,1582.0,1582.0,12,8,18986.0
2021-05-10 04:02:00-04:00,1582.0,1582.0,1581.75,1581.75,10,8,15818.0
2021-05-10 04:03:00-04:00,1582.0,1582.0,1582.0,1582.0,1,1,1582.0
2021-05-10 04:04:00-04:00,1581.75,1581.75,1581.5,1581.5,10,9,15816.0
2021-05-10 04:05:00-04:00,1581.5,1581.75,1581.5,1581.75,3,3,4744.75
2021-05-10 04:06:00-04:00,1581.5,1581.75,1581.5,1581.75,5,3,7908.5
2021-05-10 04:07:00-04:00,1582.0,1582.0,1582.0,1582.0,16,7,25312.0
2021-05-10 04:08:00-04:00,1582.0,1582.75,1582.0,1582.75,29,18,45881.5
2021-05-10 04:11:00-04:00,1582.75,1582.75,1582.75,1582.75,7,2,11079.25
2021-05-10 04:12:00-04:00,1582.75,1582.75,1582.5,1582.5,9,5,14242.75
2021-05-10 04:13:00-04:00,1582.5,1582.5,1582.5,1582.5,1,1,1582.5
2021-05-10 04:14:00-04:00,1582.25,1582.25,1582.0,1582.0,12,10,18985.75
2021-05-10 04:15:00-04:00,1582.25,1582.5,1582.0,1582.0,6,5,9493.75
2021-05-10 04:16:00-04:00,1582.0,1582.25,1582.0,1582.25,5,3,7910.25
2021-05-10 04:17:00-04:00,1582.0,1582.0,1582.0,1582.0,5,1,7910.0
2021-05-10 04:18:00-04:00,1582.25,1582.25,1582.25,1582.25,2,2,3164.5
2021-05-10 04:19:00-04:00,1582.5,1582.5,1582.5,1582.5,1,1,1582.5
2021-05-10 04:20:00-04:00,1582.25,1582.25,1582.0,1582.0,2,2,3164.25
2021-05-10 04:21:00-04:00,1582.0,1582.5,1582.0,1582.5,5,4,7911.5
2021-05-10 04:22:00-04:00,1582.75,1582.75,1582.75,1582.75,2,2,3165.5
2021-05-10 04:25:00-04:00,1582.5,1582.5,1582.25,1582.25,3,3,4747.0
2021-05-10 04:26:00-04:00,1582.5,1582.5,1582.5,1582.5,2,1,3165.0
2021-05-10 04:27:00-04:00,1582.5,1583.0,1582.5,1583.0,28,14,44314.0
2021-05-10 04:28:00-04:00,1583.0,1583.0,1582.75,1582.75,23,7,36408.5
2021-05-10 04:29:00-04:00,1582.75,1582.75,1582.75,1582.75,1,1,1582.75
2021-05-10 04:31:00-04:00,1583.0,1583.0,1582.75,1582.75,4,3,6331.5
2021-05-10 04:32:00-04:00,1582.5,1582.5,1581.5,1581.5,80,19,126535.75
2021-05-10 04:33:00-04:00,1581.5,1581.75,1581.5,1581.5,12,6,18979.5
2021-05-10 04:34:00-04:00,1581.5,1581.5,1581.0,1581.0,14,5,22136.5
2021-05-10 04:36:00-04:00,1581.25,1581.5,1581.25,1581.25,7,5,11069.0
2021-05-10 04:37:00-04:00,1581.25,1581.75,1581.25,1581.75,7,3,11070.75
2021-05-10 04:39:00-04:00,1582.25,1582.25,1582.25,1582.25,4,4,6329.0
2021-05-10 04:40:00-04:00,1582.0,1582.25,1581.75,1581.75,13,6,20565.0
2021-05-10 04:41:00-04:00,1582.0,1582.0,1581.75,1581.75,6,4,9491.25
2021-05-10 04:42:00-04:00,1582.0,1582.0,1582.0,1582.0,3,1,4746.0
2021-05-10 04:43:00-04:00,1582.25,1582.25,1581.75,1581.75,6,4,9492.0
2021-05-10 04:44:00-04:00,1581.75,1582.75,1581.75,1582.5,31,7,49057.5
2021-05-10 04:45:00-04:00,1582.75,1582.75,1582.75,1582.75,1,1,1582.75
2021-05-10 04:46:00-04:00,1582.75,1582.75,1582.75,1582.75,3,2,4748.25
2021-05-10 04:48:00-04:00,1582.5,1583.5,1582.5,1583.25,10,4,15830.5
2021-05-10 04:49:00-04:00,1583.5,1583.5,1583.0,1583.0,7,4,11083.75
2021-05-10 04:50:00-04:00,1583.5,1583.5,1583.5,1583.5,1,1,1583.5
2021-05-10 04:51:00-04:00,1583.5,1583.5,1582.25,1582.25,9,7,14248.25
2021-05-10 04:52:00-04:00,1582.75,1583.25,1582.0,1582.75,37,11,58555.0
2021-05-10 04:53:00-04:00,1583.25,1583.25,1583.25,1583.25,1,1,1583.25
2021-05-10 04:54:00-04:00,1583.25,1583.25,1583.0,1583.0,3,2,4749.25
2021-05-10 04:55:00-04:00,1583.5,1583.5,1583.5,1583.5,1,1,1583.5
2021-05-10 04:56:00-04:00,1583.25,1583.25,1583.0,1583.0,3,3,4749.5
2021-05-10 04:57:00-04:00,1583.25,1583.25,1583.25,1583.25,2,2,3166.5
2021-05-10 04:58:00-04:00,1583.5,1583.5,1583.5,1583.5,5,4,7917.5
2021-05-10 04:59:00-04:00,1583.5,1583.5,1583.25,1583.25,5,4,7917.0
2021-05-10 05:00:00-04:00,1583.0,1583.0,1583.0,1583.0,56,3,88648.0
2021-05-10 05:01:00-04:00,1583.25,1583.25,1583.25,1583.25,4,3,6333.0
2021-05-10 05:02:00-04:00,1583.25,1583.5,1582.75,1582.75,25,15,39576.0
2021-05-10 05:04:00-04:00,1583.0,1583.5,1583.0,1583.5,6,3,9498.5
2021-05-10 05:05:00-04:00,1583.5,1583.75,1583.5,1583.5,6,6,9501.5
2021-05-10 05:06:00-04:00,1583.5,1583.5,1583.5,1583.5,1,1,1583.5
2021-05-10 05:07:00-04:00,1583.75,1583.75,1583.5,1583.5,8,2,12668.5
2021-05-10 05:08:00-04:00,1583.5,1583.5,1583.5,1583.5,1,1,1583.5
2021-05-10 05:09:00-04:00,1584.0,1584.75,1584.0,1584.75,20,9,31689.25
2021-05-10 05:10:00-04:00,1584.5,1584.5,1584.25,1584.25,27,8,42777.25
2021-05-10 05:11:00-04:00,1584.25,1584.75,1584.25,1584.25,13,6,20598.25
2021-05-10 05:12:00-04:00,1584.0,1584.25,1583.75,1584.25,13,3,20592.25
2021-05-10 05:13:00-04:00,1584.25,1584.25,1584.25,1584.25,1,1,1584.25
2021-05-10 05:14:00-04:00,1584.5,1584.75,1584.5,1584.75,9,3,14262.0
2021-05-10 05:15:00-04:00,1584.75,1585.25,1584.5,1585.0,43,26,68145.25
2021-05-10 05:16:00-04:00,1585.0,1585.0,1584.75,1584.75,5,2,7924.0
2021-05-10 05:17:00-04:00,1584.0,1584.0,1583.5,1583.5,10,4,15839.0
2021-05-10 05:18:00-04:00,1584.0,1584.25,1584.0,1584.25,11,4,17424.25
2021-05-10 05:19:00-04:00,1583.5,1583.5,1583.5,1583.5,3,1,4750.5
2021-05-10 05:20:00-04:00,1583.5,1583.5,1583.5,1583.5,4,3,6334.0
2021-05-10 05:21:00-04:00,1583.5,1583.5,1583.5,1583.5,1,1,1583.5
2021-05-10 05:22:00-04:00,1583.25,1583.25,1582.5,1582.5,10,8,15828.0
2021-05-10 05:23:00-04:00,1582.75,1583.0,1582.75,1582.75,9,8,14245.75
2021-05-10 05:24:00-04:00,1582.75,1583.0,1582.75,1583.0,8,5,12662.25
2021-05-10 05:25:00-04:00,1582.75,1582.75,1582.75,1582.75,1,1,1582.75
2021-05-10 05:26:00-04:00,1583.25,1583.25,1583.25,1583.25,9,2,14249.25
2021-05-10 05:27:00-04:00,1583.0,1583.25,1583.0,1583.25,5,3,7916.0
2021-05-10 05:28:00-04:00,1583.0,1583.75,1583.0,1583.25,32,15,50666.75
2021-05-10 05:29:00-04:00,1583.0,1583.0,1583.0,1583.0,5,1,7915.0
2021-05-10 05:30:00-04:00,1582.75,1582.75,1582.25,1582.5,30,20,47476.75
2021-05-10 05:31:00-04:00,1582.5,1582.75,1582.5,1582.75,8,5,12661.0
2021-05-10 05:32:00-04:00,1582.75,1583.0,1582.75,1583.0,5,5,7914.75
2021-05-10 05:33:00-04:00,1582.5,1582.5,1582.25,1582.5,5,4,7912.25
2021-05-10 05:35:00-04:00,1582.5,1582.75,1582.25,1582.75,14,6,22155.5
2021-05-10 05:36:00-04:00,1582.5,1582.75,1582.5,1582.75,7,4,11078.75
2021-05-10 05:37:00-04:00,1582.75,1583.0,1582.75,1583.0,3,3,4748.5
2021-05-10 05:38:00-04:00,1583.0,1583.0,1583.0,1583.0,2,2,3166.0
2021-05-10 05:39:00-04:00,1583.0,1583.75,1583.0,1583.75,13,4,20585.0
2021-05-10 05:40:00-04:00,1583.5,1583.75,1583.5,1583.75,4,2,6334.25
2021-05-10 05:41:00-04:00,1583.5,1583.5,1583.0,1583.0,16,7,25333.75
2021-05-10 05:42:00-04:00,1582.75,1582.75,1582.5,1582.5,7,3,11078.75
2021-05-10 05:43:00-04:00,1582.75,1582.75,1582.75,1582.75,1,1,1582.75
2021-05-10 05:44:00-04:00,1582.75,1582.75,1582.75,1582.75,1,1,1582.75
2021-05-10 05:46:00-04:00,1583.0,1583.0,1583.0,1583.0,3,3,4749.0
2021-05-10 05:47:00-04:00,1582.75,1583.0,1582.5,1582.75,6,4,9496.5
2021-05-10 05:48:00-04:00,1583.0,1583.25,1583.0,1583.25,6,2,9499.0
2021-05-10 05:49:00-04:00,1583.5,1584.25,1583.5,1584.25,17,11,26924.25
2021-05-10 05:50:00-04:00,1584.25,1584.75,1584.25,1584.75,15,10,23769.75
2021-05-10 05:51:00-04:00,1584.75,1584.75,1584.75,1584.75,7,5,11093.25
2021-05-10 05:52:00-04:00,1584.75,1584.75,1584.0,1584.0,9,6,14259.25
2021-05-10 05:53:00-04:00,1584.0,1584.5,1584.0,1584.25,10,5,15841.25
2021-05-10 05:54:00-04:00,1584.25,1584.5,1584.0,1584.5,10,4,15842.75
2021-05-10 05:55:00-04:00,1584.25,1584.25,1584.25,1584.25,2,2,3168.5
2021-05-10 05:56:00-04:00,1584.5,1584.75,1584.5,1584.75,5,3,7923.25
2021-05-10 05:57:00-04:00,1585.0,1585.5,1584.75,1585.5,11,6,17435.5
2021-05-10 05:58:00-04:00,1585.75,1586.0,1585.25,1585.5,37,18,58666.75
2021-05-10 05:59:00-04:00,1585.5,1585.5,1585.5,1585.5,3,2,4756.5
2021-05-10 06:00:00-04:00,1585.25,1585.25,1584.5,1584.5,13,9,20603.25
2021-05-10 06:01:00-04:00,1584.25,1584.75,1584.25,1584.75,10,5,15844.5
2021-05-10 06:02:00-04:00,1584.75,1585.25,1584.75,1585.25,5,3,7925.0
2021-05-10 06:04:00-04:00,1585.0,1585.0,1584.75,1584.75,7,7,11093.75
2021-05-10 06:05:00-04:00,1584.75,1584.75,1584.75,1584.75,4,2,6339.0
2021-05-10 06:06:00-04:00,1584.75,1585.0,1584.75,1585.0,5,3,7924.0
2021-05-10 06:07:00-04:00,1584.5,1584.5,1584.25,1584.25,4,2,6337.25
2021-05-10 06:08:00-04:00,1584.25,1584.25,1584.25,1584.25,6,1,9505.5
2021-05-10 06:09:00-04:00,1584.25,1584.25,1584.25,1584.25,1,1,1584.25
2021-05-10 06:10:00-04:00,1584.25,1584.75,1584.25,1584.75,8,5,12677.25
2021-05-10 06:12:00-04:00,1584.75,1585.0,1584.75,1585.0,2,2,3169.75
2021-05-10 06:13:00-04:00,1584.75,1584.75,1584.5,1584.5,4,3,6338.5
2021-05-10 06:14:00-04:00,1584.5,1585.25,1584.5,1585.25,15,6,23773.75
2021-05-10 06:15:00-04:00,1585.0,1585.0,1584.5,1584.5,13,9,20601.25
2021-05-10 06:16:00-04:00,1584.5,1585.0,1584.5,1585.0,27,21,42783.75
2021-05-10 06:17:00-04:00,1585.0,1585.0,1585.0,1585.0,2,2,3170.0
2021-05-10 06:18:00-04:00,1585.25,1585.25,1585.0,1585.0,3,3,4755.5
2021-05-10 06:19:00-04:00,1585.0,1585.0,1584.75,1584.75,3,2,4754.5
2021-05-10 06:20:00-04:00,1584.75,1584.75,1584.75,1584.75,1,1,1584.75
2021-05-10 06:21:00-04:00,1584.5,1584.75,1584.5,1584.75,2,2,3169.25
2021-05-10 06:22:00-04:00,1584.75,1584.75,1584.75,1584.75,1,1,1584.75
2021-05-10 06:23:00-04:00,1584.5,1584.5,1584.5,1584.5,9,7,14260.5
2021-05-10 06:25:00-04:00,1584.5,1584.75,1584.5,1584.5,11,7,17431.75
2021-05-10 06:26:00-04:00,1584.5,1584.5,1584.5,1584.5,8,7,12676.0
2021-05-10 06:27:00-04:00,1584.5,1584.5,1584.5,1584.5,29,26,45950.5
2021-05-10 06:28:00-04:00,1584.5,1584.5,1583.75,1584.0,32,16,50696.5
2021-05-10 06:29:00-04:00,1584.25,1584.25,1583.75,1583.75,7,5,11088.5
2021-05-10 06:30:00-04:00,1584.25,1584.5,1584.25,1584.5,9,7,14259.0
2021-05-10 06:31:00-04:00,1584.5,1584.5,1584.5,1584.5,4,1,6338.0
2021-05-10 06:32:00-04:00,1584.5,1584.5,1584.25,1584.25,12,5,19013.75
2021-05-10 06:33:00-04:00,1583.75,1584.0,1583.75,1584.0,11,7,17422.75
2021-05-10 06:34:00-04:00,1584.0,1584.0,1583.75,1583.75,3,2,4751.5
2021-05-10 06:35:00-04:00,1584.0,1584.25,1584.0,1584.25,4,4,6336.5
2021-05-10 06:36:00-04:00,1584.0,1584.5,1584.0,1584.0,19,9,30099.5
2021-05-10 06:37:00-04:00,1583.75,1583.75,1583.75,1583.75,4,3,6335.0
2021-05-10 06:38:00-04:00,1583.5,1583.75,1583.25,1583.75,28,17,44334.5
2021-05-10 06:39:00-04:00,1583.75,1583.75,1583.75,1583.75,1,1,1583.75
2021-05-10 06:40:00-04:00,1583.5,1584.0,1583.5,1583.75,5,4,7919.25
2021-05-10 06:41:00-04:00,1583.75,1583.75,1583.5,1583.5,7,4,11084.75
2021-05-10 06:42:00-04:00,1583.25,1583.75,1583.25,1583.75,7,6,11084.0
2021-05-10 06:43:00-04:00,1583.75,1583.75,1583.5,1583.5,3,3,4750.75
2021-05-10 06:44:00-04:00,1583.75,1583.75,1583.5,1583.5,5,3,7918.0
2021-05-10 06:45:00-04:00,1583.5,1583.5,1583.25,1583.25,5,3,7917.25
2021-05-10 06:46:00-04:00,1583.0,1583.25,1582.5,1582.75,16,11,25328.25
2021-05-10 06:47:00-04:00,1582.5,1582.5,1582.25,1582.25,13,4,20572.25
2021-05-10 06:48:00-04:00,1582.5,1582.5,1581.75,1582.0,19,7,30058.0
2021-05-10 06:49:00-04:00,1582.0,1582.25,1582.0,1582.25,11,4,17404.5
2021-05-10 06:50:00-04:00,1582.25,1582.5,1582.0,1582.25,13,7,20571.5
2021-05-10 06:52:00-04:00,1582.75,1582.75,1582.75,1582.75,2,2,3165.5
2021-05-10 06:53:00-04:00,1583.0,1583.0,1582.75,1583.0,4,4,6331.75
2021-05-10 06:54:00-04:00,1583.0,1583.0,1583.0,1583.0,12,6,18996.0
2021-05-10 06:55:00-04:00,1583.25,1583.25,1583.25,1583.25,3,3,4749.75
2021-05-10 06:56:00-04:00,1583.25,1583.5,1583.0,1583.5,46,9,72825.0
2021-05-10 06:57:00-04:00,1583.5,1583.75,1583.5,1583.5,7,5,11085.0
2021-05-10 06:58:00-04:00,1583.25,1583.25,1583.25,1583.25,1,1,1583.25
2021-05-10 06:59:00-04:00,1583.25,1583.25,1583.25,1583.25,4,2,6333.0
2021-05-10 07:00:00-04:00,1583.0,1583.25,1583.0,1583.0,15,7,23745.25
2021-05-10 07:01:00-04:00,1583.0,1583.25,1583.0,1583.25,61,23,96565.25
2021-05-10 07:02:00-04:00,1583.25,1583.5,1582.75,1583.5,34,15,53822.75
2021-05-10 07:03:00-04:00,1583.5,1584.0,1583.5,1584.0,18,10,28509.5
2021-05-10 07:04:00-04:00,1583.75,1583.75,1583.75,1583.75,7,5,11086.25
2021-05-10 07:05:00-04:00,1583.75,1583.75,1583.75,1583.75,1,1,1583.75
2021-05-10 07:06:00-04:00,1583.5,1584.25,1583.5,1584.0,30,20,47520.5
2021-05-10 07:07:00-04:00,1584.25,1585.25,1584.25,1584.75,26,14,41200.5
2021-05-10 07:08:00-04:00,1584.75,1585.5,1584.75,1585.5,29,14,45975.0
2021-05-10 07:09:00-04:00,1585.25,1585.25,1585.25,1585.25,7,3,11096.75
2021-05-10 07:10:00-04:00,1585.0,1585.25,1584.75,1585.25,16,10,25359.25
2021-05-10 07:11:00-04:00,1585.0,1585.0,1584.75,1584.75,14,10,22188.75
2021-05-10 07:12:00-04:00,1585.0,1585.25,1585.0,1585.25,3,3,4755.25
2021-05-10 07:13:00-04:00,1585.0,1585.5,1585.0,1585.25,11,8,17438.25
2021-05-10 07:14:00-04:00,1585.0,1585.25,1585.0,1585.25,3,3,4755.25
2021-05-10 07:15:00-04:00,1585.0,1585.0,1585.0,1585.0,6,3,9510.0
2021-05-10 07:16:00-04:00,1585.0,1585.0,1583.75,1583.75,32,21,50703.5
2021-05-10 07:17:00-04:00,1583.75,1583.75,1583.5,1583.5,7,6,11085.25
2021-05-10 07:18:00-04:00,1583.25,1583.5,1583.0,1583.25,9,6,14248.75
2021-05-10 07:19:00-04:00,1583.25,1583.25,1583.25,1583.25,4,3,6333.0
2021-05-10 07:20:00-04:00,1583.25,1583.75,1583.25,1583.5,11,8,17418.25
2021-05-10 07:21:00-04:00,1583.0,1583.0,1582.25,1582.25,28,15,44308.25
2021-05-10 07:22:00-04:00,1582.25,1582.25,1582.0,1582.25,36,13,56955.0
2021-05-10 07:23:00-04:00,1582.25,1582.25,1581.5,1582.0,82,23,129713.0
2021-05-10 07:24:00-04:00,1582.0,1582.25,1582.0,1582.0,13,8,20566.75
2021-05-10 07:25:00-04:00,1581.75,1581.75,1581.5,1581.5,7,4,11071.25
2021-05-10 07:26:00-04:00,1581.5,1581.5,1581.0,1581.0,20,10,31622.75
2021-05-10 07:27:00-04:00,1581.0,1582.0,1581.0,1582.0,22,12,34791.5
2021-05-10 07:28:00-04:00,1581.75,1581.75,1581.25,1581.5,16,8,25303.25
2021-05-10 07:29:00-04:00,1581.75,1582.0,1581.75,1581.75,15,7,23728.25
2021-05-10 07:30:00-04:00,1581.5,1581.75,1581.5,1581.75,5,3,7908.0
2021-05-10 07:31:00-04:00,1581.75,1581.75,1581.25,1581.25,7,6,11070.25
2021-05-10 07:32:00-04:00,1581.25,1581.5,1581.25,1581.5,18,10,28465.0
2021-05-10 07:33:00-04:00,1581.5,1581.5,1581.0,1581.0,5,4,7905.5
2021-05-10 07:34:00-04:00,1581.0,1581.5,1580.75,1581.5,11,10,17392.0
2021-05-10 07:35:00-04:00,1581.5,1581.75,1581.25,1581.5,13,8,20559.5
2021-05-10 07:36:00-04:00,1581.5,1581.5,1581.5,1581.5,3,2,4744.5
2021-05-10 07:37:00-04:00,1581.75,1581.75,1581.75,1581.75,6,3,9490.5
2021-05-10 07:38:00-04:00,1582.0,1582.5,1582.0,1582.5,15,8,23735.25
2021-05-10 07:39:00-04:00,1582.25,1583.25,1582.25,1583.25,10,8,15828.0
2021-05-10 07:40:00-04:00,1583.25,1583.5,1583.25,1583.25,12,6,18999.5
2021-05-10 07:41:00-04:00,1583.0,1583.0,1582.5,1582.5,20,14,31657.5
2021-05-10 07:42:00-04:00,1582.5,1582.5,1582.0,1582.0,8,5,12656.75
2021-05-10 07:43:00-04:00,1582.25,1582.75,1582.25,1582.75,8,4,12659.5
2021-05-10 07:44:00-04:00,1583.0,1583.5,1583.0,1583.25,13,8,20581.5
2021-05-10 07:45:00-04:00,1583.25,1583.25,1582.25,1582.25,11,7,17412.75
2021-05-10 07:46:00-04:00,1582.0,1582.25,1581.75,1582.25,11,7,17402.25
2021-05-10 07:47:00-04:00,1582.5,1582.75,1582.25,1582.75,31,9,49057.5
2021-05-10 07:48:00-04:00,1583.0,1583.0,1583.0,1583.0,1,1,1583.0
2021-05-10 07:49:00-04:00,1583.0,1583.5,1583.0,1583.0,16,7,25330.25
2021-05-10 07:50:00-04:00,1583.0,1583.0,1583.0,1583.0,4,4,6332.0
2021-05-10 07:51:00-04:00,1583.25,1583.25,1583.25,1583.25,3,1,4749.75
2021-05-10 07:52:00-04:00,1583.0,1583.5,1583.0,1583.5,5,3,7916.0
2021-05-10 07:53:00-04:00,1583.0,1583.0,1582.75,1582.75,8,6,12663.5
2021-05-10 07:54:00-04:00,1582.75,1583.75,1582.75,1583.25,12,7,19000.0
2021-05-10 07:55:00-04:00,1583.25,1583.25,1582.25,1582.5,9,8,14244.5
2021-05-10 07:56:00-04:00,1582.5,1582.75,1582.5,1582.75,3,2,4748.0
2021-05-10 07:57:00-04:00,1583.0,1583.25,1583.0,1583.25,6,4,9499.0
2021-05-10 07:58:00-04:00,1583.5,1583.5,1583.25,1583.5,5,4,7917.0
2021-05-10 08:00:00-04:00,1583.25,1584.25,1583.25,1584.25,9,6,14254.0
2021-05-10 08:01:00-04:00,1584.25,1585.5,1584.25,1584.25,105,37,166374.25
2021-05-10 08:02:00-04:00,1584.75,1585.0,1583.0,1583.25,197,47,312042.0
2021-05-10 08:03:00-04:00,1583.25,1584.0,1582.5,1583.5,247,70,391119.5
2021-05-10 08:04:00-04:00,1583.75,1584.5,1583.5,1584.5,174,53,275639.0
2021-05-10 08:05:00-04:00,1584.5,1585.0,1584.25,1585.0,272,71,431031.25
2021-05-10 08:06:00-04:00,1584.75,1585.75,1584.5,1585.25,204,64,323353.5
2021-05-10 08:07:00-04:00,1585.25,1586.25,1585.25,1586.25,251,61,398011.75
2021-05-10 08:08:00-04:00,1586.25,1586.75,1585.75,1586.25,309,75,490135.0
2021-05-10 08:09:00-04:00,1586.25,1587.25,1585.75,1587.25,102,27,161808.5
2021-05-10 08:10:00-04:00,1587.0,1587.25,1586.75,1587.0,26,10,41264.0
2021-05-10 08:11:00-04:00,1586.75,1587.25,1586.75,1587.0,16,9,25390.25
2021-05-10 08:12:00-04:00,1586.75,1586.75,1586.0,1586.0,44,15,69800.75
2021-05-10 08:13:00-04:00,1585.75,1587.0,1585.5,1586.25,90,28,142770.25
2021-05-10 08:14:00-04:00,1586.0,1586.5,1586.0,1586.0,28,11,44411.75
2021-05-10 08:15:00-04:00,1586.5,1587.25,1586.25,1587.0,147,39,233292.75
2021-05-10 08:16:00-04:00,1586.75,1587.0,1586.0,1586.25,64,28,101542.75
2021-05-10 08:17:00-04:00,1586.0,1586.0,1586.0,1586.0,13,10,20618.0
2021-05-10 08:18:00-04:00,1586.0,1586.25,1585.25,1585.5,77,17,122075.0
2021-05-10 08:19:00-04:00,1585.5,1585.75,1585.5,1585.5,13,6,20612.25
2021-05-10 08:20:00-04:00,1585.75,1586.5,1585.75,1586.0,18,9,28549.25
2021-05-10 08:21:00-04:00,1586.0,1586.25,1586.0,1586.25,12,6,19034.5
2021-05-10 08:22:00-04:00,1586.25,1586.25,1585.75,1586.0,30,8,47579.75
2021-05-10 08:23:00-04:00,1586.0,1586.0,1586.0,1586.0,1,1,1586.0
2021-05-10 08:24:00-04:00,1585.75,1587.5,1585.75,1587.25,101,19,160277.0
2021-05-10 08:25:00-04:00,1587.25,1588.25,1587.25,1588.0,70,33,111136.5
2021-05-10 08:26:00-04:00,1587.75,1588.25,1587.75,1588.25,23,12,36521.0
2021-05-10 08:27:00-04:00,1588.25,1588.5,1587.5,1587.5,21,15,33347.75
2021-05-10 08:28:00-04:00,1587.5,1588.0,1587.0,1588.0,124,32,196860.75
2021-05-10 08:29:00-04:00,1587.75,1588.0,1587.5,1588.0,94,20,149244.75
2021-05-10 08:30:00-04:00,1588.0,1588.5,1587.75,1588.25,58,18,92104.0
2021-05-10 08:31:00-04:00,1588.25,1588.5,1588.25,1588.5,25,12,39709.25
2021-05-10 08:32:00-04:00,1588.25,1588.5,1587.75,1588.5,94,34,149266.0
2021-05-10 08:33:00-04:00,1588.25,1589.75,1588.25,1589.0,180,40,286042.25
2021-05-10 08:34:00-04:00,1588.75,1588.75,1588.0,1588.75,195,52,309754.0
2021-05-10 08:35:00-04:00,1588.75,1589.75,1588.75,1589.5,60,36,95345.25
2021-05-10 08:36:00-04:00,1589.75,1590.5,1589.5,1590.25,145,41,230584.25
2021-05-10 08:37:00-04:00,1590.25,1590.5,1589.0,1589.75,66,27,104929.75
2021-05-10 08:38:00-04:00,1590.0,1591.5,1590.0,1591.25,106,29,168618.75
2021-05-10 08:39:00-04:00,1591.25,1592.0,1591.0,1591.25,62,33,98680.0
2021-05-10 08:40:00-04:00,1591.25,1592.0,1591.0,1591.75,93,27,148035.0
2021-05-10 08:41:00-04:00,1591.75,1591.75,1590.0,1590.75,95,37,151123.25
2021-05-10 08:42:00-04:00,1590.75,1591.5,1590.75,1591.5,90,27,143193.25
2021-05-10 08:43:00-04:00,1591.5,1592.5,1591.25,1591.75,86,39,136891.25
2021-05-10 08:44:00-04:00,1591.5,1592.25,1591.5,1592.25,130,38,206944.0
2021-05-10 09:29:00-04:00,1593.0,1593.25,1592.5,1593.0,319,40,508148.0
2021-05-10 09:30:00-04:00,1593.0,1593.75,1587.0,1589.0,2132,776,3392325.75
2021-05-10 09:31:00-04:00,1588.5,1589.25,1583.25,1583.75,1017,353,1612883.5
2021-05-10 09:32:00-04:00,1583.5,1585.5,1582.75,1585.0,636,233,1007550.0
2021-05-10 09:33:00-04:00,1585.25,1585.75,1583.75,1585.25,505,188,800267.0
2021-05-10 09:34:00-04:00,1585.25,1587.0,1583.75,1586.75,358,165,567685.5
2021-05-10 09:35:00-04:00,1586.75,1588.0,1585.5,1587.75,997,257,1581986.25
2021-05-10 09:36:00-04:00,1587.5,1589.75,1587.25,1589.75,535,124,849937.5
2021-05-10 09:37:00-04:00,1589.5,1589.5,1587.25,1587.25,360,107,571702.25
2021-05-10 09:38:00-04:00,1587.25,1588.25,1586.25,1587.25,212,87,336524.75
2021-05-10 09:39:00-04:00,1587.0,1587.75,1585.5,1586.0,120,67,190387.0
2021-05-10 09:40:00-04:00,1586.0,1588.25,1585.5,1587.5,467,230,741077.25
2021-05-10 09:41:00-04:00,1587.75,1589.0,1587.5,1589.0,166,61,263648.75
2021-05-10 09:42:00-04:00,1588.75,1589.75,1588.75,1588.75,204,100,324161.75
2021-05-10 09:43:00-04:00,1589.0,1591.0,1588.75,1591.0,309,86,491313.75
2021-05-10 09:44:00-04:00,1590.75,1591.0,1589.25,1589.5,177,69,281427.75
2021-05-10 09:45:00-04:00,1589.75,1589.75,1588.5,1589.0,177,92,281279.5
2021-05-10 09:46:00-04:00,1589.25,1589.5,1588.5,1589.0,159,64,252645.75
2021-05-10 09:47:00-04:00,1589.0,1589.75,1589.0,1589.25,140,75,222519.5
2021-05-10 09:48:00-04:00,1589.25,1589.25,1586.0,1586.75,374,173,593649.5
2021-05-10 09:49:00-04:00,1587.0,1588.5,1586.0,1588.25,458,111,726831.0
2021-05-10 09:50:00-04:00,1588.25,1588.5,1587.25,1588.5,510,191,809922.25
2021-05-10 09:51:00-04:00,1588.5,1589.5,1588.25,1588.75,128,49,203355.5
2021-05-10 09:52:00-04:00,1588.75,1588.75,1586.25,1586.5,219,129,347585.25
2021-05-10 09:53:00-04:00,1586.25,1586.25,1583.75,1584.25,260,85,412035.75
2021-05-10 09:54:00-04:00,1583.75,1585.75,1583.75,1585.25,150,72,237727.5
2021-05-10 09:55:00-04:00,1585.25,1585.25,1584.5,1585.0,145,64,229805.5
2021-05-10 09:56:00-04:00,1585.25,1585.5,1583.75,1584.75,91,58,144170.75
2021-05-10 09:57:00-04:00,1584.75,1585.25,1583.75,1584.75,168,80,266235.5
2021-05-10 09:58:00-04:00,1584.5,1584.75,1583.5,1584.0,217,75,343733.5
2021-05-10 09:59:00-04:00,1584.0,1584.25,1583.25,1583.5,413,136,654132.5
2021-05-10 10:00:00-04:00,1583.25,1583.5,1582.0,1582.5,577,159,913187.0
2021-05-10 10:01:00-04:00,1582.5,1582.75,1582.0,1582.25,232,88,367136.25
2021-05-10 10:02:00-04:00,1582.0,1582.25,1581.0,1581.0,337,124,533010.25
2021-05-10 10:03:00-04:00,1581.25,1582.0,1580.5,1580.75,439,113,694071.5
2021-05-10 10:04:00-04:00,1580.75,1580.75,1579.25,1580.25,1276,233,2016050.5
2021-05-10 10:05:00-04:00,1580.25,1582.25,1580.0,1582.25,470,137,743150.5
2021-05-10 10:06:00-04:00,1582.25,1583.25,1581.75,1583.0,299,115,473139.25
2021-05-10 10:07:00-04:00,1582.75,1584.75,1582.0,1584.75,272,89,430676.0
2021-05-10 10:08:00-04:00,1584.75,1586.5,1584.75,1586.0,807,229,1279324.75
2021-05-10 10:09:00-04:00,1586.0,1586.75,1585.75,1586.5,342,91,542472.75
2021-05-10 10:10:00-04:00,1586.75,1586.75,1585.75,1586.0,132,53,209381.75
2021-05-10 10:11:00-04:00,1586.0,1588.5,1585.5,1588.0,482,140,764798.25
2021-05-10 10:12:00-04:00,1588.0,1589.25,1588.0,1588.75,328,127,521086.75
2021-05-10 10:13:00-04:00,1588.75,1590.0,1588.5,1589.5,293,89,465715.5
2021-05-10 10:14:00-04:00,1589.5,1590.75,1589.5,1590.5,279,112,443613.25
2021-05-10 10:15:00-04:00,1590.75,1591.25,1589.25,1589.25,149,74,236913.5
2021-05-10 10:16:00-04:00,1589.0,1590.75,1589.0,1590.75,170,81,270213.75
2021-05-10 10:17:00-04:00,1590.5,1593.0,1590.25,1592.0,271,133,431403.5
2021-05-10 10:18:00-04:00,1592.0,1592.75,1592.0,1592.0,170,66,270692.25
2021-05-10 10:19:00-04:00,1591.75,1592.25,1591.25,1592.0,150,50,238759.0
2021-05-10 10:20:00-04:00,1592.0,1592.0,1590.0,1590.0,145,71,230682.5
2021-05-10 10:21:00-04:00,1589.75,1590.0,1589.25,1589.5,103,60,163728.0
2021-05-10 10:22:00-04:00,1589.5,1590.25,1589.5,1590.0,53,25,84268.75
2021-05-10 10:23:00-04:00,1590.0,1590.25,1589.25,1590.25,52,32,82675.75
2021-05-10 10:24:00-04:00,1590.25,1590.25,1589.5,1589.5,60,46,95389.25
2021-05-10 10:25:00-04:00,1589.75,1592.0,1589.25,1591.75,367,99,583757.5
2021-05-10 10:26:00-04:00,1591.75,1593.5,1591.75,1593.25,344,91,547973.0
2021-05-10 10:27:00-04:00,1593.25,1593.5,1592.5,1593.0,372,84,592559.5
2021-05-10 10:28:00-04:00,1593.0,1593.75,1591.25,1591.75,467,117,743621.75
2021-05-10 10:29:00-04:00,1591.25,1591.75,1590.25,1590.75,490,192,779561.25
2021-05-10 10:30:00-04:00,1590.75,1591.0,1590.25,1590.75,346,81,550399.25
2021-05-10 10:31:00-04:00,1590.5,1591.0,1590.25,1590.75,335,86,532836.25
2021-05-10 10:32:00-04:00,1590.75,1591.0,1588.25,1588.25,270,89,429167.75
2021-05-10 10:33:00-04:00,1588.5,1588.75,1587.5,1588.0,170,69,269971.5
2021-05-10 10:34:00-04:00,1588.0,1589.75,1588.0,1588.75,276,70,438492.0
2021-05-10 10:35:00-04:00,1588.75,1589.0,1588.25,1588.75,95,42,150924.0
2021-05-10 10:36:00-04:00,1589.0,1589.5,1588.25,1588.75,127,45,201809.0
2021-05-10 10:37:00-04:00,1588.75,1588.75,1587.5,1588.5,160,62,254082.75
2021-05-10 10:38:00-04:00,1588.5,1588.75,1587.25,1587.25,275,67,436791.25
2021-05-10 10:39:00-04:00,1587.25,1588.5,1586.25,1588.5,244,101,387282.25
2021-05-10 10:40:00-04:00,1588.75,1589.25,1588.0,1589.25,150,64,238306.75
2021-05-10 10:41:00-04:00,1589.25,1589.25,1587.75,1588.5,74,29,117552.75
2021-05-10 10:42:00-04:00,1588.25,1589.25,1588.25,1589.0,59,36,93744.25
2021-05-10 10:43:00-04:00,1589.0,1589.0,1588.25,1588.25,81,31,128678.5
2021-05-10 10:44:00-04:00,1588.25,1588.25,1587.75,1588.25,87,37,138168.25
2021-05-10 10:45:00-04:00,1588.25,1588.25,1587.0,1587.5,253,87,401595.25
2021-05-10 10:46:00-04:00,1587.5,1588.25,1587.25,1588.0,56,28,88910.5
2021-05-10 10:47:00-04:00,1588.0,1588.0,1587.0,1587.0,135,46,214275.5
2021-05-10 10:48:00-04:00,1587.0,1587.0,1584.75,1584.75,273,73,432852.5
2021-05-10 10:49:00-04:00,1584.75,1585.25,1583.25,1584.75,324,108,513333.0
2021-05-10 10:50:00-04:00,1584.75,1585.0,1584.0,1584.5,132,41,209160.5
2021-05-10 10:51:00-04:00,1584.25,1585.5,1583.75,1584.0,256,82,405642.5
2021-05-10 10:52:00-04:00,1584.0,1584.5,1583.25,1584.0,303,116,479862.5
2021-05-10 10:53:00-04:00,1584.0,1585.25,1583.5,1585.25,232,87,367489.5
2021-05-10 10:54:00-04:00,1585.25,1586.5,1585.25,1585.5,287,77,455143.0
2021-05-10 10:55:00-04:00,1585.25,1585.25,1585.0,1585.25,42,26,66573.75
2021-05-10 10:56:00-04:00,1585.25,1585.5,1584.25,1585.0,194,54,307501.5
2021-05-10 10:57:00-04:00,1585.0,1585.5,1584.5,1585.25,71,40,112537.5
2021-05-10 10:58:00-04:00,1585.25,1586.25,1585.0,1585.25,68,35,107819.75
2021-05-10 10:59:00-04:00,1585.25,1587.5,1585.25,1587.5,345,110,547327.0
2021-05-10 11:00:00-04:00,1587.75,1588.25,1587.0,1588.0,119,60,188908.5
2021-05-10 11:01:00-04:00,1588.0,1589.0,1587.5,1588.75,125,53,198552.0
2021-05-10 11:02:00-04:00,1589.25,1590.5,1589.0,1590.25,246,94,391061.75
2021-05-10 11:03:00-04:00,1590.5,1591.25,1589.25,1589.75,266,112,423080.75
2021-05-10 11:04:00-04:00,1589.5,1591.75,1589.5,1591.5,416,91,661956.5
2021-05-10 11:05:00-04:00,1591.5,1591.5,1590.0,1590.5,169,60,268897.25
2021-05-10 11:06:00-04:00,1590.0,1591.75,1590.0,1591.5,398,100,633141.0
2021-05-10 11:07:00-04:00,1591.5,1591.75,1591.0,1591.25,95,43,151183.75
2021-05-10 11:08:00-04:00,1591.0,1591.5,1590.25,1591.5,482,66,766827.0
2021-05-10 11:09:00-04:00,1591.0,1591.0,1589.0,1590.25,139,63,221019.5
2021-05-10 11:10:00-04:00,1590.25,1590.75,1589.75,1590.5,269,97,427781.25
2021-05-10 11:11:00-04:00,1590.5,1591.75,1590.0,1591.5,141,74,224308.75
2021-05-10 11:12:00-04:00,1591.5,1591.75,1589.5,1589.5,185,86,294320.75
2021-05-10 11:13:00-04:00,1589.25,1589.25,1588.75,1588.75,64,33,101696.0
2021-05-10 11:14:00-04:00,1588.75,1589.25,1588.25,1588.75,143,47,227190.0
2021-05-10 11:15:00-04:00,1589.0,1589.5,1588.5,1589.5,52,29,82628.5
2021-05-10 11:16:00-04:00,1589.5,1590.0,1589.25,1589.75,76,29,120806.0
2021-05-10 11:17:00-04:00,1589.75,1590.25,1589.75,1589.75,37,20,58827.5
2021-05-10 11:18:00-04:00,1589.75,1589.75,1589.25,1589.75,31,26,49275.5
2021-05-10 11:19:00-04:00,1589.25,1589.75,1589.0,1589.75,43,26,68338.0
2021-05-10 11:20:00-04:00,1589.75,1591.0,1589.5,1590.5,82,49,130383.0
2021-05-10 11:21:00-04:00,1590.75,1590.75,1590.25,1590.5,48,36,76349.75
2021-05-10 11:22:00-04:00,1590.5,1591.0,1590.0,1590.0,95,43,151114.75
2021-05-10 11:23:00-04:00,1590.25,1590.25,1589.5,1590.0,99,45,157386.75
2021-05-10 11:24:00-04:00,1590.25,1590.5,1588.25,1588.25,133,64,211381.0
2021-05-10 11:25:00-04:00,1588.25,1588.25,1587.5,1588.0,98,50,155619.25
2021-05-10 11:26:00-04:00,1588.25,1588.25,1587.5,1587.5,49,22,77806.75
2021-05-10 11:27:00-04:00,1587.75,1589.0,1587.75,1588.75,56,32,88951.5
2021-05-10 11:28:00-04:00,1588.75,1589.5,1588.5,1588.75,80,30,127118.5
2021-05-10 11:29:00-04:00,1588.75,1589.5,1588.25,1588.5,85,47,135035.25
2021-05-10 11:30:00-04:00,1588.5,1588.75,1587.75,1588.0,61,36,96883.75
2021-05-10 11:31:00-04:00,1588.0,1588.25,1587.75,1588.0,104,47,165158.5
2021-05-10 11:32:00-04:00,1588.0,1588.25,1587.75,1588.0,63,44,100049.0
2021-05-10 11:33:00-04:00,1588.25,1588.25,1586.75,1587.75,202,74,320682.0
2021-05-10 11:34:00-04:00,1587.5,1588.25,1587.25,1587.5,113,55,179406.0
2021-05-10 11:35:00-04:00,1587.5,1587.75,1587.25,1587.25,98,44,155574.75
2021-05-10 11:36:00-04:00,1587.0,1587.0,1586.0,1587.0,95,57,150735.5
2021-05-10 11:37:00-04:00,1587.25,1588.5,1587.25,1588.0,130,51,206419.25
2021-05-10 11:38:00-04:00,1588.25,1588.25,1587.25,1587.5,66,36,104794.5
2021-05-10 11:39:00-04:00,1587.25,1588.25,1587.25,1587.5,100,38,158794.75
2021-05-10 11:40:00-04:00,1587.5,1589.0,1587.25,1589.0,260,118,412921.0
2021-05-10 11:41:00-04:00,1589.0,1589.5,1589.0,1589.25,130,63,206595.0
2021-05-10 11:42:00-04:00,1589.5,1589.5,1588.25,1588.75,75,44,119157.25
2021-05-10 11:43:00-04:00,1588.75,1588.75,1588.5,1588.5,35,23,55603.0
2021-05-10 11:44:00-04:00,1588.5,1588.75,1587.75,1587.75,42,29,66705.0
2021-05-10 11:45:00-04:00,1587.75,1588.75,1587.5,1588.5,89,33,141343.5
2021-05-10 11:46:00-04:00,1588.5,1588.5,1587.0,1587.25,116,41,184162.5
2021-05-10 11:47:00-04:00,1587.25,1588.0,1587.25,1588.0,50,27,79381.75
2021-05-10 11:48:00-04:00,1587.75,1589.0,1587.5,1588.5,68,38,108010.5
2021-05-10 11:49:00-04:00,1588.75,1589.0,1588.5,1588.5,81,47,128697.75
2021-05-10 11:50:00-04:00,1588.5,1588.75,1588.0,1588.25,85,46,135006.75
2021-05-10 11:51:00-04:00,1588.25,1589.0,1588.25,1588.75,159,58,252613.5
2021-05-10 11:52:00-04:00,1589.0,1589.0,1588.25,1589.0,83,36,131865.0
2021-05-10 11:53:00-04:00,1588.75,1589.0,1587.75,1587.75,45,28,71471.25
2021-05-10 11:54:00-04:00,1588.0,1589.0,1587.75,1588.75,100,50,158832.0
2021-05-10 11:55:00-04:00,1588.5,1589.0,1588.25,1588.5,107,55,169978.5
2021-05-10 11:56:00-04:00,1588.5,1589.0,1587.75,1589.0,279,51,443116.75
2021-05-10 11:57:00-04:00,1588.75,1589.25,1587.5,1587.5,370,101,587882.25
2021-05-10 11:58:00-04:00,1587.5,1587.75,1587.25,1587.5,35,20,55565.0
2021-05-10 11:59:00-04:00,1587.5,1587.75,1586.5,1587.0,123,54,195217.5
2021-05-10 12:00:00-04:00,1587.25,1587.75,1587.0,1587.5,86,39,136505.25
2021-05-10 12:01:00-04:00,1587.25,1587.5,1586.75,1587.0,50,28,79354.0
2021-05-10 12:02:00-04:00,1586.75,1587.25,1586.0,1587.0,170,68,269723.25
2021-05-10 12:03:00-04:00,1587.0,1587.75,1586.75,1587.0,118,64,187288.25
2021-05-10 12:04:00-04:00,1587.0,1589.0,1587.0,1588.75,108,60,171488.75
2021-05-10 12:05:00-04:00,1588.75,1588.75,1588.0,1588.75,73,37,115952.0
2021-05-10 12:06:00-04:00,1588.75,1588.75,1588.0,1588.0,34,13,53999.75
2021-05-10 12:07:00-04:00,1588.0,1588.0,1586.75,1586.75,66,43,104750.75
2021-05-10 12:08:00-04:00,1586.5,1587.0,1586.25,1586.25,96,45,152305.25
2021-05-10 12:09:00-04:00,1586.25,1587.75,1586.0,1587.5,104,47,165049.75
2021-05-10 12:10:00-04:00,1587.5,1588.0,1586.75,1587.75,104,49,165074.5
2021-05-10 12:11:00-04:00,1587.75,1587.75,1586.25,1587.0,141,61,223731.5
2021-05-10 12:12:00-04:00,1587.0,1587.25,1586.25,1586.25,162,43,257108.0
2021-05-10 12:13:00-04:00,1586.0,1587.75,1585.25,1587.0,278,81,441126.5
2021-05-10 12:14:00-04:00,1586.5,1587.0,1586.0,1586.5,178,62,282382.5
2021-05-10 12:15:00-04:00,1586.25,1586.5,1585.5,1585.5,66,25,104685.25
2021-05-10 12:16:00-04:00,1585.5,1585.75,1585.25,1585.25,102,61,161725.25
2021-05-10 12:17:00-04:00,1585.25,1586.25,1585.0,1586.25,163,75,258467.75
2021-05-10 12:18:00-04:00,1586.25,1586.75,1585.75,1586.25,105,53,166559.5
2021-05-10 12:19:00-04:00,1586.0,1586.0,1584.5,1585.25,417,117,660990.5
2021-05-10 12:20:00-04:00,1585.0,1586.25,1584.75,1586.25,326,91,516857.0
2021-05-10 12:21:00-04:00,1586.0,1586.0,1585.0,1585.25,64,38,101471.0
2021-05-10 12:22:00-04:00,1585.25,1585.5,1585.0,1585.0,94,39,149007.5
2021-05-10 12:23:00-04:00,1585.0,1585.25,1584.5,1585.0,133,52,210766.75
2021-05-10 12:24:00-04:00,1585.0,1585.5,1584.5,1584.5,66,38,104607.25
2021-05-10 12:25:00-04:00,1584.75,1584.75,1584.0,1584.5,100,44,158438.75
2021-05-10 12:26:00-04:00,1584.5,1584.75,1583.25,1584.25,361,113,571811.5
2021-05-10 12:27:00-04:00,1584.25,1584.5,1583.75,1584.25,153,79,242387.5
2021-05-10 12:28:00-04:00,1584.5,1584.5,1583.25,1583.5,119,64,188474.75
2021-05-10 12:29:00-04:00,1583.25,1584.0,1582.5,1582.75,292,75,462225.25
2021-05-10 12:30:00-04:00,1582.75,1586.25,1582.5,1585.5,391,169,619539.0
2021-05-10 12:31:00-04:00,1585.5,1585.5,1583.5,1584.25,208,68,329508.5
2021-05-10 12:32:00-04:00,1584.25,1584.75,1584.0,1584.5,164,79,259843.0
2021-05-10 12:33:00-04:00,1584.5,1585.25,1583.0,1583.5,76,34,120378.0
2021-05-10 12:34:00-04:00,1583.25,1584.25,1583.0,1584.25,109,51,172583.0
2021-05-10 12:35:00-04:00,1584.0,1585.0,1584.0,1584.5,50,29,79229.5
2021-05-10 12:36:00-04:00,1584.75,1585.0,1584.75,1585.0,24,16,38038.0
2021-05-10 12:37:00-04:00,1585.0,1586.0,1585.0,1585.25,103,43,163314.75
2021-05-10 12:38:00-04:00,1585.0,1585.0,1583.75,1584.0,69,34,109318.75
2021-05-10 12:39:00-04:00,1584.0,1586.25,1584.0,1586.25,74,49,117325.0
2021-05-10 12:40:00-04:00,1586.5,1586.5,1585.75,1585.75,77,42,122129.0
2021-05-10 12:41:00-04:00,1585.5,1586.25,1585.25,1586.25,54,33,85644.75
2021-05-10 12:42:00-04:00,1586.0,1586.0,1585.0,1585.0,51,33,80852.0
2021-05-10 12:43:00-04:00,1584.75,1584.75,1584.25,1584.25,33,19,52287.25
2021-05-10 12:44:00-04:00,1584.0,1584.75,1583.75,1584.5,65,41,102977.5
2021-05-10 12:45:00-04:00,1584.75,1585.5,1584.5,1585.25,46,19,72913.25
2021-05-10 12:46:00-04:00,1585.0,1585.25,1584.75,1584.75,20,15,31702.25
2021-05-10 12:47:00-04:00,1585.0,1585.75,1584.75,1585.0,44,20,69752.75
2021-05-10 12:48:00-04:00,1585.0,1585.5,1585.0,1585.0,38,17,60236.75
2021-05-10 12:49:00-04:00,1585.25,1585.5,1585.25,1585.25,26,18,41219.25
2021-05-10 12:50:00-04:00,1585.25,1585.75,1585.25,1585.5,23,12,36464.75
2021-05-10 12:51:00-04:00,1585.5,1586.0,1585.5,1585.75,40,22,63429.25
2021-05-10 12:52:00-04:00,1585.5,1585.75,1585.25,1585.25,39,22,61835.0
2021-05-10 12:53:00-04:00,1585.25,1585.25,1584.75,1585.25,63,30,99854.5
2021-05-10 12:54:00-04:00,1585.25,1585.75,1585.0,1585.75,62,33,98295.75
2021-05-10 12:55:00-04:00,1585.75,1585.75,1585.25,1585.5,45,17,71348.0
2021-05-10 12:56:00-04:00,1585.75,1587.75,1585.75,1587.5,355,164,563270.75
2021-05-10 12:57:00-04:00,1587.25,1587.75,1586.0,1586.0,93,42,147606.5
2021-05-10 12:58:00-04:00,1586.25,1587.0,1586.25,1587.0,26,20,41256.25
2021-05-10 12:59:00-04:00,1587.0,1587.5,1586.75,1587.25,42,30,66655.75
2021-05-10 13:00:00-04:00,1587.25,1587.25,1586.5,1586.5,26,16,41259.25
2021-05-10 13:01:00-04:00,1586.25,1586.25,1585.75,1585.75,16,9,25375.75
2021-05-10 13:02:00-04:00,1585.75,1585.75,1585.0,1585.0,52,20,82444.75
2021-05-10 13:03:00-04:00,1584.75,1585.0,1584.75,1584.75,35,15,55468.5
2021-05-10 13:04:00-04:00,1584.5,1584.75,1584.0,1584.5,39,29,61789.5
2021-05-10 13:05:00-04:00,1584.25,1585.25,1583.25,1584.0,217,122,343799.75
2021-05-10 13:06:00-04:00,1584.25,1585.75,1584.25,1585.5,62,34,98264.5
2021-05-10 13:07:00-04:00,1585.75,1586.0,1585.25,1585.5,123,54,195023.5
2021-05-10 13:08:00-04:00,1585.25,1585.5,1584.75,1585.0,54,26,85596.0
2021-05-10 13:09:00-04:00,1585.0,1585.5,1584.75,1585.0,40,21,63404.25
2021-05-10 13:10:00-04:00,1584.75,1585.0,1584.75,1585.0,33,14,52301.5
2021-05-10 13:11:00-04:00,1585.0,1585.25,1584.5,1585.0,112,47,177523.25
2021-05-10 13:12:00-04:00,1585.0,1585.25,1584.5,1585.0,47,28,74487.75
2021-05-10 13:13:00-04:00,1585.25,1586.0,1585.25,1585.25,70,25,111000.5
2021-05-10 13:14:00-04:00,1585.25,1585.25,1583.75,1584.0,107,54,169506.75
2021-05-10 13:15:00-04:00,1584.25,1584.75,1583.75,1584.5,91,34,144169.0
2021-05-10 13:16:00-04:00,1584.5,1585.25,1583.75,1584.0,84,48,133114.5
2021-05-10 13:17:00-04:00,1584.0,1584.5,1583.5,1584.0,151,94,239176.25
2021-05-10 13:18:00-04:00,1584.0,1584.25,1583.5,1584.0,94,40,148877.5
2021-05-10 13:19:00-04:00,1583.75,1584.25,1583.75,1584.0,68,30,107709.25
