,XUC1 Curncy,XUC1 Curncy,XUC1 Curncy,XUC1 Curncy,XUC1 Curncy,XUC1 Curncy,XUC1 Curncy
,PX_Open,PX_High,PX_Low,Last_Price,Volume,FUT_CUR_GEN_TICKER,OPEN_INT
2020-08-03,7.1896,7.2054,7.1876,7.1996,21227.0,XUCU20,41166.0
2020-08-04,7.2012,7.2025,7.1918,7.1979,13465.0,XUCU20,41022.0
2020-08-05,7.1981,7.2019,7.1505,7.1535,25293.0,XUCU20,42771.0
2020-08-06,7.1522,7.1625,7.1437,7.1561,29008.0,XUCU20,42306.0
2020-08-07,7.1571,7.1869,7.1551,7.1703,26136.0,XUCU20,41476.0
2020-08-10,7.1691,7.1883,7.1657,7.1814,25569.0,XUCU20,41754.0
2020-08-11,7.1813,7.1842,7.1522,7.1536,27584.0,XUCU20,40789.0
2020-08-12,7.1515,7.166,7.1493,7.1533,31301.0,XUCU20,43605.0
2020-08-13,7.1546,7.1574,7.1371,7.1493,20701.0,XUCU20,42479.0
2020-08-14,7.1492,7.162,7.1468,7.1597,21500.0,XUCU20,41633.0
2020-08-17,7.1572,7.1575,7.1374,7.1415,20379.0,XUCU20,41588.0
2020-08-18,7.1461,7.1469,7.1221,7.1249,17192.0,XUCU20,41194.0
2020-08-19,7.1237,7.1266,7.1029,7.1096,25748.0,XUCU20,41639.0
2020-08-20,7.1064,7.1299,7.1059,7.1204,25474.0,XUCU20,41950.0
2020-08-21,7.1209,7.1263,7.096,7.1113,21125.0,XUCU20,43735.0
2020-08-24,7.1139,7.1289,7.1008,7.1072,20460.0,XUCU20,45336.0
2020-08-25,7.1096,7.1176,7.1027,7.1096,17342.0,XUCU20,43067.0
2020-08-26,7.1116,7.1152,7.0811,7.0853,21308.0,XUCU20,43469.0
2020-08-27,7.0859,7.095,7.07,7.0815,22687.0,XUCU20,42783.0
2020-08-28,7.0814,7.0943,7.0582,7.0611,33270.0,XUCU20,39539.0
2020-08-31,7.0629,7.0711,7.0459,7.0511,9817.0,XUCZ0,38412.0
2020-09-01,7.0507,7.0547,7.0159,7.0261,15805.0,XUCZ0,39975.0
2020-09-02,7.0244,7.0403,7.0202,7.0263,10951.0,XUCZ0,39853.0
2020-09-03,7.0225,7.045,7.0218,7.0359,10987.0,XUCZ0,40752.0
2020-09-04,7.0343,7.0477,7.0332,7.038,12664.0,XUCZ0,45329.0
2020-09-07,7.0388,7.0466,7.0253,7.0291,13644.0,XUCZ0,49945.0
2020-09-08,7.0315,7.0361,7.0236,7.0344,9919.0,XUCZ0,53367.0
2020-09-09,7.0383,7.0556,7.0371,7.0431,15244.0,XUCZ0,55530.0
2020-09-10,7.0439,7.0449,7.0252,7.0352,8798.0,XUCZ0,56507.0
2020-09-11,7.0333,7.0391,7.0188,7.0278,14608.0,XUCZ0,60671.0
2020-09-14,7.0288,7.0334,7.0152,7.0189,11028.0,XUCZ0,59001.0
2020-09-15,7.0155,7.0163,6.9625,6.9658999999999995,15663.0,XUCZ0,61050.0
2020-09-16,6.9676,6.9779,6.9455,6.9472000000000005,12179.0,XUCZ0,64113.0
2020-09-17,6.9481,6.9742,6.9338999999999995,6.9599,17408.0,XUCZ0,63889.0
2020-09-18,6.9642,6.9655000000000005,6.9358,6.9452,15449.0,XUCZ0,65936.0
2020-09-21,6.9444,6.9732,6.944,6.9715,14438.0,XUCZ0,67376.0
2020-09-22,6.9744,6.9997,6.9726,6.978,27130.0,XUCZ0,68704.0
2020-09-23,6.9756,6.9904,6.9636,6.9786,15932.0,XUCZ0,68861.0
2020-09-24,6.9822,7.0296,6.9803,7.0296,20344.0,XUCZ0,67100.0
2020-09-25,7.0252,7.0367,6.9888,7.029,19390.0,XUCZ0,66253.0
2020-09-28,7.0298,7.0392,7.0141,7.0167,12463.0,XUCZ0,65740.0
2020-09-29,7.0107,7.0174,7.0036,7.0082,11843.0,XUCZ0,65270.0
2020-09-30,7.0109,7.0126,6.9936,7.0013,16170.0,XUCZ0,64512.0
2020-10-01,6.9983,6.9999,6.918,6.9295,13587.0,XUCZ0,62859.0
2020-10-02,6.9312000000000005,6.9634,6.9164,6.9487,10002.0,XUCZ0,62686.0
2020-10-05,6.9496,6.9496,6.9165,6.9178,7420.0,XUCZ0,62602.0
2020-10-06,6.923,6.9252,6.8989,6.9104,8088.0,XUCZ0,63033.0
2020-10-07,6.9131,6.9394,6.9076,6.9165,7023.0,XUCZ0,63314.0
2020-10-08,6.9199,6.9318,6.9098,6.9186,4538.0,XUCZ0,63183.0
2020-10-09,6.9179,6.9317,6.8807,6.884,18184.0,XUCZ0,62251.0
2020-10-12,6.8819,6.9446,6.865,6.9376,20293.0,XUCZ0,62939.0
2020-10-13,6.9365,6.9522,6.9164,6.9193,16536.0,XUCZ0,64112.0
2020-10-14,6.954,6.954,6.912,6.9169,14679.0,XUCZ0,64123.0
2020-10-15,6.9139,6.918,6.8873,6.9114,18768.0,XUCZ0,63448.0
2020-10-16,6.9237,6.9237,6.8718,6.88,15270.0,XUCZ0,64630.0
2020-10-19,6.8751999999999995,6.8854,6.8623,6.8651,23853.0,XUCZ0,62311.0
2020-10-20,6.8607,6.8662,6.8498,6.8525,19590.0,XUCZ0,61891.0
2020-10-21,6.8524,6.8601,6.808,6.8228,28920.0,XUCZ0,63122.0
2020-10-22,6.8206,6.8507,6.8148,6.8494,22234.0,XUCZ0,63754.0
2020-10-23,6.8507,6.8587,6.8258,6.8317,23450.0,XUCZ0,64997.0
2020-10-26,6.8309,6.8745,6.8275,6.8705,19024.0,XUCZ0,66018.0
2020-10-27,6.8729,6.8948,6.865,6.8948,27129.0,XUCZ0,68383.0
2020-10-28,6.8904,6.8957,6.8659,6.8944,20525.0,XUCZ0,67035.0
2020-10-29,6.8919,6.9147,6.8748000000000005,6.8844,27276.0,XUCZ0,67298.0
2020-10-30,6.8884,6.8988,6.8515,6.8627,31097.0,XUCZ0,65206.0
2020-11-02,6.8672,6.8765,6.8534,6.8635,23103.0,XUCZ0,63166.0
2020-11-03,6.8633,6.8703,6.8511,6.8524,18275.0,XUCZ0,60523.0
2020-11-04,6.8538,6.9437,6.8257,6.8917,61399.0,XUCZ0,60742.0
2020-11-05,6.8896,6.8896,6.7861,6.7958,45767.0,XUCZ0,59254.0
2020-11-06,6.7912,6.8012,6.7722999999999995,6.7855,33683.0,XUCZ0,57607.0
2020-11-09,6.7821,6.7828,6.7187,6.7322,39226.0,XUCZ0,56881.0
2020-11-10,6.7343,6.8203,6.7195,6.7653,49144.0,XUCZ0,56898.0
2020-11-11,6.7716,6.795,6.7516,6.7848,24206.0,XUCZ0,56337.0
2020-11-12,6.7848,6.8042,6.7736,6.7903,29779.0,XUCZ0,55595.0
2020-11-13,6.7868,6.7974,6.7712,6.7808,21958.0,XUCZ0,55126.0
2020-11-16,6.7791,6.7855,6.7344,6.7418,26848.0,XUCZ0,53484.0
2020-11-17,6.7448,6.7569,6.7137,6.7178,25495.0,XUCZ0,51821.0
2020-11-18,6.7254000000000005,6.7293,6.6992,6.7147,25931.0,XUCZ0,51655.0
2020-11-19,6.7097,6.7567,6.709,6.7503,24758.0,XUCZ0,51804.0
2020-11-20,6.7518,6.753,6.7261,6.7348,23507.0,XUCZ0,52472.0
2020-11-23,6.7325,6.7351,6.7087,6.7266,21109.0,XUCZ0,52317.0
2020-11-24,6.7309,6.7533,6.721,6.7368,27476.0,XUCZ0,52008.0
2020-11-25,6.7366,6.7623,6.7344,6.7354,23313.0,XUCZ0,50311.0
2020-11-26,6.7367,6.7542,6.7193000000000005,6.7333,20103.0,XUCZ0,49806.0
2020-11-27,6.7299,6.7432,6.7257,6.7373,22461.0,XUCZ0,47712.0
2020-11-30,6.7377,6.7491,6.7267,6.7327,29056.0,XUCZ0,45961.0
2020-12-01,6.7308,6.7485,6.7127,6.7258,33109.0,XUCZ0,42977.0
2020-12-02,6.7255,6.7278,6.7036999999999995,6.718,16101.0,XUCH1,40782.0
2020-12-03,6.7163,6.7232,6.7007,6.7055,15450.0,XUCH1,46132.0
2020-12-04,6.7043,6.7084,6.6707,6.6721,20351.0,XUCH1,51197.0
2020-12-07,6.6728,6.6909,6.663,6.6863,22507.0,XUCH1,54199.0
2020-12-08,6.6851,6.6893,6.6605,6.6682,17478.0,XUCH1,56412.0
2020-12-09,6.6707,6.6725,6.6468,6.6613,18895.0,XUCH1,58402.0
2020-12-10,6.6573,6.6865,6.6556,6.6758,20443.0,XUCH1,63215.0
2020-12-11,6.6754,6.6896,6.6681,6.6814,23784.0,XUCH1,65079.0
2020-12-14,6.6807,6.6937,6.6607,6.6674,20679.0,XUCH1,66597.0
2020-12-15,6.6626,6.6914,6.6626,6.6786,25324.0,XUCH1,66559.0
2020-12-16,6.6776,6.6817,6.6522,6.6548,21237.0,XUCH1,64789.0
2020-12-17,6.6545,6.668,6.6471,6.6551,23343.0,XUCH1,64329.0
2020-12-18,6.6592,6.6793,6.6532,6.6677,22833.0,XUCH1,66083.0
2020-12-21,6.6661,6.6931,6.6611,6.6923,22794.0,XUCH1,64435.0
2020-12-22,6.6961,6.7015,6.6743,6.6821,23899.0,XUCH1,65157.0
2020-12-23,6.6936,6.6936,6.6628,6.6669,21132.0,XUCH1,65808.0
2020-12-24,6.6643,6.6791,6.6572,6.6635,15657.0,XUCH1,65801.0
2020-12-25,6.6627,6.6662,6.6552,6.6559,3597.0,XUCH1,64270.0
2020-12-28,6.6654,6.675,6.6546,6.6721,11020.0,XUCH1,64237.0
2020-12-29,6.6729,6.681,6.6607,6.6617,15142.0,XUCH1,64666.0
2020-12-30,6.6594999999999995,6.6683,6.6449,6.6542,13863.0,XUCH1,64026.0
2020-12-31,6.6533999999999995,6.6596,6.6321,6.6552,17864.0,XUCH1,63409.0
2021-01-04,6.6501,6.6515,6.5804,6.5852,27870.0,XUCH1,64431.0
2021-01-05,6.5847,6.6052,6.5507,6.5789,31872.0,XUCH1,65580.0
2021-01-06,6.5807,6.5869,6.5591,6.5764,22175.0,XUCH1,65193.0
2021-01-07,6.574,6.5934,6.5682,6.5865,23320.0,XUCH1,67289.0
2021-01-08,6.5914,6.6094,6.5837,6.5936,27035.0,XUCH1,67335.0
2021-01-11,6.5898,6.6234,6.5803,6.6085,42144.0,XUCH1,63771.0
2021-01-12,6.6099,6.6164,6.5862,6.5885,23621.0,XUCH1,63709.0
2021-01-13,6.5877,6.5987,6.5737,6.5919,18807.0,XUCH1,63954.0
2021-01-14,6.5936,6.6035,6.5894,6.5935,23254.0,XUCH1,61491.0
2021-01-15,6.5917,6.6125,6.5902,6.609,25714.0,XUCH1,60852.0
2021-01-18,6.6086,6.6409,6.6054,6.639,30089.0,XUCH1,61982.0
2021-01-19,6.6401,6.6423,6.616,6.6183,25656.0,XUCH1,62660.0
2021-01-20,6.6143,6.6302,6.5962,6.6034,21815.0,XUCH1,62029.0
2021-01-21,6.602,6.6071,6.5869,6.5951,22438.0,XUCH1,60951.0
2021-01-22,6.5894,6.6197,6.5892,6.6178,25269.0,XUCH1,60994.0
2021-01-25,6.6177,6.63,6.6128,6.6264,33622.0,XUCH1,62496.0
2021-01-26,6.6276,6.6276,6.6101,6.6163,30944.0,XUCH1,60376.0
2021-01-27,6.6167,6.6169,6.6006,6.6122,24784.0,XUCH1,58403.0
2021-01-28,6.5973,6.6475,6.5973,6.6284,39887.0,XUCH1,57550.0
2021-01-29,6.6267,6.6274,6.5893,6.5913,44273.0,XUCH1,59327.0
2021-02-01,6.5895,6.6053,6.573,6.6014,53703.0,XUCH1,57217.0
2021-02-02,6.5888,6.612,6.5867,6.5908999999999995,30034.0,XUCH1,59459.0
2021-02-03,6.5941,6.5988,6.5865,6.5958,32724.0,XUCH1,54794.0
2021-02-04,6.5968,6.5998,6.5859,6.5973,23768.0,XUCH1,53613.0
2021-02-05,6.5968,6.6177,6.5968,6.6057,26410.0,XUCH1,51329.0
2021-02-08,6.6045,6.6075,6.5799,6.585,21133.0,XUCH1,50673.0
2021-02-09,6.5811,6.5836,6.548,6.5493,26200.0,XUCH1,50197.0
2021-02-10,6.5494,6.5569,6.538,6.5533,28375.0,XUCH1,52051.0
2021-02-11,6.5531,6.5587,6.5434,6.5456,7104.0,XUCH1,51794.0
2021-02-12,6.5466999999999995,6.5623000000000005,6.5421,6.5592,3603.0,XUCH1,51848.0
2021-02-15,6.5543,6.558,6.5255,6.5277,7714.0,XUCH1,51791.0
2021-02-16,6.5309,6.5451,6.5237,6.5374,7110.0,XUCH1,52097.0
2021-02-17,6.5418,6.5754,6.5385,6.5679,10177.0,XUCH1,49898.0
2021-02-18,6.5671,6.5894,6.554,6.5801,28171.0,XUCH1,52554.0
2021-02-19,6.5801,6.596,6.5665,6.5685,28176.0,XUCH1,51839.0
2021-02-22,6.5715,6.5977,6.5679,6.5925,38582.0,XUCH1,48450.0
2021-02-23,6.5927,6.6003,6.5757,6.5873,32318.0,XUCH1,45734.0
2021-02-24,6.5881,6.5974,6.5649999999999995,6.5663,30393.0,XUCH1,44255.0
2021-02-25,6.5677,6.585,6.5662,6.5686,32550.0,XUCH1,42114.0
2021-02-26,6.5698,6.6289,6.5665,6.5977,38882.0,XUCH1,39565.0
2021-03-01,6.5937,6.6118,6.5836,6.5892,34460.0,XUCH1,38075.0
2021-03-02,6.5917,6.6023,6.5829,6.5977,29463.0,XUCH1,36916.0
2021-03-03,6.5985,6.6023,6.5755,6.5862,13189.0,XUCM1,39750.0
2021-03-04,6.5849,6.5969,6.5849,6.5933,14424.0,XUCM1,40690.0
2021-03-05,6.5928,6.6135,6.5891,6.6127,18170.0,XUCM1,43407.0
2021-03-08,6.6134,6.6681,6.6129,6.6651,27748.0,XUCM1,46553.0
2021-03-09,6.6647,6.6814,6.6392,6.6414,21623.0,XUCM1,47136.0
2021-03-10,6.6344,6.6488,6.6257,6.6315,28689.0,XUCM1,51486.0
2021-03-11,6.632,6.64,6.6048,6.6063,22027.0,XUCM1,54009.0
2021-03-12,6.6044,6.6304,6.5927,6.6293,30189.0,XUCM1,56616.0
2021-03-15,6.6262,6.6338,6.6097,6.6181,28966.0,XUCM1,60048.0
2021-03-16,6.6202,6.6251,6.6075,6.617,19604.0,XUCM1,59312.0
2021-03-17,6.6161,6.625,6.6115,6.6196,19534.0,XUCM1,59009.0
2021-03-18,6.6189,6.6273,6.6021,6.6177,27776.0,XUCM1,58958.0
2021-03-19,6.6157,6.6369,6.6136,6.6242,31131.0,XUCM1,60467.0
2021-03-22,6.6247,6.6316,6.6184,6.6206,23355.0,XUCM1,61622.0
2021-03-23,6.6186,6.6256,6.6143,6.624,24854.0,XUCM1,61261.0
2021-03-24,6.6246,6.6427,6.6162,6.6323,27517.0,XUCM1,59720.0
2021-03-25,6.6334,6.6556999999999995,6.6327,6.6530000000000005,25703.0,XUCM1,58167.0
2021-03-26,6.6518,6.6690000000000005,6.6504,6.6523,28311.0,XUCM1,57466.0
2021-03-29,6.6539,6.6836,6.6495,6.6776,25021.0,XUCM1,56912.0
2021-03-30,6.6776,6.6973,6.6754,6.6848,32765.0,XUCM1,57025.0
2021-03-31,6.6847,6.6954,6.6699,6.6721,22430.0,XUCM1,55493.0
2021-04-01,6.6724,6.6964,6.6639,6.695,26486.0,XUCM1,55621.0
2021-04-02,6.6914,6.6959,6.6726,6.6777,13478.0,XUCM1,53865.0
2021-04-05,6.6777999999999995,6.6974,6.6725,6.6852,3756.0,XUCM1,53612.0
2021-04-06,6.6844,6.6855,6.6589,6.6644,26000.0,XUCM1,57142.0
2021-04-07,6.6654,6.6661,6.6468,6.6563,22674.0,XUCM1,55262.0
2021-04-08,6.6546,6.6645,6.6464,6.6624,22003.0,XUCM1,55665.0
2021-04-09,6.6599,6.675,6.654,6.6702,23305.0,XUCM1,54352.0
2021-04-12,6.6687,6.6731,6.6541,6.6553,24753.0,XUCM1,54709.0
2021-04-13,6.6556999999999995,6.6635,6.6517,6.656,21582.0,XUCM1,53019.0
2021-04-14,6.6562,6.6584,6.6362,6.6397,21271.0,XUCM1,53185.0
2021-04-15,6.6393,6.6468,6.6262,6.6294,28702.0,XUCM1,53909.0
2021-04-16,6.6314,6.6401,6.6247,6.6278,30654.0,XUCM1,54086.0
2021-04-19,6.6264,6.6375,6.6068999999999996,6.6076,35673.0,XUCM1,54576.0
2021-04-20,6.6076,6.6148,6.5886,6.5961,26868.0,XUCM1,54843.0
2021-04-21,6.5973,6.6043,6.589,6.596,24617.0,XUCM1,55047.0
2021-04-22,6.5946,6.5961,6.576,6.5865,27308.0,XUCM1,56810.0
2021-04-23,6.5831,6.5947,6.5796,6.5863,30560.0,XUCM1,61638.0
2021-04-26,6.5849,6.5895,6.5732,6.5738,35578.0,XUCM1,60496.0
2021-04-27,6.5762,6.5791,6.5645,6.5761,25282.0,XUCM1,61487.0
2021-04-28,6.5788,6.5794,6.5703,6.5745000000000005,22332.0,XUCM1,62661.0
2021-04-29,6.5751,6.5778,6.5517,6.5554,26277.0,XUCM1,63292.0
2021-04-30,6.5548,6.5635,6.5514,6.5539,23938.0,XUCM1,65159.0
2021-05-03,6.5533,6.5741,6.5527,6.5712,5281.0,XUCM1,63867.0
2021-05-04,6.5699,6.5786,6.5544,6.5768,4861.0,XUCM1,63413.0
2021-05-05,6.5772,6.5849,6.5694,6.5776,6590.0,XUCM1,62717.0
2021-05-06,6.5776,6.5816,6.5621,6.5632,21751.0,XUCM1,63999.0
2021-05-07,6.5609,6.5649999999999995,6.5393,6.5409,33768.0,XUCM1,60559.0
2021-05-10,6.5387,6.5398,6.4948,6.4974,58811.0,XUCM1,54538.0
2021-05-11,6.4936,6.5184999999999995,6.4931,6.508,36252.0,XUCM1,52914.0
2021-05-12,6.5081,6.5311,6.5069,6.5275,31568.0,XUCM1,53260.0
2021-05-13,6.5266,6.5499,6.5242,6.5438,42820.0,XUCM1,52786.0
2021-05-14,6.5452,6.5456,6.5179,6.5261,34692.0,XUCM1,50573.0
2021-05-17,6.5247,6.533,6.5204,6.5287,30436.0,XUCM1,49735.0
2021-05-18,6.5285,6.5356,6.5036000000000005,6.5091,27903.0,XUCM1,51060.0
2021-05-19,6.5109,6.5282,6.5033,6.5213,26221.0,XUCM1,51406.0
2021-05-20,6.5208,6.5251,6.5082,6.5224,33685.0,XUCM1,49584.0
2021-05-21,6.5235,6.5243,6.5118,6.5125,27641.0,XUCM1,47548.0
2021-05-24,6.5121,6.5239,6.5096,6.5116,33086.0,XUCM1,45279.0
2021-05-25,6.5108,6.5118,6.4745,6.4803,36250.0,XUCM1,44584.0
2021-05-26,6.4803,6.4947,6.4611,6.4653,38003.0,XUCM1,46532.0
2021-05-27,6.4639,6.4712,6.4468,6.4514,35557.0,XUCM1,46851.0
2021-05-28,6.4512,6.4637,6.4387,6.4439,36681.0,XUCM1,45034.0
2021-05-31,6.4434000000000005,6.4581,6.4325,6.4524,34182.0,XUCM1,43773.0
2021-06-01,6.4513,6.4604,6.4409,6.4596,12011.0,XUCU1,42919.0
2021-06-02,6.4609,6.4668,6.4547,6.4608,18472.0,XUCU1,46870.0
2021-06-03,6.464,6.4704,6.4538,6.4645,14378.0,XUCU1,49187.0
2021-06-04,6.4636,6.4855,6.4618,6.4851,25242.0,XUCU1,55332.0
2021-06-07,6.4841,6.4863,6.4603,6.47,20837.0,XUCU1,60784.0
2021-06-08,6.4721,6.4741,6.4595,6.4714,26312.0,XUCU1,67366.0
2021-06-09,6.4711,6.4775,6.4616,6.4621,19681.0,XUCU1,72955.0
2021-06-10,6.4608,6.4634,6.4498,6.4585,23071.0,XUCU1,77657.0
2021-06-11,6.4603,6.4672,6.4522,6.4641,32072.0,XUCU1,77508.0
2021-06-14,6.4646,6.4964,6.4639,6.4911,8962.0,XUCU1,75484.0
2021-06-15,6.491,6.4917,6.4748,6.4783,24722.0,XUCU1,77566.0
2021-06-16,6.4783,6.4888,6.4715,6.4728,29465.0,XUCU1,75017.0
2021-06-17,6.4722,6.5175,6.4658,6.5152,35602.0,XUCU1,71847.0
2021-06-18,6.5159,6.5442,6.5156,6.5199,45174.0,XUCU1,72553.0
2021-06-21,6.5211,6.559,6.5201,6.5501000000000005,34559.0,XUCU1,70773.0
2021-06-22,6.5473,6.5614,6.5397,6.5608,20591.0,XUCU1,69766.0
2021-06-23,6.5598,6.5712,6.5497,6.5601,24053.0,XUCU1,69700.0
2021-06-24,6.5595,6.5622,6.5429,6.5440000000000005,28254.0,XUCU1,70476.0
2021-06-25,6.5421,6.551,6.5267,6.5297,28922.0,XUCU1,72028.0
2021-06-28,6.5292,6.5416,6.5248,6.536,25424.0,XUCU1,72517.0
2021-06-29,6.5363,6.543,6.5287,6.535,17785.0,XUCU1,72200.0
2021-06-30,6.5357,6.5449,6.5287,6.5333,20189.0,XUCU1,72100.0
2021-07-01,6.5294,6.5471,6.5294,6.5394,23394.0,XUCU1,73079.0
2021-07-02,6.5427,6.563,6.5347,6.5588999999999995,23709.0,XUCU1,71464.0
2021-07-05,6.5588,6.5613,6.5301,6.5335,26167.0,XUCU1,70228.0
2021-07-06,6.5336,6.5408,6.5283,6.538,22355.0,XUCU1,69365.0
2021-07-07,6.5371,6.5561,6.5351,6.536,34349.0,XUCU1,71759.0
2021-07-08,6.5353,6.5606,6.535,6.5549,32762.0,XUCU1,68530.0
2021-07-09,6.5608,6.5703,6.5571,6.5644,30645.0,XUCU1,67598.0
2021-07-12,6.5606,6.5625,6.5417,6.5477,20980.0,XUCU1,68352.0
2021-07-13,6.5472,6.5513,6.5341000000000005,6.5398,17848.0,XUCU1,68756.0
2021-07-14,6.5457,6.5518,6.5359,6.5446,24583.0,XUCU1,67685.0
2021-07-15,6.5443999999999996,6.5447,6.5204,6.5256,34140.0,XUCU1,68244.0
2021-07-16,6.5256,6.5404,6.524,6.5362,21695.0,XUCU1,66694.0
2021-07-19,6.5376,6.562,6.5373,6.5577,28546.0,XUCU1,65587.0
2021-07-20,6.5605,6.5667,6.5488,6.5526,31633.0,XUCU1,62861.0
2021-07-21,6.553,6.5622,6.5395,6.5407,25392.0,XUCU1,62879.0
2021-07-22,6.5376,6.5465,6.5280000000000005,6.531,25502.0,XUCU1,63547.0
2021-07-23,6.5315,6.5458,6.5302,6.5407,25638.0,XUCU1,62068.0
2021-07-26,6.5435,6.5567,6.5286,6.55,30755.0,XUCU1,60423.0
2021-07-27,6.5526,6.588,6.5414,6.5731,44933.0,XUCU1,61051.0
2021-07-28,6.5847999999999995,6.5958,6.5711,6.5739,39567.0,XUCU1,58468.0
2021-07-29,6.5751,6.5815,6.5211,6.5229,46607.0,XUCU1,55638.0
2021-07-30,6.517,6.5315,6.5134,6.5233,27654.0,XUCU1,54305.0
2021-08-02,6.5262,6.5351,6.5205,6.5222999999999995,24688.0,XUCU1,53479.0
2021-08-03,6.5236,6.5347,6.5208,6.5237,19226.0,XUCU1,53337.0
2021-08-04,6.5225,6.5347,6.5146,6.5176,18879.0,XUCU1,53693.0
2021-08-05,6.5161999999999995,6.5264,6.5133,6.5157,26905.0,XUCU1,53641.0
2021-08-06,6.5132,6.527,6.5120000000000005,6.5265,17438.0,XUCU1,52083.0
2021-08-09,6.5257,6.5437,6.5242,6.5357,28659.0,XUCU1,51013.0
2021-08-10,6.5358,6.5477,6.5343,6.5436,29879.0,XUCU1,51065.0
2021-08-11,6.5439,6.5504,6.5388,6.5485,21812.0,XUCU1,49865.0
2021-08-12,6.5482,6.5488,6.5304,6.5336,24258.0,XUCU1,49907.0
2021-08-13,6.5323,6.5419,6.5323,6.5398,18741.0,XUCU1,49511.0
2021-08-16,6.5395,6.542,6.5294,6.5316,27746.0,XUCU1,48280.0
2021-08-17,6.5314,6.5464,6.5309,6.5385,29556.0,XUCU1,49020.0
2021-08-18,6.539,6.5527999999999995,6.5347,6.538,31966.0,XUCU1,53314.0
2021-08-19,6.5392,6.5582,6.5352,6.5483,46991.0,XUCU1,55833.0
2021-08-20,6.5481,6.5636,6.545,6.5577,30263.0,XUCU1,55143.0
2021-08-23,6.557,6.5603,6.5396,6.5396,30908.0,XUCU1,53062.0
2021-08-24,6.5396,6.5422,6.5259,6.5323,28534.0,XUCU1,50561.0
2021-08-25,6.5312,6.5319,6.5169,6.5234,24246.0,XUCU1,49875.0
2021-08-26,6.5238,6.5344,6.5193,6.5295,26467.0,XUCU1,50266.0
2021-08-27,6.5281,6.535,6.5266,6.5281,10185.0,XUCZ1,48608.0
2021-08-30,6.5295,6.5364,6.5104,6.5151,11240.0,XUCZ1,51545.0
2021-08-31,6.5155,6.5219000000000005,6.5033,6.5059000000000005,11896.0,XUCZ1,54033.0
2021-09-01,6.5066,6.5148,6.4967,6.5142,15590.0,XUCZ1,57536.0
2021-09-02,6.5137,6.5149,6.4994,6.5045,13940.0,XUCZ1,57798.0
2021-09-03,6.5024,6.5077,6.493,6.4942,13550.0,XUCZ1,58377.0
2021-09-06,6.4912,6.503,6.4759,6.5008,22644.0,XUCZ1,57304.0
2021-09-07,6.5009,6.5095,6.4951,6.5079,18847.0,XUCZ1,61863.0
2021-09-08,6.5082,6.513,6.5024,6.5055,19882.0,XUCZ1,65459.0
2021-09-09,6.5047,6.5109,6.4967,6.4998000000000005,20350.0,XUCZ1,67795.0
2021-09-10,6.5,6.5029,6.4765,6.4797,31251.0,XUCZ1,71972.0
2021-09-13,6.4804,6.5046,6.4744,6.4995,33951.0,XUCZ1,70259.0
2021-09-14,6.499,6.5026,6.4844,6.4897,20745.0,XUCZ1,69728.0
2021-09-15,6.4899000000000004,6.4915,6.475,6.4759,22797.0,XUCZ1,68142.0
2021-09-16,6.4763,6.4907,6.4711,6.4891,26935.0,XUCZ1,68103.0
2021-09-17,6.489,6.5069,6.4866,6.4972,26932.0,XUCZ1,67662.0
2021-09-20,6.4967,6.5326,6.4951,6.5305,12951.0,XUCZ1,67305.0
2021-09-21,6.5283999999999995,6.533,6.5171,6.5226,7580.0,XUCZ1,67769.0
2021-09-22,6.5236,6.5369,6.5123999999999995,6.5152,31269.0,XUCZ1,67340.0
2021-09-23,6.5173,6.5191,6.4964,6.4973,30673.0,XUCZ1,67862.0
2021-09-24,6.5031,6.5109,6.4967,6.5072,25879.0,XUCZ1,67716.0
2021-09-27,6.5087,6.5152,6.494,6.5044,29036.0,XUCZ1,67399.0
2021-09-28,6.5149,6.5149,6.4918,6.4983,29818.0,XUCZ1,68607.0
2021-09-29,6.5,6.511,6.4973,6.5027,31310.0,XUCZ1,68826.0
2021-09-30,6.5024999999999995,6.5121,6.4975,6.4996,26020.0,XUCZ1,67522.0
2021-10-01,6.4996,6.5031,6.4615,6.4722,15144.0,XUCZ1,68067.0
2021-10-04,6.471,6.4916,6.4618,6.4843,10528.0,XUCZ1,68008.0
2021-10-05,6.4859,6.4932,6.4738,6.4801,7305.0,XUCZ1,68122.0
2021-10-06,6.4826,6.4991,6.4759,6.4973,8546.0,XUCZ1,68211.0
2021-10-07,6.4975,6.5028,6.4787,6.485,10463.0,XUCZ1,70094.0
2021-10-08,6.4853,6.4889,6.4795,6.4853,27505.0,XUCZ1,72814.0
2021-10-11,6.4855,6.4881,6.4706,6.4843,38650.0,XUCZ1,73706.0
2021-10-12,6.4842,6.4995,6.4836,6.4878,30985.0,XUCZ1,73196.0
2021-10-13,6.486,6.4907,6.4744,6.4774,25928.0,XUCZ1,72509.0
2021-10-14,6.4777000000000005,6.4813,6.4558,6.4642,38618.0,XUCZ1,76600.0
2021-10-15,6.4628,6.4689,6.4515,6.4596,26110.0,XUCZ1,76743.0
2021-10-18,6.46,6.4686,6.4568,6.4589,27057.0,XUCZ1,75697.0
2021-10-19,6.4601,6.461,6.4085,6.4109,33783.0,XUCZ1,79802.0
2021-10-20,6.4093,6.4195,6.3956,6.4183,39373.0,XUCZ1,79481.0
2021-10-21,6.417,6.4247,6.4084,6.4193,30539.0,XUCZ1,79048.0
2021-10-22,6.4204,6.4235,6.4049,6.4084,31342.0,XUCZ1,79370.0
2021-10-25,6.4018,6.4119,6.3975,6.4074,36733.0,XUCZ1,77816.0
2021-10-26,6.4083,6.4103,6.3978,6.4008,24047.0,XUCZ1,77888.0
2021-10-27,6.3988,6.4161,6.3972,6.4133,32537.0,XUCZ1,78924.0
2021-10-28,6.4142,6.424,6.4084,6.416,43792.0,XUCZ1,76027.0
2021-10-29,6.4163,6.4182,6.4024,6.4124,31831.0,XUCZ1,73867.0
2021-11-01,6.4127,6.4315,6.4105,6.4161,35169.0,XUCZ1,70886.0
2021-11-02,6.4146,6.4193999999999996,6.4111,6.4123,,XUCZ1,
