,CCN+3M Curncy,CCN+3M Curncy,CCN+3M Curncy,CCN+3M Curncy,CCN+3M Curncy,CCN+3M Curncy,CCN+3M Curncy
,open,high,low,close,volume,num_trds,value
2021-08-15 17:12:00-04:00,6.5283,6.5294,6.528,6.5294,0,27,0.0
2021-08-15 17:13:00-04:00,6.5291,6.5294,6.5283,6.5293,0,78,0.0
2021-08-15 18:09:00-04:00,6.5292,6.5292,6.5291,6.5291,0,2,0.0
2021-08-15 20:01:00-04:00,6.5306,6.5321,6.5306,6.5321,0,2,0.0
2021-08-15 20:04:00-04:00,6.5321,6.5322,6.5319,6.5319,0,6,0.0
2021-08-15 20:05:00-04:00,6.5319,6.5321,6.5319,6.5321,0,4,0.0
2021-08-15 20:06:00-04:00,6.5321,6.5321,6.5288,6.5288,0,20,0.0
2021-08-15 20:07:00-04:00,6.5288,6.5288,6.5288,6.5288,0,2,0.0
2021-08-15 20:10:00-04:00,6.5288,6.5288,6.5288,6.5288,0,6,0.0
2021-08-15 20:11:00-04:00,6.5288,6.5288,6.5265,6.5265,0,6,0.0
2021-08-15 20:12:00-04:00,6.5265,6.5285,6.5265,6.5285,0,6,0.0
2021-08-15 20:13:00-04:00,6.5285,6.5286,6.5285,6.5286,0,2,0.0
2021-08-15 20:14:00-04:00,6.5286,6.5286,6.5286,6.5286,0,2,0.0
2021-08-15 20:16:00-04:00,6.5287,6.5288,6.5287,6.5288,0,2,0.0
2021-08-15 20:17:00-04:00,6.5288,6.5288,6.5288,6.5288,0,4,0.0
2021-08-15 20:18:00-04:00,6.5288,6.5288,6.5288,6.5288,0,2,0.0
2021-08-15 20:19:00-04:00,6.5288,6.5288,6.5284,6.5284,0,6,0.0
2021-08-15 20:20:00-04:00,6.5284,6.5318,6.5284,6.5318,0,6,0.0
2021-08-15 20:21:00-04:00,6.5318,6.5318,6.5318,6.5318,0,4,0.0
2021-08-15 20:23:00-04:00,6.5318,6.5318,6.5318,6.5318,0,2,0.0
2021-08-15 20:26:00-04:00,6.5317,6.5322,6.5317,6.5318,0,8,0.0
2021-08-15 20:27:00-04:00,6.5318,6.5318,6.5303,6.5303,0,6,0.0
2021-08-15 20:28:00-04:00,6.5307,6.5314,6.5307,6.5314,0,28,0.0
2021-08-15 20:29:00-04:00,6.5314,6.5314,6.5313,6.5313,0,8,0.0
2021-08-15 20:30:00-04:00,6.5314,6.5314,6.5314,6.5314,0,4,0.0
2021-08-15 20:31:00-04:00,6.5317,6.532,6.5317,6.532,0,8,0.0
2021-08-15 20:32:00-04:00,6.5321,6.5322,6.5321,6.5322,0,4,0.0
2021-08-15 20:33:00-04:00,6.5322,6.5326,6.5322,6.5326,0,6,0.0
2021-08-15 20:34:00-04:00,6.5326,6.5326,6.5326,6.5326,0,2,0.0
2021-08-15 20:35:00-04:00,6.5326,6.5326,6.5326,6.5326,0,8,0.0
2021-08-15 20:37:00-04:00,6.5326,6.5326,6.5326,6.5326,0,2,0.0
2021-08-15 20:42:00-04:00,6.5327,6.5329,6.5327,6.5329,0,2,0.0
2021-08-15 20:43:00-04:00,6.5327,6.5327,6.5324,6.5325,0,8,0.0
2021-08-15 20:44:00-04:00,6.5324,6.5324,6.5324,6.5324,0,6,0.0
2021-08-15 20:45:00-04:00,6.5324,6.5324,6.5324,6.5324,0,2,0.0
2021-08-15 20:47:00-04:00,6.5323,6.5323,6.5322,6.5322,0,4,0.0
2021-08-15 20:49:00-04:00,6.5322,6.5322,6.5322,6.5322,0,2,0.0
2021-08-15 20:50:00-04:00,6.5322,6.5322,6.5322,6.5322,0,2,0.0
2021-08-15 20:51:00-04:00,6.5322,6.5322,6.5322,6.5322,0,2,0.0
2021-08-15 20:52:00-04:00,6.5322,6.5322,6.5322,6.5322,0,4,0.0
2021-08-15 20:53:00-04:00,6.5322,6.5322,6.5322,6.5322,0,2,0.0
2021-08-15 20:54:00-04:00,6.5321,6.5321,6.5321,6.5321,0,4,0.0
2021-08-15 20:55:00-04:00,6.5321,6.5321,6.5321,6.5321,0,4,0.0
2021-08-15 20:56:00-04:00,6.5321,6.5321,6.532,6.532,0,2,0.0
2021-08-15 20:57:00-04:00,6.5319,6.532,6.5317,6.532,0,8,0.0
2021-08-15 20:58:00-04:00,6.532,6.532,6.5317,6.5317,0,8,0.0
2021-08-15 20:59:00-04:00,6.5317,6.5317,6.5317,6.5317,0,4,0.0
2021-08-15 21:00:00-04:00,6.5317,6.5317,6.5313,6.5317,0,38,0.0
2021-08-15 21:01:00-04:00,6.5316,6.5316,6.5312,6.5312,0,18,0.0
2021-08-15 21:02:00-04:00,6.5312,6.5312,6.5309,6.5309,0,10,0.0
2021-08-15 21:03:00-04:00,6.5309,6.531,6.5309,6.531,0,8,0.0
2021-08-15 21:04:00-04:00,6.5309,6.5309,6.5309,6.5309,0,4,0.0
2021-08-15 21:05:00-04:00,6.5309,6.5309,6.5309,6.5309,0,4,0.0
2021-08-15 21:06:00-04:00,6.5306,6.5306,6.5299,6.5299,0,10,0.0
2021-08-15 21:07:00-04:00,6.5297,6.5297,6.5295,6.5295,0,8,0.0
2021-08-15 21:08:00-04:00,6.5294,6.5294,6.5293,6.5293,0,2,0.0
2021-08-15 21:10:00-04:00,6.5293,6.5293,6.5293,6.5293,0,2,0.0
2021-08-15 21:11:00-04:00,6.5293,6.5293,6.5293,6.5293,0,2,0.0
2021-08-15 21:12:00-04:00,6.5293,6.5293,6.5293,6.5293,0,4,0.0
2021-08-15 21:13:00-04:00,6.5295,6.5297,6.5288,6.5288,0,22,0.0
2021-08-15 21:14:00-04:00,6.5288,6.5289,6.5288,6.5289,0,4,0.0
2021-08-15 21:15:00-04:00,6.5292,6.5295,6.5292,6.5295,0,2,0.0
2021-08-15 21:16:00-04:00,6.5295,6.5296,6.5295,6.5296,0,6,0.0
2021-08-15 21:17:00-04:00,6.5296,6.53,6.5296,6.5297,0,12,0.0
2021-08-15 21:18:00-04:00,6.5298,6.5298,6.5296,6.5296,0,6,0.0
2021-08-15 21:19:00-04:00,6.5296,6.5296,6.5291,6.5291,0,8,0.0
2021-08-15 21:20:00-04:00,6.5291,6.5296,6.5291,6.5291,0,8,0.0
2021-08-15 21:21:00-04:00,6.5291,6.5291,6.5291,6.5291,0,4,0.0
2021-08-15 21:22:00-04:00,6.5291,6.5291,6.5289,6.5289,0,10,0.0
2021-08-15 21:23:00-04:00,6.5289,6.5289,6.5281,6.5281,0,10,0.0
2021-08-15 21:24:00-04:00,6.5281,6.5281,6.5281,6.5281,0,6,0.0
2021-08-15 21:25:00-04:00,6.5282,6.5282,6.5281,6.5281,0,6,0.0
2021-08-15 21:26:00-04:00,6.5281,6.5282,6.5281,6.5282,0,4,0.0
2021-08-15 21:27:00-04:00,6.5282,6.5282,6.528,6.528,0,6,0.0
2021-08-15 21:28:00-04:00,6.528,6.528,6.528,6.528,0,4,0.0
2021-08-15 21:29:00-04:00,6.5281,6.5283,6.5281,6.5283,0,2,0.0
2021-08-15 21:30:00-04:00,6.5283,6.5283,6.5275,6.5275,0,8,0.0
2021-08-15 21:31:00-04:00,6.5279,6.5282,6.5277,6.5277,0,14,0.0
2021-08-15 21:32:00-04:00,6.5277,6.5277,6.5277,6.5277,0,26,0.0
2021-08-15 21:33:00-04:00,6.5277,6.5277,6.5277,6.5277,0,20,0.0
2021-08-15 21:34:00-04:00,6.5277,6.5282,6.5277,6.5282,0,38,0.0
2021-08-15 21:35:00-04:00,6.5282,6.5282,6.5282,6.5282,0,30,0.0
2021-08-15 21:36:00-04:00,6.5282,6.5282,6.5282,6.5282,0,32,0.0
2021-08-15 21:37:00-04:00,6.5282,6.5282,6.5282,6.5282,0,22,0.0
2021-08-15 21:38:00-04:00,6.5282,6.5282,6.5282,6.5282,0,16,0.0
2021-08-15 21:39:00-04:00,6.5282,6.5282,6.5277,6.5277,0,18,0.0
2021-08-15 21:40:00-04:00,6.5277,6.5277,6.5277,6.5277,0,12,0.0
2021-08-15 21:41:00-04:00,6.5277,6.5277,6.5277,6.5277,0,26,0.0
2021-08-15 21:42:00-04:00,6.5277,6.5277,6.5277,6.5277,0,26,0.0
2021-08-15 21:43:00-04:00,6.5277,6.5277,6.5277,6.5277,0,36,0.0
2021-08-15 21:44:00-04:00,6.5277,6.5277,6.5277,6.5277,0,32,0.0
2021-08-15 21:45:00-04:00,6.5277,6.5287,6.5277,6.5277,0,34,0.0
2021-08-15 21:46:00-04:00,6.5277,6.5281,6.5277,6.5279,0,28,0.0
2021-08-15 21:47:00-04:00,6.5279,6.5279,6.5277,6.5277,0,24,0.0
2021-08-15 21:48:00-04:00,6.5277,6.5277,6.5273,6.5273,0,16,0.0
2021-08-15 21:49:00-04:00,6.5271,6.5275,6.5269,6.5274,0,36,0.0
2021-08-15 21:50:00-04:00,6.5274,6.5274,6.5269,6.5269,0,26,0.0
2021-08-15 21:51:00-04:00,6.5269,6.5273,6.5269,6.5273,0,34,0.0
2021-08-15 21:52:00-04:00,6.5273,6.5273,6.5272,6.5272,0,28,0.0
2021-08-15 21:53:00-04:00,6.5273,6.5274,6.5273,6.5274,0,28,0.0
2021-08-15 21:54:00-04:00,6.5274,6.5275,6.5274,6.5275,0,10,0.0
2021-08-15 21:55:00-04:00,6.5275,6.5275,6.5266,6.5267,0,42,0.0
2021-08-15 21:56:00-04:00,6.5267,6.5268,6.5267,6.5267,0,16,0.0
2021-08-15 21:57:00-04:00,6.5267,6.5269,6.5267,6.5269,0,12,0.0
2021-08-15 21:58:00-04:00,6.5269,6.5269,6.5267,6.5267,0,24,0.0
2021-08-15 21:59:00-04:00,6.5267,6.5268,6.5265,6.5265,0,22,0.0
2021-08-15 22:00:00-04:00,6.5265,6.5281,6.5265,6.5281,0,130,0.0
2021-08-15 22:01:00-04:00,6.5281,6.5291,6.5281,6.5289,0,50,0.0
2021-08-15 22:02:00-04:00,6.5289,6.5289,6.5279,6.5279,0,38,0.0
2021-08-15 22:03:00-04:00,6.5279,6.5284,6.5279,6.528,0,12,0.0
2021-08-15 22:04:00-04:00,6.5281,6.5282,6.5281,6.5282,0,10,0.0
2021-08-15 22:05:00-04:00,6.5282,6.5284,6.5282,6.5284,0,30,0.0
2021-08-15 22:06:00-04:00,6.5284,6.5297,6.5284,6.5297,0,27,0.0
2021-08-15 22:07:00-04:00,6.5297,6.5298,6.5297,6.5298,0,29,0.0
2021-08-15 22:08:00-04:00,6.5298,6.5298,6.5296,6.5296,0,8,0.0
2021-08-15 22:09:00-04:00,6.5296,6.5296,6.5293,6.5293,0,22,0.0
2021-08-15 22:10:00-04:00,6.5293,6.5298,6.5293,6.5298,0,24,0.0
2021-08-15 22:11:00-04:00,6.5297,6.5297,6.5296,6.5297,0,22,0.0
2021-08-15 22:12:00-04:00,6.5297,6.5298,6.5297,6.5298,0,8,0.0
2021-08-15 22:13:00-04:00,6.5298,6.5301,6.5298,6.5301,0,6,0.0
2021-08-15 22:14:00-04:00,6.5301,6.5301,6.5297,6.5297,0,19,0.0
2021-08-15 22:15:00-04:00,6.5297,6.5297,6.5297,6.5297,0,24,0.0
2021-08-15 22:16:00-04:00,6.5297,6.5297,6.5293,6.5293,0,12,0.0
2021-08-15 22:17:00-04:00,6.5293,6.5296,6.5293,6.5296,0,28,0.0
2021-08-15 22:18:00-04:00,6.5296,6.5297,6.5296,6.5297,0,18,0.0
2021-08-15 22:19:00-04:00,6.5297,6.5302,6.5297,6.5302,0,23,0.0
2021-08-15 22:20:00-04:00,6.5302,6.5304,6.5302,6.5304,0,14,0.0
2021-08-15 22:21:00-04:00,6.5304,6.5304,6.5301,6.5301,0,12,0.0
2021-08-15 22:22:00-04:00,6.5301,6.5309,6.5301,6.5306,0,26,0.0
2021-08-15 22:23:00-04:00,6.5306,6.5306,6.5306,6.5306,0,8,0.0
2021-08-15 22:24:00-04:00,6.5306,6.531,6.5306,6.531,0,20,0.0
2021-08-15 22:25:00-04:00,6.531,6.531,6.5306,6.5306,0,28,0.0
2021-08-15 22:26:00-04:00,6.5306,6.5306,6.5305,6.5306,0,28,0.0
2021-08-15 22:27:00-04:00,6.5305,6.5306,6.5304,6.5304,0,14,0.0
2021-08-15 22:28:00-04:00,6.5304,6.5304,6.53,6.5301,0,20,0.0
2021-08-15 22:29:00-04:00,6.5301,6.5302,6.5301,6.5302,0,38,0.0
2021-08-15 22:30:00-04:00,6.5302,6.5306,6.5302,6.5306,0,20,0.0
2021-08-15 22:31:00-04:00,6.5306,6.531,6.5303,6.5303,0,34,0.0
2021-08-15 22:32:00-04:00,6.5303,6.5303,6.5297,6.5297,0,38,0.0
2021-08-15 22:33:00-04:00,6.5297,6.5299,6.5296,6.5298,0,48,0.0
2021-08-15 22:34:00-04:00,6.5298,6.5298,6.5297,6.5297,0,10,0.0
2021-08-15 22:35:00-04:00,6.5298,6.5298,6.5297,6.5297,0,14,0.0
2021-08-15 22:36:00-04:00,6.5297,6.5297,6.5296,6.5296,0,20,0.0
2021-08-15 22:37:00-04:00,6.5296,6.5296,6.5292,6.5292,0,36,0.0
2021-08-15 22:38:00-04:00,6.5292,6.5293,6.5292,6.5292,0,48,0.0
2021-08-15 22:39:00-04:00,6.5292,6.5292,6.5291,6.5292,0,42,0.0
2021-08-15 22:40:00-04:00,6.5292,6.5292,6.5287,6.5287,0,40,0.0
2021-08-15 22:41:00-04:00,6.5287,6.5291,6.5286,6.5291,0,36,0.0
2021-08-15 22:42:00-04:00,6.5291,6.5291,6.5291,6.5291,0,16,0.0
2021-08-15 22:43:00-04:00,6.5291,6.5291,6.5291,6.5291,0,24,0.0
2021-08-15 22:44:00-04:00,6.5291,6.5291,6.529,6.529,0,36,0.0
2021-08-15 22:45:00-04:00,6.529,6.529,6.529,6.529,0,18,0.0
2021-08-15 22:46:00-04:00,6.529,6.5291,6.529,6.5291,0,26,0.0
2021-08-15 22:47:00-04:00,6.5291,6.5292,6.5291,6.5292,0,8,0.0
2021-08-15 22:48:00-04:00,6.5291,6.5291,6.5291,6.5291,0,6,0.0
2021-08-15 22:49:00-04:00,6.5291,6.5291,6.5291,6.5291,0,20,0.0
2021-08-15 22:50:00-04:00,6.5291,6.5291,6.5287,6.5287,0,24,0.0
2021-08-15 22:51:00-04:00,6.5287,6.5289,6.5287,6.5289,0,25,0.0
2021-08-15 22:52:00-04:00,6.5289,6.529,6.5289,6.5289,0,14,0.0
2021-08-15 22:53:00-04:00,6.5289,6.5289,6.5288,6.5288,0,14,0.0
2021-08-15 22:54:00-04:00,6.5288,6.5288,6.5288,6.5288,0,8,0.0
2021-08-15 22:55:00-04:00,6.5288,6.5288,6.5287,6.5288,0,12,0.0
2021-08-15 22:56:00-04:00,6.5288,6.5288,6.5285,6.5285,0,32,0.0
2021-08-15 22:57:00-04:00,6.5285,6.5285,6.5285,6.5285,0,16,0.0
2021-08-15 22:58:00-04:00,6.5285,6.5285,6.5285,6.5285,0,2,0.0
2021-08-15 22:59:00-04:00,6.5285,6.5287,6.5285,6.5287,0,4,0.0
2021-08-15 23:00:00-04:00,6.5287,6.5288,6.5287,6.5288,0,28,0.0
2021-08-15 23:01:00-04:00,6.5288,6.5288,6.5288,6.5288,0,18,0.0
2021-08-15 23:02:00-04:00,6.5287,6.5287,6.5287,6.5287,0,8,0.0
2021-08-15 23:03:00-04:00,6.5287,6.5287,6.5286,6.5286,0,14,0.0
2021-08-15 23:04:00-04:00,6.5286,6.5286,6.5286,6.5286,0,16,0.0
2021-08-15 23:05:00-04:00,6.5286,6.5286,6.5286,6.5286,0,20,0.0
2021-08-15 23:06:00-04:00,6.5287,6.5292,6.5287,6.5292,0,24,0.0
2021-08-15 23:07:00-04:00,6.5292,6.5297,6.5292,6.5297,0,28,0.0
2021-08-15 23:08:00-04:00,6.5297,6.5297,6.5296,6.5297,0,36,0.0
2021-08-15 23:09:00-04:00,6.5297,6.5297,6.5296,6.5296,0,14,0.0
2021-08-15 23:10:00-04:00,6.5296,6.5297,6.5296,6.5297,0,18,0.0
2021-08-15 23:11:00-04:00,6.5299,6.5301,6.5299,6.5301,0,6,0.0
2021-08-15 23:12:00-04:00,6.5301,6.5301,6.5301,6.5301,0,20,0.0
2021-08-15 23:13:00-04:00,6.5301,6.5306,6.5301,6.5306,0,28,0.0
2021-08-15 23:14:00-04:00,6.5306,6.5306,6.5295,6.5295,0,20,0.0
2021-08-15 23:15:00-04:00,6.5296,6.5296,6.5292,6.5292,0,12,0.0
2021-08-15 23:16:00-04:00,6.5292,6.5293,6.5292,6.5293,0,16,0.0
2021-08-15 23:17:00-04:00,6.5293,6.5293,6.5293,6.5293,0,8,0.0
2021-08-15 23:18:00-04:00,6.5293,6.5293,6.5293,6.5293,0,16,0.0
2021-08-15 23:19:00-04:00,6.5293,6.5293,6.5292,6.5292,0,18,0.0
2021-08-15 23:20:00-04:00,6.5292,6.5292,6.5291,6.5291,0,18,0.0
2021-08-15 23:21:00-04:00,6.5291,6.5291,6.5291,6.5291,0,4,0.0
2021-08-15 23:22:00-04:00,6.5291,6.5291,6.5291,6.5291,0,16,0.0
2021-08-15 23:23:00-04:00,6.5292,6.5292,6.5292,6.5292,0,18,0.0
2021-08-15 23:24:00-04:00,6.5292,6.5292,6.5292,6.5292,0,2,0.0
2021-08-15 23:25:00-04:00,6.5292,6.5292,6.5291,6.5291,0,6,0.0
2021-08-15 23:26:00-04:00,6.5291,6.5291,6.529,6.5291,0,6,0.0
2021-08-15 23:27:00-04:00,6.5291,6.5292,6.529,6.5292,0,12,0.0
2021-08-15 23:28:00-04:00,6.5292,6.5292,6.5291,6.5291,0,22,0.0
2021-08-15 23:29:00-04:00,6.5292,6.5292,6.5292,6.5292,0,2,0.0
2021-08-15 23:30:00-04:00,6.5292,6.5294,6.5292,6.5294,0,4,0.0
2021-08-15 23:31:00-04:00,6.5294,6.5294,6.5294,6.5294,0,14,0.0
2021-08-15 23:32:00-04:00,6.5294,6.5294,6.5294,6.5294,0,6,0.0
2021-08-15 23:33:00-04:00,6.5297,6.5299,6.5297,6.5297,0,16,0.0
2021-08-15 23:34:00-04:00,6.5297,6.5297,6.5297,6.5297,0,8,0.0
2021-08-15 23:35:00-04:00,6.5298,6.5298,6.5298,6.5298,0,4,0.0
2021-08-15 23:36:00-04:00,6.5298,6.5298,6.5298,6.5298,0,2,0.0
2021-08-15 23:37:00-04:00,6.5298,6.5298,6.5297,6.5298,0,4,0.0
2021-08-15 23:38:00-04:00,6.5298,6.5299,6.5298,6.5298,0,12,0.0
2021-08-15 23:39:00-04:00,6.5298,6.5298,6.5292,6.5292,0,10,0.0
2021-08-15 23:40:00-04:00,6.5292,6.5297,6.5292,6.5297,0,8,0.0
2021-08-15 23:41:00-04:00,6.5297,6.5301,6.5297,6.5301,0,23,0.0
2021-08-15 23:42:00-04:00,6.5301,6.5301,6.5301,6.5301,0,10,0.0
2021-08-15 23:43:00-04:00,6.5301,6.5306,6.5301,6.5301,0,14,0.0
2021-08-15 23:44:00-04:00,6.5301,6.5306,6.5301,6.5306,0,14,0.0
2021-08-15 23:45:00-04:00,6.5306,6.5306,6.5306,6.5306,0,28,0.0
2021-08-15 23:46:00-04:00,6.5306,6.5306,6.5306,6.5306,0,24,0.0
2021-08-15 23:47:00-04:00,6.5306,6.5306,6.5306,6.5306,0,6,0.0
2021-08-15 23:49:00-04:00,6.5306,6.5306,6.5306,6.5306,0,4,0.0
2021-08-15 23:50:00-04:00,6.5306,6.5306,6.5301,6.5301,0,12,0.0
2021-08-15 23:51:00-04:00,6.5301,6.5301,6.5301,6.5301,0,26,0.0
2021-08-15 23:52:00-04:00,6.5301,6.5301,6.5301,6.5301,0,26,0.0
2021-08-15 23:53:00-04:00,6.5301,6.5301,6.5301,6.5301,0,4,0.0
2021-08-15 23:54:00-04:00,6.5301,6.5301,6.5301,6.5301,0,4,0.0
2021-08-15 23:55:00-04:00,6.5301,6.5301,6.5301,6.5301,0,4,0.0
2021-08-15 23:56:00-04:00,6.5301,6.5306,6.5301,6.5306,0,10,0.0
2021-08-15 23:57:00-04:00,6.5306,6.5306,6.5306,6.5306,0,10,0.0
2021-08-15 23:59:00-04:00,6.5306,6.5306,6.5306,6.5306,0,4,0.0
2021-08-16 00:00:00-04:00,6.5306,6.5306,6.5306,6.5306,0,4,0.0
2021-08-16 00:01:00-04:00,6.5306,6.5306,6.5306,6.5306,0,2,0.0
2021-08-16 00:02:00-04:00,6.5306,6.5306,6.5306,6.5306,0,16,0.0
2021-08-16 00:03:00-04:00,6.5306,6.5306,6.5306,6.5306,0,2,0.0
2021-08-16 00:04:00-04:00,6.5306,6.5306,6.5301,6.5301,0,20,0.0
2021-08-16 00:05:00-04:00,6.5301,6.5301,6.5301,6.5301,0,10,0.0
2021-08-16 00:06:00-04:00,6.5301,6.5301,6.5301,6.5301,0,4,0.0
2021-08-16 00:07:00-04:00,6.5301,6.5301,6.5301,6.5301,0,2,0.0
2021-08-16 00:08:00-04:00,6.5301,6.5301,6.5301,6.5301,0,2,0.0
2021-08-16 00:09:00-04:00,6.5301,6.5306,6.5301,6.5306,0,6,0.0
2021-08-16 00:10:00-04:00,6.5306,6.5306,6.5301,6.5301,0,10,0.0
2021-08-16 00:11:00-04:00,6.5301,6.5301,6.5301,6.5301,0,4,0.0
2021-08-16 00:12:00-04:00,6.5301,6.5301,6.5301,6.5301,0,2,0.0
2021-08-16 00:13:00-04:00,6.5301,6.5301,6.5301,6.5301,0,4,0.0
2021-08-16 00:15:00-04:00,6.5301,6.5301,6.5301,6.5301,0,4,0.0
2021-08-16 00:16:00-04:00,6.5301,6.5301,6.5301,6.5301,0,10,0.0
2021-08-16 00:17:00-04:00,6.5301,6.5301,6.5301,6.5301,0,22,0.0
2021-08-16 00:18:00-04:00,6.5301,6.5301,6.5301,6.5301,0,4,0.0
2021-08-16 00:19:00-04:00,6.5301,6.5306,6.5301,6.5301,0,12,0.0
2021-08-16 00:20:00-04:00,6.5301,6.5306,6.5301,6.5306,0,8,0.0
2021-08-16 00:21:00-04:00,6.5306,6.5306,6.5306,6.5306,0,2,0.0
2021-08-16 00:22:00-04:00,6.5306,6.5306,6.5306,6.5306,0,4,0.0
2021-08-16 00:23:00-04:00,6.5306,6.5306,6.5301,6.5301,0,6,0.0
2021-08-16 00:27:00-04:00,6.5301,6.5301,6.5301,6.5301,0,2,0.0
2021-08-16 00:28:00-04:00,6.5301,6.5301,6.5301,6.5301,0,4,0.0
2021-08-16 00:29:00-04:00,6.5301,6.5301,6.5301,6.5301,0,2,0.0
2021-08-16 00:30:00-04:00,6.5301,6.5301,6.5301,6.5301,0,6,0.0
2021-08-16 00:31:00-04:00,6.5301,6.5301,6.5301,6.5301,0,4,0.0
2021-08-16 00:33:00-04:00,6.5298,6.5298,6.5295,6.5295,0,2,0.0
2021-08-16 00:34:00-04:00,6.5295,6.5295,6.5295,6.5295,0,4,0.0
2021-08-16 00:35:00-04:00,6.5295,6.5295,6.5295,6.5295,0,2,0.0
2021-08-16 00:36:00-04:00,6.5295,6.5295,6.5295,6.5295,0,2,0.0
2021-08-16 00:38:00-04:00,6.5298,6.5301,6.5288,6.5288,0,32,0.0
2021-08-16 00:39:00-04:00,6.5288,6.5289,6.5288,6.5289,0,16,0.0
2021-08-16 00:40:00-04:00,6.5289,6.5289,6.5289,6.5289,0,14,0.0
2021-08-16 00:42:00-04:00,6.5289,6.5289,6.5289,6.5289,0,6,0.0
2021-08-16 00:43:00-04:00,6.5289,6.5289,6.5289,6.5289,0,8,0.0
2021-08-16 00:45:00-04:00,6.5291,6.5292,6.5291,6.5292,0,18,0.0
2021-08-16 00:46:00-04:00,6.5292,6.5292,6.5292,6.5292,0,18,0.0
2021-08-16 00:47:00-04:00,6.5292,6.5292,6.5292,6.5292,0,8,0.0
2021-08-16 00:48:00-04:00,6.5292,6.5292,6.529,6.529,0,10,0.0
2021-08-16 00:49:00-04:00,6.529,6.529,6.5289,6.5289,0,14,0.0
2021-08-16 00:50:00-04:00,6.5289,6.5289,6.5289,6.5289,0,12,0.0
2021-08-16 00:51:00-04:00,6.5289,6.5289,6.5288,6.5288,0,6,0.0
2021-08-16 00:54:00-04:00,6.5288,6.5288,6.5288,6.5288,0,2,0.0
2021-08-16 00:55:00-04:00,6.5288,6.5301,6.5288,6.5301,0,16,0.0
2021-08-16 00:56:00-04:00,6.5301,6.5301,6.5301,6.5301,0,12,0.0
2021-08-16 00:57:00-04:00,6.5301,6.5301,6.5296,6.5296,0,12,0.0
2021-08-16 00:58:00-04:00,6.5296,6.5296,6.5296,6.5296,0,4,0.0
2021-08-16 00:59:00-04:00,6.5296,6.5301,6.5296,6.5301,0,8,0.0
2021-08-16 01:00:00-04:00,6.5301,6.5301,6.5301,6.5301,0,16,0.0
2021-08-16 01:01:00-04:00,6.5301,6.5301,6.5296,6.5296,0,34,0.0
2021-08-16 01:02:00-04:00,6.5296,6.5301,6.5296,6.5301,0,14,0.0
2021-08-16 01:03:00-04:00,6.5301,6.5301,6.5301,6.5301,0,8,0.0
2021-08-16 01:04:00-04:00,6.5301,6.5301,6.5301,6.5301,0,24,0.0
2021-08-16 01:05:00-04:00,6.5301,6.5301,6.5301,6.5301,0,20,0.0
2021-08-16 01:06:00-04:00,6.5301,6.5301,6.5301,6.5301,0,8,0.0
2021-08-16 01:08:00-04:00,6.5301,6.5301,6.5301,6.5301,0,6,0.0
2021-08-16 01:09:00-04:00,6.5301,6.5306,6.5301,6.5306,0,8,0.0
2021-08-16 01:10:00-04:00,6.5306,6.5306,6.5299,6.5299,0,24,0.0
2021-08-16 01:11:00-04:00,6.5299,6.5299,6.5297,6.5297,0,6,0.0
2021-08-16 01:13:00-04:00,6.5297,6.5301,6.5297,6.5301,0,14,0.0
2021-08-16 01:14:00-04:00,6.5301,6.5301,6.5301,6.5301,0,36,0.0
2021-08-16 01:15:00-04:00,6.5301,6.5301,6.53,6.53,0,18,0.0
2021-08-16 01:16:00-04:00,6.53,6.53,6.53,6.53,0,16,0.0
2021-08-16 01:17:00-04:00,6.53,6.53,6.53,6.53,0,18,0.0
2021-08-16 01:18:00-04:00,6.53,6.5301,6.53,6.5301,0,27,0.0
2021-08-16 01:19:00-04:00,6.5301,6.5301,6.53,6.5301,0,16,0.0
2021-08-16 01:20:00-04:00,6.5301,6.5301,6.5301,6.5301,0,10,0.0
2021-08-16 01:21:00-04:00,6.5301,6.5301,6.5301,6.5301,0,12,0.0
2021-08-16 01:22:00-04:00,6.5301,6.5301,6.5301,6.5301,0,4,0.0
2021-08-16 01:23:00-04:00,6.5301,6.5301,6.5301,6.5301,0,2,0.0
2021-08-16 01:24:00-04:00,6.5301,6.5301,6.5301,6.5301,0,4,0.0
2021-08-16 01:25:00-04:00,6.5301,6.5306,6.5301,6.5306,0,6,0.0
2021-08-16 01:26:00-04:00,6.5306,6.5306,6.5306,6.5306,0,2,0.0
2021-08-16 01:27:00-04:00,6.5306,6.5306,6.5306,6.5306,0,4,0.0
2021-08-16 01:29:00-04:00,6.5301,6.5301,6.5299,6.5299,0,2,0.0
2021-08-16 01:30:00-04:00,6.5297,6.5299,6.5297,6.5299,0,4,0.0
2021-08-16 01:31:00-04:00,6.5299,6.5312,6.5299,6.5311,0,32,0.0
2021-08-16 01:32:00-04:00,6.5311,6.5311,6.5311,6.5311,0,8,0.0
2021-08-16 01:33:00-04:00,6.5311,6.5311,6.5311,6.5311,0,20,0.0
2021-08-16 01:34:00-04:00,6.5311,6.5311,6.5311,6.5311,0,14,0.0
2021-08-16 01:35:00-04:00,6.5311,6.5311,6.5311,6.5311,0,12,0.0
2021-08-16 01:36:00-04:00,6.5311,6.5311,6.5311,6.5311,0,26,0.0
2021-08-16 01:37:00-04:00,6.5311,6.5311,6.5311,6.5311,0,20,0.0
2021-08-16 01:38:00-04:00,6.5311,6.5311,6.5306,6.5306,0,8,0.0
2021-08-16 01:39:00-04:00,6.5306,6.5311,6.5306,6.5311,0,16,0.0
2021-08-16 01:40:00-04:00,6.531,6.531,6.5306,6.5306,0,36,0.0
2021-08-16 01:41:00-04:00,6.5306,6.5306,6.5306,6.5306,0,12,0.0
2021-08-16 01:42:00-04:00,6.5306,6.5306,6.5306,6.5306,0,2,0.0
2021-08-16 01:43:00-04:00,6.5306,6.5306,6.5306,6.5306,0,10,0.0
2021-08-16 01:44:00-04:00,6.5306,6.5306,6.5306,6.5306,0,6,0.0
2021-08-16 01:45:00-04:00,6.5306,6.5306,6.5306,6.5306,0,28,0.0
2021-08-16 01:46:00-04:00,6.5306,6.5306,6.53,6.53,0,18,0.0
2021-08-16 01:47:00-04:00,6.53,6.53,6.53,6.53,0,2,0.0
2021-08-16 01:48:00-04:00,6.53,6.53,6.53,6.53,0,2,0.0
2021-08-16 01:49:00-04:00,6.53,6.53,6.53,6.53,0,6,0.0
2021-08-16 01:50:00-04:00,6.5299,6.5299,6.5299,6.5299,0,4,0.0
2021-08-16 01:51:00-04:00,6.5299,6.5299,6.5299,6.5299,0,2,0.0
2021-08-16 01:52:00-04:00,6.5299,6.5299,6.5299,6.5299,0,20,0.0
2021-08-16 01:53:00-04:00,6.5299,6.5299,6.5299,6.5299,0,14,0.0
2021-08-16 01:54:00-04:00,6.5299,6.5299,6.5299,6.5299,0,4,0.0
2021-08-16 01:55:00-04:00,6.5295,6.5295,6.5292,6.5293,0,6,0.0
2021-08-16 01:56:00-04:00,6.5293,6.5294,6.5293,6.5294,0,20,0.0
2021-08-16 01:57:00-04:00,6.5294,6.5295,6.5294,6.5295,0,28,0.0
2021-08-16 01:58:00-04:00,6.5294,6.5295,6.5293,6.5293,0,10,0.0
2021-08-16 01:59:00-04:00,6.5293,6.5293,6.5293,6.5293,0,6,0.0
2021-08-16 02:00:00-04:00,6.5292,6.5308,6.5291,6.5296,0,120,0.0
2021-08-16 02:01:00-04:00,6.5296,6.5301,6.5294,6.5301,0,30,0.0
2021-08-16 02:02:00-04:00,6.5301,6.5301,6.5296,6.5296,0,32,0.0
2021-08-16 02:03:00-04:00,6.5296,6.5296,6.5296,6.5296,0,32,0.0
2021-08-16 02:04:00-04:00,6.5296,6.5296,6.5296,6.5296,0,28,0.0
2021-08-16 02:05:00-04:00,6.5296,6.5296,6.5296,6.5296,0,20,0.0
2021-08-16 02:06:00-04:00,6.5296,6.5296,6.5291,6.5291,0,20,0.0
2021-08-16 02:07:00-04:00,6.5291,6.5296,6.5291,6.5296,0,20,0.0
2021-08-16 02:08:00-04:00,6.5296,6.5296,6.5296,6.5296,0,26,0.0
2021-08-16 02:09:00-04:00,6.5296,6.5296,6.5296,6.5296,0,10,0.0
2021-08-16 02:10:00-04:00,6.5296,6.5296,6.5296,6.5296,0,6,0.0
2021-08-16 02:11:00-04:00,6.5296,6.5296,6.5296,6.5296,0,16,0.0
2021-08-16 02:12:00-04:00,6.5296,6.5296,6.5296,6.5296,0,2,0.0
2021-08-16 02:13:00-04:00,6.5296,6.5296,6.5296,6.5296,0,8,0.0
2021-08-16 02:14:00-04:00,6.5296,6.5296,6.5296,6.5296,0,6,0.0
2021-08-16 02:15:00-04:00,6.5296,6.5296,6.5296,6.5296,0,20,0.0
2021-08-16 02:16:00-04:00,6.5296,6.5298,6.5293,6.5298,0,40,0.0
2021-08-16 02:17:00-04:00,6.5298,6.5299,6.5297,6.5299,0,26,0.0
2021-08-16 02:18:00-04:00,6.5299,6.5301,6.5299,6.53,0,44,0.0
2021-08-16 02:19:00-04:00,6.53,6.5301,6.53,6.5301,0,14,0.0
2021-08-16 02:20:00-04:00,6.5301,6.5301,6.5301,6.5301,0,14,0.0
2021-08-16 02:21:00-04:00,6.5299,6.5299,6.5294,6.5297,0,24,0.0
2021-08-16 02:22:00-04:00,6.5297,6.5298,6.5297,6.5298,0,2,0.0
2021-08-16 02:23:00-04:00,6.5298,6.5298,6.5297,6.5297,0,12,0.0
2021-08-16 02:24:00-04:00,6.5297,6.5298,6.5297,6.5298,0,18,0.0
2021-08-16 02:25:00-04:00,6.5298,6.5298,6.5298,6.5298,0,14,0.0
2021-08-16 02:26:00-04:00,6.5298,6.5298,6.5298,6.5298,0,2,0.0
2021-08-16 02:27:00-04:00,6.5297,6.5297,6.5297,6.5297,0,6,0.0
2021-08-16 02:28:00-04:00,6.5297,6.5297,6.5297,6.5297,0,4,0.0
2021-08-16 02:29:00-04:00,6.5297,6.5297,6.5295,6.5295,0,15,0.0
2021-08-16 02:30:00-04:00,6.5295,6.5296,6.5293,6.5293,0,26,0.0
2021-08-16 02:31:00-04:00,6.5293,6.5294,6.5293,6.5294,0,18,0.0
2021-08-16 02:32:00-04:00,6.5294,6.5294,6.5294,6.5294,0,14,0.0
2021-08-16 02:33:00-04:00,6.5294,6.5294,6.5294,6.5294,0,14,0.0
2021-08-16 02:34:00-04:00,6.5294,6.5294,6.5294,6.5294,0,4,0.0
2021-08-16 02:35:00-04:00,6.5294,6.5299,6.5294,6.5299,0,22,0.0
2021-08-16 02:36:00-04:00,6.5299,6.5299,6.5299,6.5299,0,22,0.0
2021-08-16 02:37:00-04:00,6.5299,6.5299,6.5299,6.5299,0,18,0.0
2021-08-16 02:38:00-04:00,6.5299,6.5299,6.5299,6.5299,0,6,0.0
2021-08-16 02:39:00-04:00,6.5299,6.5299,6.5294,6.5294,0,20,0.0
2021-08-16 02:40:00-04:00,6.5294,6.5299,6.5294,6.5299,0,24,0.0
2021-08-16 02:41:00-04:00,6.5299,6.5299,6.5294,6.5294,0,22,0.0
2021-08-16 02:42:00-04:00,6.5294,6.5294,6.5294,6.5294,0,26,0.0
2021-08-16 02:43:00-04:00,6.5294,6.5299,6.5294,6.5299,0,20,0.0
2021-08-16 02:44:00-04:00,6.5299,6.5299,6.5299,6.5299,0,10,0.0
2021-08-16 02:45:00-04:00,6.5299,6.5299,6.5299,6.5299,0,10,0.0
2021-08-16 02:46:00-04:00,6.5299,6.5299,6.5299,6.5299,0,26,0.0
2021-08-16 02:47:00-04:00,6.5299,6.5299,6.5299,6.5299,0,2,0.0
2021-08-16 02:48:00-04:00,6.5299,6.5299,6.5299,6.5299,0,6,0.0
2021-08-16 02:49:00-04:00,6.5299,6.5299,6.5299,6.5299,0,22,0.0
2021-08-16 02:50:00-04:00,6.5299,6.5299,6.5298,6.5298,0,4,0.0
2021-08-16 02:51:00-04:00,6.5298,6.5298,6.5297,6.5297,0,6,0.0
2021-08-16 02:52:00-04:00,6.5297,6.5298,6.5297,6.5297,0,32,0.0
2021-08-16 02:53:00-04:00,6.5297,6.5302,6.5297,6.5302,0,44,0.0
2021-08-16 02:54:00-04:00,6.5302,6.5312,6.5302,6.5312,0,62,0.0
2021-08-16 02:55:00-04:00,6.5312,6.5312,6.5302,6.5302,0,36,0.0
2021-08-16 02:56:00-04:00,6.5302,6.5302,6.5302,6.5302,0,14,0.0
2021-08-16 02:57:00-04:00,6.5302,6.5302,6.5302,6.5302,0,36,0.0
2021-08-16 02:58:00-04:00,6.5302,6.5302,6.5302,6.5302,0,22,0.0
2021-08-16 02:59:00-04:00,6.5302,6.5302,6.5302,6.5302,0,18,0.0
2021-08-16 03:00:00-04:00,6.5302,6.5302,6.53,6.53,0,20,0.0
2021-08-16 03:01:00-04:00,6.53,6.53,6.5297,6.5297,0,22,0.0
2021-08-16 03:02:00-04:00,6.5297,6.5297,6.5293,6.5294,0,20,0.0
2021-08-16 03:03:00-04:00,6.5294,6.5297,6.5294,6.5297,0,20,0.0
2021-08-16 03:04:00-04:00,6.5297,6.53,6.5297,6.53,0,22,0.0
2021-08-16 03:05:00-04:00,6.53,6.5308,6.53,6.5308,0,28,0.0
2021-08-16 03:06:00-04:00,6.5308,6.5308,6.5307,6.5307,0,10,0.0
2021-08-16 03:07:00-04:00,6.5307,6.5307,6.5304,6.5304,0,34,0.0
2021-08-16 03:08:00-04:00,6.5303,6.5303,6.5297,6.5297,0,30,0.0
2021-08-16 03:09:00-04:00,6.5297,6.5297,6.5297,6.5297,0,18,0.0
2021-08-16 03:10:00-04:00,6.5297,6.5297,6.5297,6.5297,0,16,0.0
2021-08-16 03:11:00-04:00,6.5297,6.5297,6.5297,6.5297,0,32,0.0
2021-08-16 03:12:00-04:00,6.5297,6.5297,6.5297,6.5297,0,18,0.0
2021-08-16 03:13:00-04:00,6.5297,6.5297,6.5297,6.5297,0,6,0.0
2021-08-16 03:14:00-04:00,6.5297,6.5297,6.5297,6.5297,0,28,0.0
2021-08-16 03:15:00-04:00,6.5297,6.5297,6.5297,6.5297,0,20,0.0
2021-08-16 03:16:00-04:00,6.5297,6.5297,6.5282,6.5282,0,28,0.0
2021-08-16 03:17:00-04:00,6.5282,6.5297,6.5282,6.5297,0,38,0.0
2021-08-16 03:18:00-04:00,6.5297,6.5297,6.5297,6.5297,0,20,0.0
2021-08-16 03:19:00-04:00,6.5297,6.5297,6.5292,6.5292,0,28,0.0
2021-08-16 03:20:00-04:00,6.5292,6.5292,6.5292,6.5292,0,16,0.0
2021-08-16 03:21:00-04:00,6.5292,6.5292,6.5287,6.5287,0,24,0.0
2021-08-16 03:22:00-04:00,6.5287,6.5292,6.5287,6.5292,0,24,0.0
2021-08-16 03:23:00-04:00,6.5292,6.5292,6.5292,6.5292,0,8,0.0
2021-08-16 03:24:00-04:00,6.5292,6.5292,6.5292,6.5292,0,8,0.0
2021-08-16 03:25:00-04:00,6.5292,6.5292,6.5292,6.5292,0,32,0.0
2021-08-16 03:26:00-04:00,6.5292,6.5292,6.5292,6.5292,0,16,0.0
2021-08-16 03:27:00-04:00,6.5292,6.5292,6.5292,6.5292,0,36,0.0
2021-08-16 03:28:00-04:00,6.5292,6.5292,6.5287,6.5287,0,28,0.0
2021-08-16 03:29:00-04:00,6.5287,6.5292,6.5287,6.5292,0,40,0.0
2021-08-16 03:30:00-04:00,6.5292,6.5292,6.5292,6.5292,0,12,0.0
2021-08-16 03:31:00-04:00,6.5292,6.5292,6.5292,6.5292,0,22,0.0
2021-08-16 03:32:00-04:00,6.5292,6.5292,6.5292,6.5292,0,18,0.0
2021-08-16 03:33:00-04:00,6.5292,6.5292,6.5292,6.5292,0,32,0.0
2021-08-16 03:34:00-04:00,6.5292,6.5292,6.5292,6.5292,0,22,0.0
2021-08-16 03:35:00-04:00,6.5292,6.5292,6.5292,6.5292,0,12,0.0
2021-08-16 03:36:00-04:00,6.5292,6.5292,6.5287,6.5287,0,34,0.0
2021-08-16 03:37:00-04:00,6.5287,6.5287,6.5287,6.5287,0,12,0.0
2021-08-16 03:38:00-04:00,6.5287,6.5287,6.5287,6.5287,0,16,0.0
2021-08-16 03:39:00-04:00,6.5287,6.5287,6.5287,6.5287,0,16,0.0
2021-08-16 03:40:00-04:00,6.5287,6.5287,6.5287,6.5287,0,18,0.0
2021-08-16 03:41:00-04:00,6.5287,6.5287,6.5287,6.5287,0,10,0.0
2021-08-16 03:42:00-04:00,6.5287,6.5287,6.5287,6.5287,0,22,0.0
2021-08-16 03:43:00-04:00,6.5287,6.5287,6.5287,6.5287,0,10,0.0
2021-08-16 03:44:00-04:00,6.5287,6.5287,6.5287,6.5287,0,14,0.0
2021-08-16 03:45:00-04:00,6.5287,6.5287,6.5287,6.5287,0,22,0.0
2021-08-16 03:46:00-04:00,6.5287,6.5287,6.5287,6.5287,0,14,0.0
2021-08-16 03:47:00-04:00,6.5287,6.5287,6.5287,6.5287,0,18,0.0
2021-08-16 03:48:00-04:00,6.5287,6.5287,6.5287,6.5287,0,18,0.0
2021-08-16 03:49:00-04:00,6.5288,6.5292,6.5288,6.5292,0,14,0.0
2021-08-16 03:50:00-04:00,6.5292,6.5292,6.5292,6.5292,0,24,0.0
2021-08-16 03:51:00-04:00,6.5292,6.5292,6.5292,6.5292,0,8,0.0
2021-08-16 03:52:00-04:00,6.5292,6.5292,6.5292,6.5292,0,32,0.0
2021-08-16 03:53:00-04:00,6.5292,6.5292,6.5292,6.5292,0,20,0.0
2021-08-16 03:54:00-04:00,6.5291,6.5291,6.529,6.529,0,10,0.0
2021-08-16 03:55:00-04:00,6.529,6.529,6.529,6.529,0,6,0.0
2021-08-16 03:56:00-04:00,6.529,6.529,6.529,6.529,0,12,0.0
2021-08-16 03:57:00-04:00,6.529,6.529,6.529,6.529,0,6,0.0
2021-08-16 03:58:00-04:00,6.529,6.529,6.529,6.529,0,18,0.0
2021-08-16 03:59:00-04:00,6.529,6.529,6.529,6.529,0,12,0.0
2021-08-16 04:00:00-04:00,6.529,6.529,6.5285,6.5285,0,32,0.0
2021-08-16 04:01:00-04:00,6.5285,6.5285,6.5285,6.5285,0,22,0.0
2021-08-16 04:02:00-04:00,6.5285,6.5285,6.5283,6.5283,0,18,0.0
2021-08-16 04:03:00-04:00,6.5283,6.5285,6.5283,6.5285,0,16,0.0
2021-08-16 04:04:00-04:00,6.5285,6.5285,6.528,6.5285,0,22,0.0
2021-08-16 04:05:00-04:00,6.5285,6.5285,6.528,6.528,0,20,0.0
2021-08-16 04:06:00-04:00,6.528,6.528,6.528,6.528,0,12,0.0
2021-08-16 04:07:00-04:00,6.528,6.5285,6.528,6.528,0,16,0.0
2021-08-16 04:08:00-04:00,6.528,6.528,6.5275,6.5275,0,24,0.0
2021-08-16 04:09:00-04:00,6.5275,6.5275,6.5275,6.5275,0,18,0.0
2021-08-16 04:10:00-04:00,6.5275,6.5275,6.5275,6.5275,0,24,0.0
2021-08-16 04:11:00-04:00,6.5275,6.5275,6.5275,6.5275,0,10,0.0
2021-08-16 04:12:00-04:00,6.5275,6.5275,6.5275,6.5275,0,18,0.0
2021-08-16 04:13:00-04:00,6.5275,6.5275,6.5275,6.5275,0,16,0.0
2021-08-16 04:14:00-04:00,6.5275,6.5281,6.5275,6.5281,0,30,0.0
2021-08-16 04:15:00-04:00,6.5281,6.5281,6.5276,6.5279,0,28,0.0
2021-08-16 04:16:00-04:00,6.5279,6.5279,6.5276,6.5276,0,26,0.0
2021-08-16 04:17:00-04:00,6.5276,6.5276,6.5276,6.5276,0,12,0.0
2021-08-16 04:18:00-04:00,6.5276,6.5276,6.5274,6.5274,0,12,0.0
2021-08-16 04:19:00-04:00,6.5272,6.5276,6.5271,6.5276,0,24,0.0
2021-08-16 04:20:00-04:00,6.5276,6.5276,6.5276,6.5276,0,12,0.0
2021-08-16 04:21:00-04:00,6.5276,6.5276,6.5276,6.5276,0,8,0.0
2021-08-16 04:22:00-04:00,6.5273,6.5273,6.5271,6.5271,0,26,0.0
2021-08-16 04:23:00-04:00,6.5271,6.5271,6.5266,6.5266,0,30,0.0
2021-08-16 04:24:00-04:00,6.5266,6.5266,6.5261,6.5261,0,20,0.0
2021-08-16 04:25:00-04:00,6.5261,6.5265,6.5261,6.5265,0,16,0.0
2021-08-16 04:26:00-04:00,6.5265,6.5265,6.5265,6.5265,0,8,0.0
2021-08-16 04:27:00-04:00,6.5265,6.5265,6.5261,6.5261,0,20,0.0
2021-08-16 04:28:00-04:00,6.5261,6.5261,6.5259,6.5259,0,8,0.0
2021-08-16 04:29:00-04:00,6.526,6.526,6.526,6.526,0,2,0.0
2021-08-16 04:30:00-04:00,6.526,6.5262,6.526,6.5262,0,10,0.0
2021-08-16 04:31:00-04:00,6.5262,6.5262,6.5259,6.5259,0,12,0.0
2021-08-16 04:32:00-04:00,6.5259,6.5259,6.5257,6.5257,0,12,0.0
2021-08-16 04:33:00-04:00,6.5257,6.5257,6.5253,6.5253,0,22,0.0
2021-08-16 04:34:00-04:00,6.5253,6.5253,6.525,6.5251,0,28,0.0
2021-08-16 04:35:00-04:00,6.5251,6.5253,6.5251,6.5253,0,30,0.0
2021-08-16 04:36:00-04:00,6.5253,6.5253,6.5252,6.5252,0,16,0.0
2021-08-16 04:37:00-04:00,6.5252,6.5252,6.5249,6.5249,0,16,0.0
2021-08-16 04:38:00-04:00,6.5249,6.525,6.5246,6.5246,0,24,0.0
2021-08-16 04:39:00-04:00,6.5246,6.5251,6.5246,6.5251,0,22,0.0
2021-08-16 04:40:00-04:00,6.5251,6.5251,6.5246,6.5246,0,8,0.0
2021-08-16 04:41:00-04:00,6.5246,6.5246,6.5246,6.5246,0,12,0.0
2021-08-16 04:42:00-04:00,6.5246,6.5246,6.5241,6.5241,0,24,0.0
2021-08-16 04:43:00-04:00,6.5241,6.5246,6.5241,6.5246,0,42,0.0
2021-08-16 04:44:00-04:00,6.5246,6.5246,6.5246,6.5246,0,34,0.0
2021-08-16 04:45:00-04:00,6.5246,6.5246,6.5246,6.5246,0,8,0.0
2021-08-16 04:46:00-04:00,6.5246,6.5246,6.5246,6.5246,0,18,0.0
2021-08-16 04:47:00-04:00,6.5246,6.5246,6.5245,6.5245,0,2,0.0
2021-08-16 04:48:00-04:00,6.5246,6.5246,6.5243,6.5243,0,14,0.0
2021-08-16 04:49:00-04:00,6.5243,6.5243,6.5241,6.5241,0,48,0.0
2021-08-16 04:50:00-04:00,6.5241,6.5243,6.5241,6.5243,0,30,0.0
2021-08-16 04:51:00-04:00,6.5243,6.5243,6.5243,6.5243,0,2,0.0
2021-08-16 04:52:00-04:00,6.5242,6.5242,6.524,6.524,0,6,0.0
2021-08-16 04:53:00-04:00,6.5241,6.5246,6.5241,6.5246,0,12,0.0
2021-08-16 04:54:00-04:00,6.5246,6.5249,6.5246,6.5249,0,19,0.0
2021-08-16 04:55:00-04:00,6.5249,6.5249,6.5249,6.5249,0,24,0.0
2021-08-16 04:56:00-04:00,6.5249,6.5249,6.5249,6.5249,0,19,0.0
2021-08-16 04:57:00-04:00,6.5249,6.5251,6.5249,6.5251,0,12,0.0
2021-08-16 04:58:00-04:00,6.5251,6.5251,6.5246,6.5246,0,27,0.0
2021-08-16 04:59:00-04:00,6.5246,6.525,6.5241,6.525,0,21,0.0
2021-08-16 05:00:00-04:00,6.525,6.525,6.525,6.525,0,86,0.0
2021-08-16 05:01:00-04:00,6.525,6.525,6.5245,6.5245,0,103,0.0
2021-08-16 05:02:00-04:00,6.5245,6.5245,6.5245,6.5245,0,97,0.0
2021-08-16 05:03:00-04:00,6.5245,6.5246,6.5245,6.5246,0,106,0.0
2021-08-16 05:04:00-04:00,6.5246,6.5246,6.5246,6.5246,0,84,0.0
2021-08-16 05:05:00-04:00,6.5246,6.5246,6.5245,6.5245,0,44,0.0
2021-08-16 05:06:00-04:00,6.5245,6.5245,6.5245,6.5245,0,16,0.0
2021-08-16 05:07:00-04:00,6.5245,6.5245,6.5245,6.5245,0,10,0.0
2021-08-16 05:08:00-04:00,6.5245,6.5248,6.5245,6.5248,0,22,0.0
2021-08-16 05:09:00-04:00,6.5248,6.5249,6.5248,6.5249,0,34,0.0
2021-08-16 05:10:00-04:00,6.5249,6.5253,6.5249,6.5253,0,38,0.0
2021-08-16 05:11:00-04:00,6.5254,6.5255,6.5254,6.5255,0,48,0.0
2021-08-16 05:12:00-04:00,6.5255,6.5255,6.5255,6.5255,0,40,0.0
2021-08-16 05:13:00-04:00,6.5255,6.5255,6.5255,6.5255,0,34,0.0
2021-08-16 05:14:00-04:00,6.5255,6.5255,6.5255,6.5255,0,36,0.0
2021-08-16 05:15:00-04:00,6.5255,6.5255,6.5255,6.5255,0,62,0.0
2021-08-16 05:16:00-04:00,6.5255,6.5255,6.5251,6.5251,0,40,0.0
2021-08-16 05:17:00-04:00,6.5251,6.5251,6.5251,6.5251,0,33,0.0
2021-08-16 05:18:00-04:00,6.5251,6.5251,6.5251,6.5251,0,36,0.0
2021-08-16 05:19:00-04:00,6.5251,6.5251,6.5251,6.5251,0,42,0.0
2021-08-16 05:20:00-04:00,6.5251,6.5251,6.5251,6.5251,0,30,0.0
2021-08-16 05:21:00-04:00,6.5251,6.5251,6.5251,6.5251,0,16,0.0
2021-08-16 05:22:00-04:00,6.5251,6.5251,6.5251,6.5251,0,32,0.0
2021-08-16 05:23:00-04:00,6.5251,6.5251,6.5251,6.5251,0,36,0.0
2021-08-16 05:24:00-04:00,6.5251,6.5251,6.5251,6.5251,0,30,0.0
2021-08-16 05:25:00-04:00,6.5251,6.5251,6.5251,6.5251,0,40,0.0
2021-08-16 05:26:00-04:00,6.5251,6.5251,6.525,6.525,0,42,0.0
2021-08-16 05:27:00-04:00,6.525,6.525,6.525,6.525,0,18,0.0
2021-08-16 05:28:00-04:00,6.525,6.525,6.525,6.525,0,30,0.0
2021-08-16 05:29:00-04:00,6.525,6.5252,6.525,6.5252,0,32,0.0
2021-08-16 05:30:00-04:00,6.5252,6.5253,6.5252,6.5253,0,42,0.0
2021-08-16 05:31:00-04:00,6.5253,6.5261,6.5253,6.5261,0,34,0.0
2021-08-16 05:32:00-04:00,6.5261,6.5261,6.5256,6.5261,0,32,0.0
2021-08-16 05:33:00-04:00,6.5261,6.5261,6.5261,6.5261,0,24,0.0
2021-08-16 05:34:00-04:00,6.5261,6.5261,6.5256,6.5261,0,40,0.0
2021-08-16 05:35:00-04:00,6.5261,6.5273,6.5259,6.5271,0,52,0.0
2021-08-16 05:36:00-04:00,6.5272,6.5272,6.5262,6.5262,0,10,0.0
2021-08-16 05:37:00-04:00,6.5262,6.5271,6.5262,6.5271,0,16,0.0
2021-08-16 05:38:00-04:00,6.5271,6.5271,6.5271,6.5271,0,2,0.0
2021-08-16 05:40:00-04:00,6.5271,6.5271,6.5268,6.5268,0,6,0.0
2021-08-16 05:41:00-04:00,6.5268,6.5268,6.5268,6.5268,0,4,0.0
2021-08-16 05:42:00-04:00,6.5268,6.5268,6.5268,6.5268,0,2,0.0
2021-08-16 05:43:00-04:00,6.5268,6.5268,6.5268,6.5268,0,2,0.0
2021-08-16 05:44:00-04:00,6.5268,6.5268,6.5268,6.5268,0,2,0.0
2021-08-16 05:45:00-04:00,6.5265,6.5265,6.5258,6.5258,0,6,0.0
2021-08-16 05:46:00-04:00,6.5257,6.5259,6.5257,6.5259,0,40,0.0
2021-08-16 05:47:00-04:00,6.5258,6.526,6.5257,6.5259,0,38,0.0
2021-08-16 05:48:00-04:00,6.5258,6.526,6.5257,6.5258,0,68,0.0
2021-08-16 05:49:00-04:00,6.5257,6.5258,6.5257,6.5257,0,24,0.0
2021-08-16 05:50:00-04:00,6.5257,6.5259,6.5256,6.5256,0,63,0.0
2021-08-16 05:51:00-04:00,6.5256,6.5258,6.5256,6.5258,0,70,0.0
2021-08-16 05:52:00-04:00,6.5258,6.5258,6.5257,6.5257,0,26,0.0
2021-08-16 05:53:00-04:00,6.5257,6.5257,6.5252,6.5253,0,40,0.0
2021-08-16 05:54:00-04:00,6.5253,6.5254,6.5252,6.5253,0,78,0.0
2021-08-16 05:55:00-04:00,6.5253,6.5254,6.5253,6.5253,0,68,0.0
2021-08-16 05:56:00-04:00,6.5253,6.5253,6.5252,6.5252,0,32,0.0
2021-08-16 05:57:00-04:00,6.5252,6.5253,6.5252,6.5253,0,60,0.0
2021-08-16 05:58:00-04:00,6.5253,6.5254,6.525,6.5252,0,72,0.0
2021-08-16 05:59:00-04:00,6.5251,6.5254,6.525,6.5253,0,88,0.0
2021-08-16 06:00:00-04:00,6.5252,6.5255,6.5252,6.5255,0,25,0.0
2021-08-16 06:01:00-04:00,6.5255,6.5255,6.5255,6.5255,0,4,0.0
2021-08-16 06:02:00-04:00,6.5255,6.5255,6.5255,6.5255,0,20,0.0
2021-08-16 06:03:00-04:00,6.5255,6.5255,6.5255,6.5255,0,38,0.0
2021-08-16 06:04:00-04:00,6.5255,6.5255,6.5255,6.5255,0,18,0.0
2021-08-16 06:05:00-04:00,6.5255,6.5255,6.5255,6.5255,0,18,0.0
2021-08-16 06:06:00-04:00,6.5255,6.5255,6.5255,6.5255,0,2,0.0
2021-08-16 06:07:00-04:00,6.5255,6.5255,6.5252,6.5252,0,14,0.0
2021-08-16 06:08:00-04:00,6.5252,6.5252,6.5252,6.5252,0,6,0.0
2021-08-16 06:09:00-04:00,6.5252,6.5252,6.5252,6.5252,0,16,0.0
2021-08-16 06:10:00-04:00,6.5252,6.5252,6.5252,6.5252,0,22,0.0
2021-08-16 06:11:00-04:00,6.5251,6.5252,6.5251,6.5252,0,32,0.0
2021-08-16 06:12:00-04:00,6.5251,6.5252,6.5246,6.5246,0,46,0.0
2021-08-16 06:13:00-04:00,6.5249,6.5251,6.5247,6.5251,0,26,0.0
2021-08-16 06:14:00-04:00,6.5251,6.5251,6.5251,6.5251,0,30,0.0
2021-08-16 06:15:00-04:00,6.5251,6.5251,6.5251,6.5251,0,10,0.0
2021-08-16 06:16:00-04:00,6.5251,6.5251,6.5251,6.5251,0,16,0.0
2021-08-16 06:17:00-04:00,6.5251,6.5251,6.5251,6.5251,0,34,0.0
2021-08-16 06:18:00-04:00,6.5251,6.5252,6.5251,6.5252,0,26,0.0
2021-08-16 06:19:00-04:00,6.5252,6.5252,6.5251,6.5252,0,42,0.0
2021-08-16 06:20:00-04:00,6.5251,6.5252,6.5251,6.5252,0,42,0.0
2021-08-16 06:21:00-04:00,6.5252,6.5256,6.5251,6.5252,0,46,0.0
2021-08-16 06:22:00-04:00,6.5252,6.5252,6.5251,6.5251,0,38,0.0
2021-08-16 06:23:00-04:00,6.5251,6.5252,6.5251,6.5252,0,38,0.0
2021-08-16 06:24:00-04:00,6.5252,6.5252,6.5251,6.5252,0,22,0.0
2021-08-16 06:25:00-04:00,6.5251,6.5252,6.5251,6.5251,0,26,0.0
2021-08-16 06:26:00-04:00,6.5251,6.5251,6.5251,6.5251,0,22,0.0
2021-08-16 06:27:00-04:00,6.5251,6.5256,6.5251,6.5256,0,32,0.0
2021-08-16 06:28:00-04:00,6.5256,6.5256,6.5256,6.5256,0,34,0.0
2021-08-16 06:29:00-04:00,6.5256,6.5256,6.5256,6.5256,0,34,0.0
2021-08-16 06:30:00-04:00,6.5256,6.5257,6.5256,6.5257,0,12,0.0
2021-08-16 06:31:00-04:00,6.5256,6.5257,6.5256,6.5256,0,6,0.0
2021-08-16 06:32:00-04:00,6.5256,6.5256,6.5256,6.5256,0,20,0.0
2021-08-16 06:33:00-04:00,6.5256,6.5256,6.5251,6.5251,0,22,0.0
2021-08-16 06:34:00-04:00,6.5251,6.5251,6.5246,6.5246,0,34,0.0
2021-08-16 06:35:00-04:00,6.5246,6.5246,6.5246,6.5246,0,32,0.0
2021-08-16 06:36:00-04:00,6.5246,6.5246,6.5246,6.5246,0,34,0.0
2021-08-16 06:37:00-04:00,6.5246,6.5251,6.5246,6.5251,0,46,0.0
2021-08-16 06:38:00-04:00,6.5251,6.5251,6.5247,6.5251,0,32,0.0
2021-08-16 06:39:00-04:00,6.5251,6.5251,6.5251,6.5251,0,30,0.0
2021-08-16 06:40:00-04:00,6.5251,6.5251,6.5246,6.5246,0,8,0.0
2021-08-16 06:41:00-04:00,6.5247,6.5247,6.5246,6.5246,0,28,0.0
2021-08-16 06:42:00-04:00,6.5246,6.5251,6.5246,6.5251,0,26,0.0
2021-08-16 06:43:00-04:00,6.5251,6.5251,6.5246,6.5246,0,24,0.0
2021-08-16 06:44:00-04:00,6.5246,6.5246,6.5246,6.5246,0,20,0.0
2021-08-16 06:45:00-04:00,6.5246,6.5246,6.5246,6.5246,0,30,0.0
2021-08-16 06:46:00-04:00,6.5246,6.5246,6.5246,6.5246,0,26,0.0
2021-08-16 06:47:00-04:00,6.5246,6.5251,6.5246,6.5251,0,28,0.0
2021-08-16 06:48:00-04:00,6.5251,6.5251,6.5251,6.5251,0,28,0.0
2021-08-16 06:49:00-04:00,6.5251,6.5251,6.5251,6.5251,0,42,0.0
2021-08-16 06:50:00-04:00,6.5251,6.5251,6.5251,6.5251,0,34,0.0
2021-08-16 06:51:00-04:00,6.5251,6.5251,6.5251,6.5251,0,34,0.0
2021-08-16 06:52:00-04:00,6.5251,6.5252,6.5251,6.5252,0,34,0.0
2021-08-16 06:53:00-04:00,6.5252,6.5256,6.5252,6.5256,0,24,0.0
2021-08-16 06:54:00-04:00,6.5256,6.5256,6.5256,6.5256,0,38,0.0
2021-08-16 06:55:00-04:00,6.5256,6.5256,6.5251,6.5251,0,48,0.0
2021-08-16 06:56:00-04:00,6.5251,6.5251,6.5251,6.5251,0,34,0.0
2021-08-16 06:57:00-04:00,6.5251,6.5256,6.5251,6.5256,0,44,0.0
2021-08-16 06:58:00-04:00,6.5256,6.5257,6.5256,6.5257,0,16,0.0
2021-08-16 06:59:00-04:00,6.5257,6.5257,6.5256,6.5257,0,30,0.0
2021-08-16 07:00:00-04:00,6.5256,6.5257,6.5256,6.5256,0,26,0.0
2021-08-16 07:01:00-04:00,6.5256,6.5256,6.5256,6.5256,0,36,0.0
2021-08-16 07:02:00-04:00,6.5256,6.5256,6.5255,6.5256,0,26,0.0
2021-08-16 07:03:00-04:00,6.5256,6.5256,6.5256,6.5256,0,22,0.0
2021-08-16 07:04:00-04:00,6.5256,6.5256,6.5256,6.5256,0,24,0.0
2021-08-16 07:05:00-04:00,6.5256,6.5256,6.5256,6.5256,0,26,0.0
2021-08-16 07:06:00-04:00,6.5256,6.5256,6.5256,6.5256,0,24,0.0
2021-08-16 07:07:00-04:00,6.5256,6.5256,6.5256,6.5256,0,30,0.0
2021-08-16 07:08:00-04:00,6.5256,6.5261,6.5256,6.5261,0,40,0.0
2021-08-16 07:09:00-04:00,6.5261,6.5261,6.5261,6.5261,0,34,0.0
2021-08-16 07:10:00-04:00,6.5261,6.5261,6.5261,6.5261,0,42,0.0
2021-08-16 07:11:00-04:00,6.5261,6.5261,6.5261,6.5261,0,14,0.0
2021-08-16 07:12:00-04:00,6.5261,6.5261,6.5261,6.5261,0,8,0.0
2021-08-16 07:13:00-04:00,6.5261,6.5261,6.5261,6.5261,0,34,0.0
2021-08-16 07:14:00-04:00,6.5261,6.5266,6.5261,6.5266,0,44,0.0
2021-08-16 07:15:00-04:00,6.5266,6.5266,6.5266,6.5266,0,30,0.0
2021-08-16 07:16:00-04:00,6.5266,6.5266,6.5261,6.5261,0,36,0.0
2021-08-16 07:17:00-04:00,6.5262,6.5266,6.5261,6.5266,0,40,0.0
2021-08-16 07:18:00-04:00,6.5266,6.5271,6.5266,6.5268,0,40,0.0
2021-08-16 07:19:00-04:00,6.5267,6.5268,6.5266,6.5266,0,40,0.0
2021-08-16 07:20:00-04:00,6.5266,6.5267,6.5266,6.5267,0,26,0.0
2021-08-16 07:21:00-04:00,6.5266,6.5267,6.5266,6.5267,0,24,0.0
2021-08-16 07:22:00-04:00,6.5266,6.5267,6.5266,6.5267,0,22,0.0
2021-08-16 07:23:00-04:00,6.5267,6.5267,6.5266,6.5267,0,38,0.0
2021-08-16 07:24:00-04:00,6.5267,6.5271,6.5266,6.5271,0,14,0.0
2021-08-16 07:25:00-04:00,6.5271,6.5271,6.5271,6.5271,0,8,0.0
2021-08-16 07:26:00-04:00,6.5271,6.5271,6.5271,6.5271,0,40,0.0
2021-08-16 07:27:00-04:00,6.5271,6.5271,6.5266,6.5266,0,36,0.0
2021-08-16 07:28:00-04:00,6.5267,6.5271,6.5266,6.5271,0,40,0.0
2021-08-16 07:29:00-04:00,6.5271,6.5272,6.5271,6.5272,0,22,0.0
2021-08-16 07:30:00-04:00,6.5271,6.5272,6.5271,6.5271,0,20,0.0
2021-08-16 07:31:00-04:00,6.5271,6.5271,6.5266,6.5267,0,8,0.0
2021-08-16 07:32:00-04:00,6.5266,6.5271,6.5266,6.5271,0,28,0.0
2021-08-16 07:33:00-04:00,6.5269,6.5269,6.5266,6.5267,0,16,0.0
2021-08-16 07:34:00-04:00,6.5266,6.5271,6.5266,6.5271,0,30,0.0
2021-08-16 07:35:00-04:00,6.5271,6.5271,6.5271,6.5271,0,38,0.0
2021-08-16 07:36:00-04:00,6.5271,6.5271,6.5271,6.5271,0,32,0.0
2021-08-16 07:37:00-04:00,6.5271,6.5271,6.5271,6.5271,0,18,0.0
2021-08-16 07:38:00-04:00,6.5271,6.5271,6.5271,6.5271,0,2,0.0
2021-08-16 07:39:00-04:00,6.5271,6.5271,6.5271,6.5271,0,16,0.0
2021-08-16 07:40:00-04:00,6.5271,6.5271,6.5271,6.5271,0,36,0.0
2021-08-16 07:41:00-04:00,6.5271,6.5271,6.5271,6.5271,0,14,0.0
2021-08-16 07:42:00-04:00,6.5271,6.5271,6.5271,6.5271,0,32,0.0
2021-08-16 07:43:00-04:00,6.5271,6.5271,6.5271,6.5271,0,24,0.0
2021-08-16 07:44:00-04:00,6.5271,6.5271,6.5271,6.5271,0,40,0.0
2021-08-16 07:45:00-04:00,6.5271,6.5271,6.5271,6.5271,0,36,0.0
2021-08-16 07:46:00-04:00,6.5271,6.5271,6.5271,6.5271,0,28,0.0
2021-08-16 07:47:00-04:00,6.5271,6.5271,6.5271,6.5271,0,28,0.0
2021-08-16 07:48:00-04:00,6.5271,6.5271,6.5271,6.5271,0,29,0.0
2021-08-16 07:49:00-04:00,6.5271,6.5271,6.5271,6.5271,0,3,0.0
2021-08-16 07:59:00-04:00,6.5281,6.529,6.5276,6.5276,0,22,0.0
2021-08-16 08:00:00-04:00,6.5276,6.5276,6.5276,6.5276,0,32,0.0
2021-08-16 08:01:00-04:00,6.5276,6.5276,6.5272,6.5272,0,30,0.0
2021-08-16 08:02:00-04:00,6.5274,6.5276,6.5274,6.5276,0,6,0.0
2021-08-16 08:03:00-04:00,6.5276,6.5276,6.5276,6.5276,0,4,0.0
2021-08-16 08:04:00-04:00,6.5276,6.5276,6.5276,6.5276,0,4,0.0
2021-08-16 08:05:00-04:00,6.5276,6.5276,6.5276,6.5276,0,2,0.0
2021-08-16 08:06:00-04:00,6.5276,6.5276,6.5276,6.5276,0,6,0.0
2021-08-16 08:07:00-04:00,6.5276,6.5276,6.5272,6.5272,0,8,0.0
2021-08-16 08:08:00-04:00,6.5272,6.5272,6.5271,6.5271,0,19,0.0
2021-08-16 08:09:00-04:00,6.5271,6.5271,6.5271,6.5271,0,14,0.0
2021-08-16 08:10:00-04:00,6.5271,6.5271,6.5271,6.5271,0,11,0.0
2021-08-16 08:11:00-04:00,6.5271,6.5271,6.5266,6.5266,0,20,0.0
2021-08-16 08:12:00-04:00,6.5266,6.5266,6.5261,6.5261,0,18,0.0
2021-08-16 08:13:00-04:00,6.5261,6.5261,6.5261,6.5261,0,10,0.0
2021-08-16 08:14:00-04:00,6.5261,6.5261,6.5261,6.5261,0,14,0.0
2021-08-16 08:15:00-04:00,6.5261,6.5266,6.5261,6.5265,0,24,0.0
2021-08-16 08:16:00-04:00,6.5265,6.5271,6.5265,6.5271,0,18,0.0
2021-08-16 08:17:00-04:00,6.5271,6.5271,6.5271,6.5271,0,12,0.0
2021-08-16 08:18:00-04:00,6.5273,6.5276,6.5273,6.5276,0,16,0.0
2021-08-16 08:19:00-04:00,6.5276,6.5276,6.5276,6.5276,0,18,0.0
2021-08-16 08:20:00-04:00,6.5276,6.5276,6.5276,6.5276,0,12,0.0
2021-08-16 08:21:00-04:00,6.5276,6.5276,6.5276,6.5276,0,12,0.0
2021-08-16 08:22:00-04:00,6.5276,6.5276,6.5276,6.5276,0,10,0.0
2021-08-16 08:23:00-04:00,6.5276,6.5276,6.5276,6.5276,0,10,0.0
2021-08-16 08:24:00-04:00,6.5276,6.5281,6.5276,6.5281,0,20,0.0
2021-08-16 08:25:00-04:00,6.5281,6.5281,6.5276,6.5276,0,26,0.0
2021-08-16 08:26:00-04:00,6.5276,6.5276,6.5276,6.5276,0,4,0.0
2021-08-16 08:27:00-04:00,6.5276,6.5276,6.5276,6.5276,0,14,0.0
2021-08-16 08:28:00-04:00,6.5276,6.5276,6.5276,6.5276,0,30,0.0
2021-08-16 08:29:00-04:00,6.5276,6.5276,6.5276,6.5276,0,18,0.0
2021-08-16 08:30:00-04:00,6.5276,6.5276,6.5276,6.5276,0,12,0.0
2021-08-16 08:31:00-04:00,6.5276,6.5276,6.5276,6.5276,0,14,0.0
2021-08-16 08:32:00-04:00,6.5276,6.5276,6.5276,6.5276,0,6,0.0
2021-08-16 08:33:00-04:00,6.5276,6.5276,6.5276,6.5276,0,18,0.0
2021-08-16 08:34:00-04:00,6.5276,6.5276,6.5276,6.5276,0,20,0.0
2021-08-16 08:35:00-04:00,6.5276,6.5279,6.5271,6.5271,0,23,0.0
2021-08-16 08:36:00-04:00,6.5273,6.5276,6.5273,6.5276,0,10,0.0
2021-08-16 08:37:00-04:00,6.5276,6.5276,6.5276,6.5276,0,16,0.0
2021-08-16 08:39:00-04:00,6.5276,6.5276,6.5276,6.5276,0,12,0.0
2021-08-16 08:40:00-04:00,6.5276,6.5277,6.5271,6.5271,0,23,0.0
2021-08-16 08:41:00-04:00,6.5271,6.5271,6.5266,6.5266,0,6,0.0
2021-08-16 08:42:00-04:00,6.5266,6.5266,6.5266,6.5266,0,30,0.0
2021-08-16 08:43:00-04:00,6.5266,6.5266,6.5266,6.5266,0,25,0.0
2021-08-16 08:44:00-04:00,6.5266,6.5266,6.5266,6.5266,0,24,0.0
2021-08-16 08:45:00-04:00,6.5266,6.5266,6.5266,6.5266,0,6,0.0
2021-08-16 08:46:00-04:00,6.5266,6.5266,6.5266,6.5266,0,28,0.0
2021-08-16 08:47:00-04:00,6.5266,6.5271,6.5266,6.5269,0,35,0.0
2021-08-16 08:48:00-04:00,6.5269,6.5269,6.5266,6.5266,0,18,0.0
2021-08-16 08:49:00-04:00,6.5266,6.5266,6.5266,6.5266,0,25,0.0
2021-08-16 08:50:00-04:00,6.5266,6.5266,6.5266,6.5266,0,10,0.0
2021-08-16 08:51:00-04:00,6.5266,6.5266,6.5266,6.5266,0,6,0.0
2021-08-16 08:52:00-04:00,6.5266,6.5266,6.5266,6.5266,0,12,0.0
2021-08-16 08:53:00-04:00,6.5266,6.5266,6.5266,6.5266,0,24,0.0
2021-08-16 08:54:00-04:00,6.5266,6.5266,6.5266,6.5266,0,26,0.0
2021-08-16 08:55:00-04:00,6.5266,6.5266,6.5266,6.5266,0,18,0.0
2021-08-16 08:56:00-04:00,6.5266,6.5271,6.5266,6.5271,0,12,0.0
2021-08-16 08:57:00-04:00,6.5271,6.5275,6.5266,6.5272,0,27,0.0
2021-08-16 08:58:00-04:00,6.5272,6.5277,6.5266,6.5277,0,38,0.0
2021-08-16 08:59:00-04:00,6.5275,6.5277,6.5268,6.5268,0,26,0.0
2021-08-16 09:00:00-04:00,6.5268,6.5278,6.5268,6.5276,0,29,0.0
2021-08-16 09:01:00-04:00,6.5274,6.5284,6.527,6.5278,0,45,0.0
2021-08-16 09:02:00-04:00,6.5278,6.5282,6.5271,6.5272,0,34,0.0
2021-08-16 09:03:00-04:00,6.5274,6.5278,6.5271,6.5273,0,44,0.0
2021-08-16 09:04:00-04:00,6.5273,6.5279,6.5273,6.5273,0,16,0.0
2021-08-16 09:05:00-04:00,6.5273,6.5278,6.5271,6.5271,0,10,0.0
2021-08-16 09:06:00-04:00,6.5273,6.5279,6.5268,6.5273,0,40,0.0
2021-08-16 09:07:00-04:00,6.5272,6.5276,6.5268,6.5271,0,28,0.0
2021-08-16 09:08:00-04:00,6.5272,6.5277,6.5266,6.5272,0,30,0.0
2021-08-16 09:09:00-04:00,6.5271,6.5271,6.5266,6.5267,0,23,0.0
2021-08-16 09:10:00-04:00,6.5267,6.5267,6.5261,6.5261,0,8,0.0
2021-08-16 09:11:00-04:00,6.5261,6.5262,6.5261,6.5261,0,4,0.0
2021-08-16 09:12:00-04:00,6.5261,6.5262,6.5261,6.5261,0,6,0.0
2021-08-16 09:13:00-04:00,6.5261,6.5262,6.5261,6.5261,0,10,0.0
2021-08-16 09:14:00-04:00,6.5261,6.5262,6.5261,6.5261,0,14,0.0
2021-08-16 09:15:00-04:00,6.5261,6.5262,6.5257,6.5257,0,18,0.0
2021-08-16 09:16:00-04:00,6.5257,6.5257,6.5256,6.5257,0,24,0.0
2021-08-16 09:17:00-04:00,6.5257,6.5257,6.5256,6.5257,0,8,0.0
2021-08-16 09:18:00-04:00,6.5257,6.5257,6.5256,6.5257,0,22,0.0
2021-08-16 09:19:00-04:00,6.5257,6.5267,6.5257,6.5267,0,38,0.0
2021-08-16 09:20:00-04:00,6.5265,6.5267,6.5261,6.5262,0,18,0.0
2021-08-16 09:21:00-04:00,6.5264,6.5267,6.5261,6.5261,0,12,0.0
2021-08-16 09:22:00-04:00,6.5261,6.5261,6.5261,6.5261,0,4,0.0
2021-08-16 09:23:00-04:00,6.5261,6.5262,6.5254,6.5257,0,18,0.0
2021-08-16 09:24:00-04:00,6.5258,6.5262,6.5255,6.5256,0,32,0.0
2021-08-16 09:25:00-04:00,6.5261,6.5266,6.5261,6.5266,0,4,0.0
2021-08-16 09:26:00-04:00,6.5259,6.5275,6.5252,6.5262,0,26,0.0
2021-08-16 09:27:00-04:00,6.5265,6.5273,6.5263,6.5267,0,20,0.0
2021-08-16 09:28:00-04:00,6.5267,6.5267,6.5267,6.5267,0,8,0.0
2021-08-16 09:29:00-04:00,6.5267,6.5267,6.5254,6.526,0,12,0.0
2021-08-16 09:30:00-04:00,6.5264,6.5274,6.5252,6.5257,0,24,0.0
2021-08-16 09:31:00-04:00,6.5261,6.5276,6.5253,6.5265,0,20,0.0
2021-08-16 09:32:00-04:00,6.5272,6.5279,6.5259,6.527,0,20,0.0
2021-08-16 09:33:00-04:00,6.5268,6.5274,6.526,6.5274,0,28,0.0
2021-08-16 09:34:00-04:00,6.5277,6.528,6.5269,6.5271,0,26,0.0
2021-08-16 09:35:00-04:00,6.5271,6.5274,6.5266,6.5274,0,17,0.0
2021-08-16 09:36:00-04:00,6.5274,6.5274,6.5266,6.5268,0,30,0.0
2021-08-16 09:37:00-04:00,6.5266,6.527,6.5261,6.5268,0,32,0.0
2021-08-16 09:38:00-04:00,6.5267,6.527,6.5261,6.5264,0,42,0.0
2021-08-16 09:39:00-04:00,6.5265,6.5269,6.526,6.526,0,18,0.0
2021-08-16 09:40:00-04:00,6.5259,6.5267,6.5256,6.5261,0,34,0.0
2021-08-16 09:41:00-04:00,6.5261,6.5267,6.5258,6.5264,0,14,0.0
2021-08-16 09:42:00-04:00,6.5264,6.5266,6.5258,6.526,0,16,0.0
2021-08-16 09:43:00-04:00,6.5262,6.5269,6.5262,6.5269,0,32,0.0
2021-08-16 09:44:00-04:00,6.5269,6.5269,6.5264,6.5266,0,10,0.0
2021-08-16 09:45:00-04:00,6.5269,6.5272,6.5263,6.5264,0,41,0.0
2021-08-16 09:46:00-04:00,6.5266,6.5271,6.5262,6.5271,0,34,0.0
2021-08-16 09:47:00-04:00,6.5271,6.5283,6.527,6.5273,0,32,0.0
2021-08-16 09:48:00-04:00,6.5273,6.5292,6.527,6.527,0,28,0.0
2021-08-16 09:49:00-04:00,6.5272,6.5289,6.5267,6.5279,0,38,0.0
2021-08-16 09:50:00-04:00,6.5279,6.5292,6.5272,6.5283,0,28,0.0
2021-08-16 09:51:00-04:00,6.5281,6.5294,6.5273,6.5278,0,18,0.0
2021-08-16 09:52:00-04:00,6.5281,6.5289,6.5272,6.5278,0,34,0.0
2021-08-16 09:53:00-04:00,6.5278,6.5284,6.5271,6.5274,0,36,0.0
2021-08-16 09:54:00-04:00,6.5274,6.5284,6.5273,6.5283,0,16,0.0
2021-08-16 09:55:00-04:00,6.5284,6.5285,6.5284,6.5285,0,12,0.0
2021-08-16 09:56:00-04:00,6.5285,6.5285,6.5281,6.5281,0,20,0.0
2021-08-16 09:57:00-04:00,6.5281,6.5285,6.5272,6.5273,0,24,0.0
2021-08-16 09:58:00-04:00,6.5277,6.5285,6.527,6.527,0,26,0.0
2021-08-16 09:59:00-04:00,6.5272,6.5285,6.5272,6.5281,0,22,0.0
2021-08-16 10:00:00-04:00,6.5281,6.5285,6.5281,6.5285,0,6,0.0
2021-08-16 10:01:00-04:00,6.5285,6.5285,6.5285,6.5285,0,4,0.0
2021-08-16 10:02:00-04:00,6.5285,6.5285,6.5285,6.5285,0,6,0.0
2021-08-16 10:03:00-04:00,6.5285,6.5285,6.5285,6.5285,0,2,0.0
2021-08-16 10:04:00-04:00,6.5285,6.5285,6.5285,6.5285,0,4,0.0
2021-08-16 10:05:00-04:00,6.5285,6.5285,6.5285,6.5285,0,2,0.0
2021-08-16 10:06:00-04:00,6.528,6.5285,6.5274,6.5275,0,22,0.0
2021-08-16 10:07:00-04:00,6.5275,6.5275,6.5275,6.5275,0,8,0.0
2021-08-16 10:08:00-04:00,6.5275,6.5275,6.5275,6.5275,0,8,0.0
2021-08-16 10:09:00-04:00,6.5271,6.5271,6.5267,6.5268,0,12,0.0
2021-08-16 10:10:00-04:00,6.5269,6.5271,6.5268,6.5268,0,12,0.0
2021-08-16 10:11:00-04:00,6.5271,6.5273,6.5267,6.5272,0,10,0.0
2021-08-16 10:12:00-04:00,6.5269,6.5269,6.5266,6.5267,0,10,0.0
2021-08-16 10:13:00-04:00,6.5267,6.5267,6.5261,6.5261,0,4,0.0
2021-08-16 10:14:00-04:00,6.5262,6.5262,6.5261,6.5261,0,2,0.0
2021-08-16 10:16:00-04:00,6.5262,6.5262,6.5261,6.5261,0,10,0.0
2021-08-16 10:17:00-04:00,6.5262,6.5262,6.5261,6.5261,0,10,0.0
2021-08-16 10:18:00-04:00,6.5262,6.5262,6.5261,6.5261,0,14,0.0
2021-08-16 10:19:00-04:00,6.5264,6.5267,6.5264,6.5267,0,12,0.0
2021-08-16 10:20:00-04:00,6.5267,6.5267,6.5267,6.5267,0,12,0.0
2021-08-16 10:21:00-04:00,6.5267,6.5272,6.5267,6.5272,0,22,0.0
2021-08-16 10:22:00-04:00,6.5272,6.5272,6.5272,6.5272,0,6,0.0
2021-08-16 10:23:00-04:00,6.5272,6.5276,6.5272,6.5276,0,16,0.0
2021-08-16 10:24:00-04:00,6.5276,6.5276,6.5272,6.5272,0,10,0.0
2021-08-16 10:25:00-04:00,6.5272,6.5272,6.5272,6.5272,0,2,0.0
2021-08-16 10:26:00-04:00,6.5272,6.5272,6.5272,6.5272,0,4,0.0
2021-08-16 10:27:00-04:00,6.5272,6.5272,6.5267,6.5267,0,12,0.0
2021-08-16 10:28:00-04:00,6.5267,6.5267,6.5267,6.5267,0,18,0.0
2021-08-16 10:29:00-04:00,6.5273,6.5282,6.5273,6.5282,0,8,0.0
2021-08-16 10:30:00-04:00,6.5283,6.5285,6.5283,6.5285,0,8,0.0
2021-08-16 10:31:00-04:00,6.5285,6.5286,6.5279,6.5279,0,20,0.0
2021-08-16 10:32:00-04:00,6.5281,6.5285,6.5277,6.5277,0,22,0.0
2021-08-16 10:33:00-04:00,6.5277,6.5277,6.5277,6.5277,0,4,0.0
2021-08-16 10:34:00-04:00,6.5279,6.5283,6.5276,6.5283,0,20,0.0
2021-08-16 10:35:00-04:00,6.5281,6.5282,6.5277,6.5277,0,16,0.0
2021-08-16 10:36:00-04:00,6.5278,6.5283,6.5277,6.5277,0,10,0.0
2021-08-16 10:37:00-04:00,6.5277,6.5277,6.5271,6.5273,0,10,0.0
2021-08-16 10:38:00-04:00,6.5273,6.5276,6.5267,6.5267,0,22,0.0
2021-08-16 10:39:00-04:00,6.527,6.5272,6.5266,6.527,0,14,0.0
2021-08-16 10:40:00-04:00,6.527,6.527,6.5264,6.527,0,20,0.0
2021-08-16 10:41:00-04:00,6.5268,6.5268,6.5261,6.5261,0,16,0.0
2021-08-16 10:42:00-04:00,6.5261,6.527,6.5261,6.5264,0,20,0.0
2021-08-16 10:43:00-04:00,6.5265,6.5271,6.5264,6.5266,0,24,0.0
2021-08-16 10:44:00-04:00,6.5266,6.5266,6.5266,6.5266,0,6,0.0
2021-08-16 10:45:00-04:00,6.5266,6.5266,6.5266,6.5266,0,4,0.0
2021-08-16 10:46:00-04:00,6.5269,6.5272,6.5266,6.5272,0,24,0.0
2021-08-16 10:47:00-04:00,6.5272,6.5272,6.5266,6.5266,0,22,0.0
2021-08-16 10:48:00-04:00,6.5266,6.5266,6.5266,6.5266,0,4,0.0
2021-08-16 10:49:00-04:00,6.5266,6.5271,6.5266,6.5266,0,10,0.0
2021-08-16 10:50:00-04:00,6.5269,6.5272,6.5266,6.5267,0,18,0.0
2021-08-16 10:51:00-04:00,6.527,6.5272,6.5267,6.5267,0,16,0.0
2021-08-16 10:52:00-04:00,6.5267,6.5267,6.5267,6.5267,0,4,0.0
2021-08-16 10:53:00-04:00,6.5267,6.5267,6.5267,6.5267,0,2,0.0
2021-08-16 10:54:00-04:00,6.5267,6.5267,6.5267,6.5267,0,2,0.0
2021-08-16 10:56:00-04:00,6.5267,6.5267,6.5267,6.5267,0,4,0.0
2021-08-16 10:57:00-04:00,6.5267,6.5272,6.5267,6.5267,0,12,0.0
2021-08-16 10:58:00-04:00,6.5267,6.5267,6.5259,6.5259,0,6,0.0
2021-08-16 10:59:00-04:00,6.5259,6.5259,6.5254,6.5254,0,18,0.0
2021-08-16 11:00:00-04:00,6.5255,6.5257,6.5249,6.5249,0,22,0.0
2021-08-16 11:01:00-04:00,6.5252,6.5255,6.5252,6.5255,0,8,0.0
2021-08-16 11:02:00-04:00,6.5255,6.5255,6.5255,6.5255,0,5,0.0
2021-08-16 11:03:00-04:00,6.5256,6.526,6.5256,6.526,0,14,0.0
2021-08-16 11:04:00-04:00,6.526,6.5268,6.526,6.5267,0,14,0.0
2021-08-16 11:05:00-04:00,6.5267,6.5267,6.5267,6.5267,0,4,0.0
2021-08-16 11:06:00-04:00,6.5267,6.527,6.5262,6.5262,0,18,0.0
2021-08-16 11:07:00-04:00,6.5263,6.5268,6.5261,6.5261,0,26,0.0
2021-08-16 11:08:00-04:00,6.5261,6.5261,6.5258,6.5258,0,12,0.0
2021-08-16 11:10:00-04:00,6.5258,6.5258,6.5258,6.5258,0,4,0.0
2021-08-16 11:11:00-04:00,6.5258,6.5263,6.5258,6.5263,0,8,0.0
2021-08-16 11:12:00-04:00,6.5263,6.5263,6.5257,6.5257,0,6,0.0
2021-08-16 11:13:00-04:00,6.5258,6.5265,6.5258,6.5265,0,14,0.0
2021-08-16 11:14:00-04:00,6.5265,6.5265,6.526,6.526,0,4,0.0
2021-08-16 11:15:00-04:00,6.526,6.526,6.5255,6.5255,0,14,0.0
2021-08-16 11:16:00-04:00,6.5255,6.5255,6.5255,6.5255,0,6,0.0
2021-08-16 11:17:00-04:00,6.5255,6.5255,6.5255,6.5255,0,10,0.0
2021-08-16 11:18:00-04:00,6.5255,6.5255,6.5255,6.5255,0,6,0.0
2021-08-16 11:19:00-04:00,6.5255,6.5257,6.5255,6.5257,0,12,0.0
2021-08-16 11:20:00-04:00,6.5257,6.5257,6.5257,6.5257,0,8,0.0
2021-08-16 11:21:00-04:00,6.5257,6.5257,6.5257,6.5257,0,4,0.0
2021-08-16 11:22:00-04:00,6.5257,6.5257,6.5255,6.5255,0,8,0.0
2021-08-16 11:23:00-04:00,6.5255,6.5255,6.5255,6.5255,0,2,0.0
2021-08-16 11:24:00-04:00,6.5255,6.5255,6.5255,6.5255,0,4,0.0
2021-08-16 11:25:00-04:00,6.5255,6.5255,6.5255,6.5255,0,2,0.0
2021-08-16 11:26:00-04:00,6.5255,6.5255,6.5255,6.5255,0,12,0.0
2021-08-16 11:27:00-04:00,6.5255,6.5255,6.5255,6.5255,0,8,0.0
2021-08-16 11:28:00-04:00,6.5259,6.5265,6.5259,6.5265,0,12,0.0
2021-08-16 11:29:00-04:00,6.5265,6.5265,6.5265,6.5265,0,4,0.0
2021-08-16 11:30:00-04:00,6.5269,6.5273,6.5269,6.5273,0,4,0.0
2021-08-16 11:31:00-04:00,6.5273,6.5285,6.5273,6.5274,0,8,0.0
2021-08-16 11:32:00-04:00,6.5274,6.5274,6.5274,6.5274,0,12,0.0
2021-08-16 11:33:00-04:00,6.5274,6.5274,6.5274,6.5274,0,4,0.0
2021-08-16 11:34:00-04:00,6.5274,6.5274,6.5274,6.5274,0,4,0.0
2021-08-16 11:35:00-04:00,6.5274,6.5274,6.5274,6.5274,0,4,0.0
2021-08-16 11:36:00-04:00,6.5274,6.5274,6.5274,6.5274,0,4,0.0
2021-08-16 11:37:00-04:00,6.5274,6.5274,6.5274,6.5274,0,4,0.0
2021-08-16 11:38:00-04:00,6.5274,6.5274,6.5274,6.5274,0,2,0.0
2021-08-16 11:39:00-04:00,6.5274,6.5274,6.5274,6.5274,0,2,0.0
2021-08-16 11:40:00-04:00,6.5274,6.5274,6.5263,6.5263,0,6,0.0
2021-08-16 11:41:00-04:00,6.5269,6.5275,6.5262,6.5274,0,22,0.0
2021-08-16 11:42:00-04:00,6.5274,6.5274,6.5274,6.5274,0,8,0.0
2021-08-16 11:43:00-04:00,6.527,6.527,6.526,6.526,0,4,0.0
2021-08-16 11:44:00-04:00,6.526,6.526,6.5257,6.5257,0,6,0.0
2021-08-16 11:45:00-04:00,6.5257,6.5257,6.5257,6.5257,0,4,0.0
2021-08-16 11:46:00-04:00,6.5257,6.5257,6.5257,6.5257,0,4,0.0
2021-08-16 11:47:00-04:00,6.5257,6.5263,6.5257,6.5263,0,4,0.0
2021-08-16 11:48:00-04:00,6.5261,6.5261,6.5257,6.5257,0,6,0.0
2021-08-16 11:49:00-04:00,6.526,6.5262,6.5257,6.5262,0,12,0.0
2021-08-16 11:50:00-04:00,6.5263,6.5266,6.526,6.526,0,20,0.0
2021-08-16 11:51:00-04:00,6.5259,6.5263,6.5257,6.5258,0,26,0.0
2021-08-16 11:52:00-04:00,6.526,6.5263,6.5257,6.5257,0,8,0.0
2021-08-16 11:53:00-04:00,6.526,6.5263,6.5257,6.5262,0,30,0.0
2021-08-16 11:54:00-04:00,6.5261,6.5263,6.5257,6.5257,0,20,0.0
2021-08-16 11:55:00-04:00,6.5259,6.5262,6.5257,6.5262,0,12,0.0
2021-08-16 11:56:00-04:00,6.526,6.5264,6.5257,6.5257,0,20,0.0
2021-08-16 11:57:00-04:00,6.526,6.5263,6.526,6.5263,0,2,0.0
2021-08-16 11:58:00-04:00,6.5261,6.5264,6.5256,6.5256,0,22,0.0
2021-08-16 12:00:00-04:00,6.5256,6.5261,6.5256,6.5261,0,16,0.0
2021-08-16 12:01:00-04:00,6.5267,6.5272,6.5262,6.5262,0,42,0.0
2021-08-16 12:02:00-04:00,6.5262,6.5272,6.5262,6.5262,0,38,0.0
2021-08-16 12:03:00-04:00,6.5262,6.5262,6.5262,6.5262,0,8,0.0
2021-08-16 12:04:00-04:00,6.5262,6.5267,6.5262,6.5262,0,12,0.0
2021-08-16 12:05:00-04:00,6.5262,6.5262,6.5262,6.5262,0,4,0.0
2021-08-16 12:06:00-04:00,6.5262,6.5262,6.5262,6.5262,0,4,0.0
2021-08-16 12:07:00-04:00,6.5262,6.5262,6.5262,6.5262,0,2,0.0
2021-08-16 12:09:00-04:00,6.5262,6.5262,6.5262,6.5262,0,10,0.0
2021-08-16 12:10:00-04:00,6.5262,6.5272,6.5262,6.5272,0,34,0.0
2021-08-16 12:12:00-04:00,6.5267,6.5272,6.5262,6.5272,0,42,0.0
2021-08-16 12:13:00-04:00,6.5272,6.5272,6.5272,6.5272,0,2,0.0
2021-08-16 12:14:00-04:00,6.5272,6.5272,6.5272,6.5272,0,8,0.0
2021-08-16 12:15:00-04:00,6.5272,6.5272,6.5272,6.5272,0,2,0.0
2021-08-16 12:16:00-04:00,6.5272,6.5272,6.5272,6.5272,0,4,0.0
2021-08-16 12:17:00-04:00,6.5272,6.5272,6.5272,6.5272,0,2,0.0
2021-08-16 12:18:00-04:00,6.5272,6.5272,6.5272,6.5272,0,2,0.0
2021-08-16 12:19:00-04:00,6.5272,6.5272,6.5272,6.5272,0,4,0.0
2021-08-16 12:20:00-04:00,6.5268,6.5268,6.5264,6.5264,0,4,0.0
2021-08-16 12:21:00-04:00,6.5264,6.5264,6.5264,6.5264,0,2,0.0
2021-08-16 12:22:00-04:00,6.5264,6.5265,6.5263,6.5265,0,14,0.0
2021-08-16 12:23:00-04:00,6.5265,6.5266,6.5265,6.5266,0,4,0.0
2021-08-16 12:24:00-04:00,6.5265,6.5265,6.5262,6.5262,0,12,0.0
2021-08-16 12:25:00-04:00,6.5262,6.5265,6.5261,6.5262,0,8,0.0
2021-08-16 12:26:00-04:00,6.5261,6.5265,6.5261,6.5261,0,82,0.0
2021-08-16 12:27:00-04:00,6.5262,6.5264,6.5261,6.5264,0,12,0.0
2021-08-16 12:28:00-04:00,6.5264,6.5265,6.5264,6.5265,0,2,0.0
2021-08-16 12:30:00-04:00,6.5271,6.5277,6.5268,6.5268,0,6,0.0
2021-08-16 12:31:00-04:00,6.5269,6.5269,6.5269,6.5269,0,2,0.0
2021-08-16 12:32:00-04:00,6.5269,6.5269,6.5268,6.5268,0,6,0.0
2021-08-16 12:33:00-04:00,6.5269,6.527,6.5268,6.5268,0,56,0.0
2021-08-16 12:34:00-04:00,6.5269,6.527,6.5267,6.5268,0,38,0.0
2021-08-16 12:35:00-04:00,6.5268,6.5275,6.5267,6.5275,0,64,0.0
2021-08-16 12:36:00-04:00,6.5275,6.5275,6.5274,6.5275,0,36,0.0
2021-08-16 12:37:00-04:00,6.5275,6.5275,6.5272,6.5273,0,76,0.0
2021-08-16 12:38:00-04:00,6.5273,6.5277,6.5273,6.5277,0,64,0.0
2021-08-16 12:39:00-04:00,6.5277,6.5277,6.5277,6.5277,0,14,0.0
2021-08-16 12:40:00-04:00,6.5277,6.5277,6.5275,6.5275,0,40,0.0
2021-08-16 12:41:00-04:00,6.5275,6.5278,6.5274,6.5276,0,110,0.0
2021-08-16 12:42:00-04:00,6.5276,6.5278,6.5276,6.5276,0,30,0.0
2021-08-16 12:43:00-04:00,6.5276,6.5276,6.5275,6.5276,0,10,0.0
2021-08-16 12:44:00-04:00,6.5277,6.5277,6.5276,6.5276,0,6,0.0
2021-08-16 12:45:00-04:00,6.5276,6.5276,6.5275,6.5275,0,2,0.0
2021-08-16 12:46:00-04:00,6.5276,6.5277,6.5276,6.5277,0,2,0.0
2021-08-16 12:47:00-04:00,6.5277,6.5282,6.5276,6.5276,0,14,0.0
2021-08-16 12:48:00-04:00,6.5276,6.5276,6.5276,6.5276,0,4,0.0
2021-08-16 12:50:00-04:00,6.5276,6.5276,6.5276,6.5276,0,2,0.0
2021-08-16 12:52:00-04:00,6.5276,6.5281,6.5274,6.5275,0,22,0.0
2021-08-16 12:53:00-04:00,6.5276,6.5286,6.5274,6.5277,0,74,0.0
2021-08-16 12:54:00-04:00,6.5277,6.5284,6.5274,6.5284,0,16,0.0
2021-08-16 12:55:00-04:00,6.5284,6.5284,6.5284,6.5284,0,2,0.0
2021-08-16 12:56:00-04:00,6.5284,6.5284,6.5274,6.5284,0,20,0.0
2021-08-16 12:57:00-04:00,6.5284,6.5284,6.5284,6.5284,0,2,0.0
2021-08-16 12:58:00-04:00,6.5284,6.5284,6.5274,6.5277,0,22,0.0
2021-08-16 12:59:00-04:00,6.5277,6.5284,6.5274,6.5284,0,100,0.0
2021-08-16 13:00:00-04:00,6.5281,6.5281,6.5272,6.5272,0,48,0.0
2021-08-16 13:01:00-04:00,6.5272,6.5282,6.5272,6.5282,0,12,0.0
2021-08-16 13:03:00-04:00,6.5282,6.5282,6.5282,6.5282,0,2,0.0
2021-08-16 13:04:00-04:00,6.5282,6.5282,6.5282,6.5282,0,2,0.0
2021-08-16 13:05:00-04:00,6.5282,6.5282,6.5282,6.5282,0,2,0.0
2021-08-16 13:06:00-04:00,6.5282,6.5282,6.5282,6.5282,0,2,0.0
2021-08-16 13:08:00-04:00,6.5282,6.5282,6.5282,6.5282,0,2,0.0
2021-08-16 13:09:00-04:00,6.5278,6.5278,6.527,6.5272,0,44,0.0
2021-08-16 13:10:00-04:00,6.5272,6.5272,6.527,6.527,0,22,0.0
2021-08-16 13:12:00-04:00,6.527,6.527,6.527,6.527,0,24,0.0
2021-08-16 13:13:00-04:00,6.527,6.527,6.5269,6.527,0,16,0.0
2021-08-16 13:14:00-04:00,6.527,6.5274,6.527,6.5274,0,110,0.0
2021-08-16 13:15:00-04:00,6.5274,6.5276,6.5274,6.5276,0,76,0.0
2021-08-16 13:16:00-04:00,6.5277,6.5284,6.5277,6.5284,0,8,0.0
2021-08-16 13:17:00-04:00,6.5283,6.5283,6.5282,6.5282,0,2,0.0
2021-08-16 13:18:00-04:00,6.5281,6.5281,6.5279,6.5279,0,4,0.0
2021-08-16 13:19:00-04:00,6.528,6.5284,6.528,6.5284,0,4,0.0
2021-08-16 13:20:00-04:00,6.5284,6.5286,6.5283,6.5286,0,62,0.0
2021-08-16 13:21:00-04:00,6.5286,6.5286,6.5286,6.5286,0,8,0.0
2021-08-16 13:22:00-04:00,6.5286,6.5286,6.5284,6.5286,0,50,0.0
2021-08-16 13:23:00-04:00,6.5286,6.5286,6.5285,6.5285,0,2,0.0
2021-08-16 13:24:00-04:00,6.5285,6.5285,6.5284,6.5284,0,2,0.0
2021-08-16 13:25:00-04:00,6.5284,6.5284,6.5284,6.5284,0,2,0.0
2021-08-16 13:26:00-04:00,6.5283,6.5283,6.5282,6.5282,0,8,0.0
2021-08-16 13:27:00-04:00,6.528,6.528,6.5272,6.5272,0,20,0.0
2021-08-16 13:28:00-04:00,6.5272,6.5273,6.5271,6.5272,0,56,0.0
2021-08-16 13:29:00-04:00,6.5272,6.5272,6.5272,6.5272,0,2,0.0
2021-08-16 13:30:00-04:00,6.5272,6.5272,6.527,6.5271,0,48,0.0
2021-08-16 13:31:00-04:00,6.5271,6.5272,6.5271,6.5272,0,62,0.0
2021-08-16 13:32:00-04:00,6.5272,6.5273,6.5272,6.5273,0,42,0.0
2021-08-16 13:33:00-04:00,6.5272,6.5272,6.5272,6.5272,0,2,0.0
2021-08-16 13:34:00-04:00,6.5272,6.5272,6.5271,6.5271,0,4,0.0
2021-08-16 13:39:00-04:00,6.5271,6.5271,6.5267,6.5267,0,6,0.0
2021-08-16 13:40:00-04:00,6.5267,6.5267,6.5266,6.5267,0,40,0.0
2021-08-16 13:41:00-04:00,6.5268,6.5268,6.5268,6.5268,0,2,0.0
2021-08-16 13:45:00-04:00,6.5272,6.5275,6.5271,6.5271,0,14,0.0
2021-08-16 13:46:00-04:00,6.5273,6.5274,6.527,6.5273,0,60,0.0
2021-08-16 13:48:00-04:00,6.5273,6.5273,6.5272,6.5273,0,4,0.0
2021-08-16 13:49:00-04:00,6.5271,6.5273,6.527,6.5272,0,102,0.0
2021-08-16 13:50:00-04:00,6.5272,6.5272,6.5271,6.5271,0,22,0.0
2021-08-16 13:51:00-04:00,6.5271,6.5271,6.5269,6.5269,0,28,0.0
2021-08-16 13:52:00-04:00,6.5269,6.5269,6.5267,6.5269,0,50,0.0
2021-08-16 13:53:00-04:00,6.5269,6.527,6.5268,6.527,0,118,0.0
2021-08-16 13:54:00-04:00,6.527,6.527,6.5269,6.527,0,34,0.0
2021-08-16 13:55:00-04:00,6.527,6.527,6.527,6.527,0,6,0.0
2021-08-16 13:56:00-04:00,6.527,6.5271,6.527,6.5271,0,40,0.0
2021-08-16 13:57:00-04:00,6.5271,6.5271,6.527,6.527,0,20,0.0
2021-08-16 13:58:00-04:00,6.527,6.5271,6.527,6.527,0,20,0.0
2021-08-16 13:59:00-04:00,6.527,6.5275,6.527,6.5275,0,130,0.0
2021-08-16 14:00:00-04:00,6.5274,6.5274,6.5265,6.5268,0,64,0.0
2021-08-16 14:01:00-04:00,6.5266,6.5268,6.5264,6.5264,0,28,0.0
2021-08-16 14:02:00-04:00,6.5264,6.5266,6.5262,6.5262,0,62,0.0
2021-08-16 14:03:00-04:00,6.5262,6.5266,6.5262,6.5263,0,90,0.0
2021-08-16 14:04:00-04:00,6.5263,6.5265,6.5263,6.5264,0,32,0.0
2021-08-16 14:05:00-04:00,6.5264,6.5265,6.5263,6.5263,0,36,0.0
2021-08-16 14:06:00-04:00,6.5263,6.5265,6.5263,6.5263,0,32,0.0
2021-08-16 14:07:00-04:00,6.5263,6.5265,6.5263,6.5263,0,16,0.0
2021-08-16 14:08:00-04:00,6.5263,6.5265,6.5262,6.5262,0,36,0.0
2021-08-16 14:09:00-04:00,6.5262,6.5266,6.5262,6.5266,0,12,0.0
2021-08-16 14:10:00-04:00,6.5266,6.5266,6.5262,6.5263,0,50,0.0
2021-08-16 14:11:00-04:00,6.5263,6.5266,6.5263,6.5263,0,34,0.0
2021-08-16 14:12:00-04:00,6.5263,6.5266,6.5261,6.5264,0,38,0.0
2021-08-16 14:13:00-04:00,6.5262,6.5262,6.526,6.5262,0,18,0.0
2021-08-16 14:14:00-04:00,6.5262,6.5262,6.526,6.526,0,10,0.0
2021-08-16 14:15:00-04:00,6.526,6.5263,6.526,6.5263,0,26,0.0
2021-08-16 14:16:00-04:00,6.5261,6.5261,6.526,6.526,0,16,0.0
2021-08-16 14:17:00-04:00,6.526,6.5263,6.526,6.5263,0,12,0.0
2021-08-16 14:18:00-04:00,6.5263,6.5263,6.526,6.5263,0,20,0.0
2021-08-16 14:19:00-04:00,6.5261,6.5263,6.526,6.5263,0,24,0.0
2021-08-16 14:20:00-04:00,6.5263,6.5263,6.526,6.5261,0,30,0.0
2021-08-16 14:21:00-04:00,6.5261,6.5263,6.5261,6.5263,0,24,0.0
2021-08-16 14:22:00-04:00,6.5263,6.5263,6.5262,6.5262,0,50,0.0
2021-08-16 14:23:00-04:00,6.5262,6.527,6.5262,6.527,0,18,0.0
2021-08-16 14:24:00-04:00,6.5271,6.5272,6.527,6.527,0,8,0.0
2021-08-16 14:25:00-04:00,6.5271,6.5273,6.5271,6.5272,0,24,0.0
2021-08-16 14:26:00-04:00,6.5272,6.5274,6.5272,6.5274,0,54,0.0
2021-08-16 14:27:00-04:00,6.5275,6.5278,6.5275,6.5278,0,6,0.0
2021-08-16 14:28:00-04:00,6.5274,6.5274,6.527,6.527,0,6,0.0
2021-08-16 14:29:00-04:00,6.5268,6.5269,6.5267,6.5269,0,32,0.0
2021-08-16 14:30:00-04:00,6.5269,6.527,6.5268,6.5268,0,38,0.0
2021-08-16 14:31:00-04:00,6.5268,6.5269,6.5267,6.5268,0,34,0.0
2021-08-16 14:32:00-04:00,6.5268,6.5269,6.5267,6.5269,0,40,0.0
2021-08-16 14:34:00-04:00,6.5269,6.5269,6.5268,6.5268,0,4,0.0
2021-08-16 14:35:00-04:00,6.5268,6.5269,6.5266,6.5266,0,38,0.0
2021-08-16 14:36:00-04:00,6.5267,6.5269,6.5266,6.5269,0,12,0.0
2021-08-16 14:37:00-04:00,6.5269,6.527,6.5269,6.5269,0,4,0.0
2021-08-16 14:39:00-04:00,6.5269,6.5269,6.5268,6.5269,0,4,0.0
2021-08-16 14:40:00-04:00,6.5268,6.5268,6.5266,6.5266,0,10,0.0
2021-08-16 14:41:00-04:00,6.5266,6.5279,6.5266,6.5273,0,44,0.0
2021-08-16 14:42:00-04:00,6.5274,6.5281,6.5273,6.5275,0,42,0.0
2021-08-16 14:43:00-04:00,6.5275,6.5275,6.5275,6.5275,0,2,0.0
2021-08-16 14:44:00-04:00,6.5275,6.5275,6.5272,6.5272,0,10,0.0
2021-08-16 14:46:00-04:00,6.5273,6.5273,6.5272,6.5272,0,4,0.0
2021-08-16 14:47:00-04:00,6.5271,6.5271,6.527,6.527,0,2,0.0
2021-08-16 14:48:00-04:00,6.5269,6.5269,6.5268,6.5268,0,2,0.0
2021-08-16 14:49:00-04:00,6.5268,6.5268,6.5267,6.5268,0,4,0.0
2021-08-16 14:50:00-04:00,6.5269,6.527,6.5269,6.527,0,2,0.0
2021-08-16 14:51:00-04:00,6.5272,6.5273,6.5272,6.5273,0,2,0.0
2021-08-16 14:54:00-04:00,6.5272,6.5272,6.527,6.527,0,2,0.0
2021-08-16 14:55:00-04:00,6.5269,6.5269,6.5268,6.5268,0,2,0.0
2021-08-16 14:56:00-04:00,6.527,6.5275,6.527,6.5275,0,4,0.0
2021-08-16 14:57:00-04:00,6.5275,6.5275,6.5275,6.5275,0,4,0.0
2021-08-16 14:58:00-04:00,6.5267,6.5268,6.5262,6.5267,0,28,0.0
2021-08-16 15:00:00-04:00,6.5265,6.5265,6.5262,6.5263,0,80,0.0
2021-08-16 15:01:00-04:00,6.5263,6.5263,6.5263,6.5263,0,28,0.0
2021-08-16 15:03:00-04:00,6.5263,6.5263,6.5263,6.5263,0,36,0.0
2021-08-16 15:04:00-04:00,6.5263,6.5263,6.5263,6.5263,0,58,0.0
2021-08-16 15:05:00-04:00,6.5263,6.5263,6.5262,6.5262,0,60,0.0
2021-08-16 15:06:00-04:00,6.5263,6.5264,6.5263,6.5264,0,58,0.0
2021-08-16 15:07:00-04:00,6.5264,6.5264,6.5264,6.5264,0,34,0.0
2021-08-16 15:08:00-04:00,6.5263,6.5263,6.5263,6.5263,0,2,0.0
2021-08-16 15:09:00-04:00,6.5263,6.5263,6.5263,6.5263,0,40,0.0
2021-08-16 15:10:00-04:00,6.5263,6.5264,6.5263,6.5264,0,62,0.0
2021-08-16 15:11:00-04:00,6.5264,6.5264,6.5263,6.5263,0,42,0.0
2021-08-16 15:12:00-04:00,6.5263,6.5263,6.5263,6.5263,0,16,0.0
2021-08-16 15:13:00-04:00,6.5263,6.5263,6.5263,6.5263,0,8,0.0
2021-08-16 15:14:00-04:00,6.5263,6.5263,6.5263,6.5263,0,52,0.0
2021-08-16 15:15:00-04:00,6.5263,6.5263,6.5263,6.5263,0,52,0.0
2021-08-16 15:16:00-04:00,6.5263,6.5265,6.5263,6.5265,0,34,0.0
2021-08-16 15:18:00-04:00,6.5264,6.5264,6.5264,6.5264,0,2,0.0
2021-08-16 15:19:00-04:00,6.5264,6.5266,6.5264,6.5266,0,4,0.0
2021-08-16 15:20:00-04:00,6.5266,6.5266,6.5266,6.5266,0,6,0.0
2021-08-16 15:21:00-04:00,6.5267,6.5271,6.5267,6.5271,0,4,0.0
2021-08-16 15:22:00-04:00,6.5271,6.5273,6.5271,6.5273,0,22,0.0
2021-08-16 15:23:00-04:00,6.5273,6.5273,6.5271,6.5272,0,44,0.0
2021-08-16 15:24:00-04:00,6.5272,6.5272,6.5272,6.5272,0,36,0.0
2021-08-16 15:25:00-04:00,6.5272,6.5272,6.5272,6.5272,0,30,0.0
2021-08-16 15:26:00-04:00,6.5272,6.5272,6.5272,6.5272,0,8,0.0
2021-08-16 15:27:00-04:00,6.5272,6.5273,6.5272,6.5273,0,24,0.0
2021-08-16 15:28:00-04:00,6.5271,6.5271,6.5269,6.5269,0,6,0.0
2021-08-16 15:29:00-04:00,6.5269,6.5269,6.5262,6.5262,0,4,0.0
2021-08-16 15:30:00-04:00,6.5262,6.5262,6.5262,6.5262,0,2,0.0
2021-08-16 15:31:00-04:00,6.5261,6.5261,6.526,6.526,0,2,0.0
2021-08-16 15:32:00-04:00,6.526,6.526,6.526,6.526,0,2,0.0
2021-08-16 15:34:00-04:00,6.526,6.526,6.5259,6.5259,0,2,0.0
2021-08-16 15:35:00-04:00,6.5259,6.526,6.5258,6.5259,0,72,0.0
2021-08-16 15:38:00-04:00,6.5259,6.5259,6.5258,6.5258,0,18,0.0
2021-08-16 15:39:00-04:00,6.5258,6.5258,6.5258,6.5258,0,2,0.0
2021-08-16 15:40:00-04:00,6.5258,6.5259,6.5258,6.5258,0,4,0.0
2021-08-16 15:41:00-04:00,6.5258,6.5258,6.5258,6.5258,0,2,0.0
2021-08-16 15:43:00-04:00,6.5259,6.5259,6.5259,6.5259,0,2,0.0
2021-08-16 15:45:00-04:00,6.5261,6.5263,6.5261,6.5263,0,2,0.0
2021-08-16 15:47:00-04:00,6.5262,6.5262,6.5261,6.5261,0,2,0.0
2021-08-16 15:49:00-04:00,6.5262,6.5263,6.5262,6.5263,0,2,0.0
2021-08-16 15:51:00-04:00,6.5263,6.5263,6.526,6.526,0,8,0.0
2021-08-16 15:52:00-04:00,6.526,6.5273,6.526,6.5262,0,30,0.0
2021-08-16 15:53:00-04:00,6.5262,6.5271,6.5261,6.5271,0,24,0.0
2021-08-16 15:54:00-04:00,6.5266,6.5272,6.526,6.5272,0,70,0.0
2021-08-16 15:55:00-04:00,6.5269,6.5272,6.5262,6.5272,0,48,0.0
2021-08-16 15:56:00-04:00,6.5269,6.5272,6.5262,6.5272,0,20,0.0
2021-08-16 15:58:00-04:00,6.5272,6.5272,6.5261,6.5261,0,32,0.0
2021-08-16 15:59:00-04:00,6.5261,6.5261,6.5261,6.5261,0,36,0.0
2021-08-16 16:00:00-04:00,6.5261,6.5261,6.5261,6.5261,0,2,0.0
2021-08-16 16:01:00-04:00,6.5261,6.5261,6.5261,6.5261,0,8,0.0
2021-08-16 16:02:00-04:00,6.5261,6.5272,6.5261,6.5272,0,24,0.0
2021-08-16 16:03:00-04:00,6.5267,6.5273,6.5262,6.5263,0,32,0.0
2021-08-16 16:04:00-04:00,6.5263,6.5268,6.5263,6.5263,0,12,0.0
2021-08-16 16:05:00-04:00,6.5263,6.5269,6.5262,6.5264,0,40,0.0
2021-08-16 16:06:00-04:00,6.5264,6.5278,6.5263,6.5265,0,86,0.0
2021-08-16 16:07:00-04:00,6.5265,6.5265,6.5265,6.5265,0,4,0.0
2021-08-16 16:11:00-04:00,6.5265,6.5265,6.5265,6.5265,0,6,0.0
2021-08-16 16:14:00-04:00,6.5265,6.5277,6.5263,6.5265,0,80,0.0
2021-08-16 16:15:00-04:00,6.5265,6.5276,6.5265,6.5265,0,42,0.0
2021-08-16 16:16:00-04:00,6.5265,6.5275,6.5264,6.5265,0,72,0.0
2021-08-16 16:18:00-04:00,6.5265,6.5277,6.5264,6.5264,0,38,0.0
2021-08-16 16:19:00-04:00,6.5264,6.5264,6.5264,6.5264,0,2,0.0
2021-08-16 16:23:00-04:00,6.5264,6.5273,6.526,6.526,0,28,0.0
2021-08-16 16:24:00-04:00,6.526,6.5272,6.526,6.5261,0,60,0.0
2021-08-16 16:25:00-04:00,6.5261,6.5268,6.5261,6.5263,0,32,0.0
2021-08-16 16:26:00-04:00,6.5263,6.5274,6.526,6.526,0,20,0.0
2021-08-16 16:27:00-04:00,6.526,6.527,6.526,6.526,0,48,0.0
2021-08-16 16:28:00-04:00,6.526,6.5271,6.5259,6.5259,0,48,0.0
2021-08-16 16:29:00-04:00,6.5259,6.527,6.5259,6.527,0,16,0.0
2021-08-16 16:30:00-04:00,6.527,6.5275,6.5267,6.5267,0,16,0.0
2021-08-16 16:31:00-04:00,6.5267,6.5273,6.5267,6.5267,0,16,0.0
2021-08-16 16:32:00-04:00,6.5267,6.5278,6.5266,6.5268,0,36,0.0
2021-08-16 16:33:00-04:00,6.5268,6.5278,6.5266,6.5266,0,16,0.0
2021-08-16 16:34:00-04:00,6.5266,6.5279,6.5266,6.5267,0,16,0.0
2021-08-16 16:35:00-04:00,6.5267,6.5278,6.5265,6.5275,0,28,0.0
2021-08-16 16:40:00-04:00,6.5275,6.5275,6.5263,6.5263,0,60,0.0
2021-08-16 16:42:00-04:00,6.5263,6.5276,6.5263,6.5264,0,28,0.0
2021-08-16 16:43:00-04:00,6.5264,6.5272,6.5264,6.5267,0,16,0.0
2021-08-16 16:45:00-04:00,6.5267,6.5267,6.5267,6.5267,0,4,0.0
2021-08-16 16:48:00-04:00,6.5267,6.5273,6.5262,6.5273,0,20,0.0
2021-08-16 16:49:00-04:00,6.5273,6.5273,6.5273,6.5273,0,2,0.0
2021-08-16 16:50:00-04:00,6.5273,6.5273,6.5273,6.5273,0,2,0.0
2021-08-16 16:53:00-04:00,6.5268,6.5276,6.5263,6.5266,0,30,0.0
2021-08-16 16:54:00-04:00,6.5266,6.5278,6.5266,6.5266,0,94,0.0
2021-08-16 16:55:00-04:00,6.5269,6.5286,6.5268,6.5276,0,68,0.0
2021-08-16 16:56:00-04:00,6.5279,6.5288,6.5275,6.5278,0,64,0.0
2021-08-16 16:57:00-04:00,6.5278,6.5278,6.5267,6.5267,0,22,0.0
2021-08-16 16:58:00-04:00,6.5267,6.5271,6.5265,6.5266,0,74,0.0
2021-08-16 16:59:00-04:00,6.5263,6.5266,6.5256,6.526,0,88,0.0
