,S X1 Comdty,S X1 Comdty,S X1 Comdty,S X1 Comdty,S X1 Comdty,S X1 Comdty,S X1 Comdty
,open,high,low,close,volume,num_trds,value
2021-08-02 20:00:00-04:00,1345.75,1346.75,1342.0,1343.75,899,279,1208985.5
2021-08-02 20:01:00-04:00,1344.0,1344.25,1342.0,1344.25,140,79,188062.0
2021-08-02 20:02:00-04:00,1344.5,1344.5,1343.5,1344.5,89,43,119635.25
2021-08-02 20:03:00-04:00,1344.5,1344.75,1343.75,1344.0,87,41,116957.75
2021-08-02 20:04:00-04:00,1343.75,1344.25,1342.25,1343.0,179,45,240448.25
2021-08-02 20:05:00-04:00,1343.5,1343.5,1342.0,1342.75,75,23,100698.75
2021-08-02 20:06:00-04:00,1343.0,1343.25,1343.0,1343.25,32,14,42979.0
2021-08-02 20:07:00-04:00,1343.25,1343.75,1343.0,1343.5,65,31,87315.75
2021-08-02 20:08:00-04:00,1343.5,1344.5,1343.5,1344.25,72,22,96783.25
2021-08-02 20:09:00-04:00,1344.0,1344.0,1343.0,1343.25,76,19,102088.5
2021-08-02 20:10:00-04:00,1343.5,1343.75,1343.25,1343.75,25,9,33588.25
2021-08-02 20:11:00-04:00,1343.5,1344.75,1343.5,1344.5,32,22,43018.5
2021-08-02 20:12:00-04:00,1344.25,1345.25,1344.0,1344.75,130,23,174813.75
2021-08-02 20:13:00-04:00,1345.0,1346.0,1345.0,1346.0,65,23,87458.5
2021-08-02 20:14:00-04:00,1346.0,1346.0,1345.25,1345.25,22,12,29605.0
2021-08-02 20:15:00-04:00,1345.5,1345.5,1344.5,1344.5,17,8,22866.0
2021-08-02 20:16:00-04:00,1345.0,1345.5,1345.0,1345.5,17,8,22868.5
2021-08-02 20:17:00-04:00,1345.5,1345.5,1345.25,1345.25,14,6,18834.25
2021-08-02 20:18:00-04:00,1345.5,1345.5,1345.0,1345.25,16,9,21523.25
2021-08-02 20:19:00-04:00,1345.0,1345.25,1344.25,1344.25,21,12,28237.0
2021-08-02 20:20:00-04:00,1344.5,1344.75,1344.5,1344.5,7,5,9411.75
2021-08-02 20:21:00-04:00,1344.75,1345.25,1344.75,1345.25,11,8,14793.75
2021-08-02 20:22:00-04:00,1345.25,1345.5,1345.25,1345.25,15,8,20179.0
2021-08-02 20:23:00-04:00,1345.25,1345.5,1345.0,1345.25,19,5,25559.5
2021-08-02 20:24:00-04:00,1345.25,1345.25,1345.0,1345.0,6,4,8071.25
2021-08-02 20:25:00-04:00,1345.25,1345.5,1345.0,1345.5,17,11,22871.75
2021-08-02 20:26:00-04:00,1345.5,1345.75,1345.5,1345.75,17,8,22877.25
2021-08-02 20:27:00-04:00,1346.0,1346.0,1345.75,1345.75,10,6,13459.25
2021-08-02 20:28:00-04:00,1346.0,1346.5,1346.0,1346.0,27,7,36346.5
2021-08-02 20:29:00-04:00,1346.0,1346.0,1345.5,1345.5,11,9,14804.25
2021-08-02 20:30:00-04:00,1345.5,1345.5,1345.0,1345.0,25,7,33631.0
2021-08-02 20:31:00-04:00,1345.25,1345.25,1344.75,1345.0,15,5,20174.25
2021-08-02 20:32:00-04:00,1345.25,1345.25,1344.75,1344.75,5,5,6725.5
2021-08-02 20:33:00-04:00,1344.5,1344.5,1344.25,1344.25,10,3,13443.75
2021-08-02 20:34:00-04:00,1344.5,1345.25,1344.5,1345.25,14,7,18827.0
2021-08-02 20:35:00-04:00,1345.25,1345.25,1344.75,1344.75,6,4,8069.5
2021-08-02 20:36:00-04:00,1344.75,1344.75,1344.75,1344.75,5,4,6723.75
2021-08-02 20:37:00-04:00,1345.0,1345.0,1345.0,1345.0,6,3,8070.0
2021-08-02 20:38:00-04:00,1345.0,1345.25,1345.0,1345.25,5,3,6726.0
2021-08-02 20:39:00-04:00,1345.25,1345.25,1345.25,1345.25,1,1,1345.25
2021-08-02 20:40:00-04:00,1344.75,1344.75,1344.75,1344.75,7,2,9413.25
2021-08-02 20:41:00-04:00,1344.75,1344.75,1344.75,1344.75,2,2,2689.5
2021-08-02 20:42:00-04:00,1344.75,1345.0,1344.5,1344.5,8,5,10757.5
2021-08-02 20:43:00-04:00,1344.5,1344.5,1344.0,1344.0,7,4,9409.25
2021-08-02 20:44:00-04:00,1344.5,1345.5,1344.5,1345.5,44,10,59178.5
2021-08-02 20:45:00-04:00,1345.5,1345.75,1345.5,1345.75,9,4,12109.75
2021-08-02 20:46:00-04:00,1345.75,1346.0,1345.75,1345.75,13,4,17496.25
2021-08-02 20:47:00-04:00,1345.5,1345.5,1345.5,1345.5,2,1,2691.0
2021-08-02 20:48:00-04:00,1345.5,1345.5,1345.5,1345.5,3,2,4036.5
2021-08-02 20:49:00-04:00,1345.5,1345.5,1345.0,1345.0,28,6,37661.75
2021-08-02 20:50:00-04:00,1345.25,1345.5,1345.25,1345.5,14,5,18836.0
2021-08-02 20:51:00-04:00,1345.5,1345.75,1345.5,1345.75,2,2,2691.25
2021-08-02 20:52:00-04:00,1345.5,1345.75,1345.25,1345.75,12,4,16146.0
2021-08-02 20:53:00-04:00,1345.75,1346.5,1345.75,1346.5,104,21,140015.75
2021-08-02 20:54:00-04:00,1346.0,1346.25,1345.75,1346.0,75,15,100952.25
2021-08-02 20:55:00-04:00,1345.75,1345.75,1345.5,1345.5,24,5,32296.5
2021-08-02 20:56:00-04:00,1345.25,1345.25,1345.25,1345.25,4,1,5381.0
2021-08-02 20:57:00-04:00,1345.25,1345.25,1345.25,1345.25,2,1,2690.5
2021-08-02 20:58:00-04:00,1345.25,1345.25,1345.0,1345.25,147,25,197721.5
2021-08-02 20:59:00-04:00,1345.25,1345.5,1345.25,1345.25,16,5,21525.5
2021-08-02 21:00:00-04:00,1345.25,1345.5,1344.0,1344.0,158,117,212514.0
2021-08-02 21:01:00-04:00,1344.25,1344.25,1342.0,1342.25,254,84,341042.25
2021-08-02 21:02:00-04:00,1342.25,1343.25,1342.0,1342.25,76,24,102028.25
2021-08-02 21:03:00-04:00,1342.25,1342.5,1340.0,1340.0,279,63,374115.75
2021-08-02 21:04:00-04:00,1340.0,1341.5,1340.0,1341.5,31,14,41567.0
2021-08-02 21:05:00-04:00,1341.25,1341.25,1340.25,1340.5,58,17,77763.5
2021-08-02 21:06:00-04:00,1340.75,1341.75,1340.5,1340.75,60,26,80472.5
2021-08-02 21:07:00-04:00,1341.0,1341.0,1340.75,1340.75,22,8,29499.75
2021-08-02 21:08:00-04:00,1340.75,1342.25,1340.5,1341.5,168,28,225392.75
2021-08-02 21:09:00-04:00,1341.5,1341.75,1341.5,1341.5,7,7,9391.0
2021-08-02 21:10:00-04:00,1341.5,1341.5,1341.25,1341.5,16,6,21463.5
2021-08-02 21:11:00-04:00,1341.25,1341.5,1341.0,1341.25,29,9,38894.0
2021-08-02 21:12:00-04:00,1341.25,1341.25,1340.75,1341.0,110,22,147511.5
2021-08-02 21:13:00-04:00,1341.25,1341.5,1341.0,1341.0,79,21,105959.0
2021-08-02 21:14:00-04:00,1341.0,1341.25,1341.0,1341.25,54,19,72419.75
2021-08-02 21:15:00-04:00,1341.25,1341.25,1341.0,1341.0,84,22,112648.75
2021-08-02 21:16:00-04:00,1341.25,1341.75,1341.25,1341.5,21,11,28170.25
2021-08-02 21:17:00-04:00,1341.25,1341.75,1341.0,1341.0,19,9,25486.75
2021-08-02 21:18:00-04:00,1341.0,1341.0,1340.25,1340.25,16,8,21448.25
2021-08-02 21:19:00-04:00,1340.25,1340.25,1339.0,1339.25,88,26,117902.25
2021-08-02 21:20:00-04:00,1339.5,1339.5,1339.5,1339.5,36,11,48222.0
2021-08-02 21:21:00-04:00,1339.5,1340.0,1339.5,1339.75,22,10,29476.25
2021-08-02 21:22:00-04:00,1340.25,1340.5,1340.0,1340.0,27,11,36187.75
2021-08-02 21:23:00-04:00,1340.0,1340.25,1339.25,1339.25,36,10,48229.0
2021-08-02 21:24:00-04:00,1339.25,1339.5,1339.0,1339.0,19,12,25447.0
2021-08-02 21:25:00-04:00,1339.25,1339.75,1339.0,1339.25,34,24,45536.5
2021-08-02 21:26:00-04:00,1339.5,1340.5,1339.5,1340.5,18,8,24118.25
2021-08-02 21:27:00-04:00,1340.25,1340.25,1339.75,1339.75,12,10,16079.0
2021-08-02 21:28:00-04:00,1339.75,1340.5,1339.75,1340.5,15,11,20101.5
2021-08-02 21:29:00-04:00,1340.75,1341.0,1340.75,1340.75,12,11,16090.25
2021-08-02 21:30:00-04:00,1340.75,1340.75,1340.5,1340.75,4,3,5362.5
2021-08-02 21:31:00-04:00,1340.5,1340.5,1340.0,1340.0,4,3,5361.0
2021-08-02 21:32:00-04:00,1339.75,1340.25,1339.75,1340.25,26,6,34835.5
2021-08-02 21:33:00-04:00,1340.25,1340.75,1340.25,1340.25,28,11,37533.5
2021-08-02 21:34:00-04:00,1340.25,1340.5,1340.25,1340.25,7,5,9382.0
2021-08-02 21:35:00-04:00,1340.5,1340.5,1340.0,1340.5,18,6,24124.5
2021-08-02 21:36:00-04:00,1340.5,1340.5,1340.0,1340.25,11,4,14742.75
2021-08-02 21:37:00-04:00,1340.25,1340.25,1339.75,1339.75,16,8,21440.5
2021-08-02 21:38:00-04:00,1340.0,1340.0,1340.0,1340.0,3,2,4020.0
2021-08-02 21:39:00-04:00,1339.75,1340.25,1339.75,1340.25,8,5,10720.75
2021-08-02 21:40:00-04:00,1340.25,1340.25,1340.25,1340.25,1,1,1340.25
2021-08-02 21:41:00-04:00,1340.0,1340.0,1340.0,1340.0,2,2,2680.0
2021-08-02 21:42:00-04:00,1339.75,1340.0,1339.75,1340.0,7,3,9378.5
2021-08-02 21:43:00-04:00,1340.0,1340.0,1340.0,1340.0,1,1,1340.0
2021-08-02 21:44:00-04:00,1339.5,1339.75,1339.0,1339.0,51,9,68306.5
2021-08-02 21:45:00-04:00,1339.0,1339.0,1338.5,1338.75,67,23,89697.25
2021-08-02 21:46:00-04:00,1339.0,1339.5,1339.0,1339.25,29,9,38832.0
2021-08-02 21:47:00-04:00,1339.5,1339.5,1339.25,1339.5,12,5,16073.25
2021-08-02 21:48:00-04:00,1339.75,1339.75,1339.75,1339.75,12,7,16077.0
2021-08-02 21:49:00-04:00,1340.0,1340.0,1339.75,1340.0,6,6,8039.75
2021-08-02 21:50:00-04:00,1340.0,1340.0,1339.5,1339.5,4,4,5359.0
2021-08-02 21:51:00-04:00,1339.25,1339.25,1339.0,1339.0,23,6,30799.5
2021-08-02 21:52:00-04:00,1339.0,1339.25,1338.75,1339.25,11,9,14729.75
2021-08-02 21:53:00-04:00,1339.25,1339.25,1339.25,1339.25,7,6,9374.75
2021-08-02 21:54:00-04:00,1339.0,1339.5,1339.0,1339.5,5,4,6697.0
2021-08-02 21:55:00-04:00,1339.5,1339.75,1339.5,1339.75,4,4,5358.75
2021-08-02 21:56:00-04:00,1339.75,1340.0,1339.75,1340.0,8,2,10719.0
2021-08-02 21:57:00-04:00,1339.75,1340.0,1339.75,1339.75,10,3,13397.75
2021-08-02 21:58:00-04:00,1339.5,1339.75,1339.5,1339.75,3,3,4018.75
2021-08-02 21:59:00-04:00,1339.75,1340.0,1339.75,1339.75,15,12,20098.0
2021-08-02 22:00:00-04:00,1340.0,1340.0,1340.0,1340.0,4,4,5360.0
2021-08-02 22:01:00-04:00,1339.75,1340.0,1339.75,1340.0,14,6,18759.25
2021-08-02 22:02:00-04:00,1339.5,1339.75,1339.5,1339.75,5,4,6697.75
2021-08-02 22:03:00-04:00,1340.0,1340.0,1339.75,1339.75,3,3,4019.5
2021-08-02 22:04:00-04:00,1339.75,1339.75,1339.5,1339.5,12,8,16074.5
2021-08-02 22:05:00-04:00,1339.5,1339.5,1339.5,1339.5,4,4,5358.0
2021-08-02 22:06:00-04:00,1339.25,1339.25,1338.75,1338.75,15,5,20087.0
2021-08-02 22:07:00-04:00,1339.0,1339.0,1339.0,1339.0,15,5,20085.0
2021-08-02 22:08:00-04:00,1339.25,1339.25,1339.0,1339.0,8,5,10712.25
2021-08-02 22:09:00-04:00,1339.25,1339.25,1339.0,1339.25,6,3,8035.25
2021-08-02 22:10:00-04:00,1339.25,1339.5,1339.0,1339.0,7,7,9375.25
2021-08-02 22:11:00-04:00,1339.0,1339.0,1339.0,1339.0,4,4,5356.0
2021-08-02 22:12:00-04:00,1339.0,1339.25,1339.0,1339.25,4,4,5356.75
2021-08-02 22:13:00-04:00,1339.25,1339.5,1338.75,1339.0,34,10,45525.0
2021-08-02 22:14:00-04:00,1338.75,1339.0,1338.5,1338.5,27,5,36144.25
2021-08-02 22:15:00-04:00,1338.25,1338.5,1338.0,1338.25,147,27,196699.25
2021-08-02 22:16:00-04:00,1338.25,1338.25,1338.25,1338.25,9,5,12044.25
2021-08-02 22:17:00-04:00,1338.5,1338.75,1338.5,1338.75,8,3,10708.5
2021-08-02 22:18:00-04:00,1338.75,1338.75,1338.75,1338.75,3,2,4016.25
2021-08-02 22:19:00-04:00,1338.75,1339.0,1338.75,1339.0,7,6,9372.5
2021-08-02 22:20:00-04:00,1338.75,1338.75,1338.25,1338.25,10,6,13384.0
2021-08-02 22:21:00-04:00,1338.25,1338.25,1338.0,1338.0,2,2,2676.25
2021-08-02 22:22:00-04:00,1338.25,1338.5,1338.0,1338.0,16,6,21412.75
2021-08-02 22:23:00-04:00,1338.0,1338.0,1337.5,1337.5,17,8,22743.5
2021-08-02 22:24:00-04:00,1337.5,1337.75,1337.5,1337.5,6,5,8025.5
2021-08-02 22:25:00-04:00,1337.5,1337.75,1337.5,1337.75,16,6,21402.0
2021-08-02 22:26:00-04:00,1338.0,1338.5,1338.0,1338.25,27,6,36130.0
2021-08-02 22:28:00-04:00,1338.25,1338.25,1338.0,1338.0,3,3,4014.5
2021-08-02 22:29:00-04:00,1337.75,1337.75,1337.75,1337.75,6,3,8026.5
2021-08-02 22:30:00-04:00,1338.0,1338.25,1338.0,1338.25,10,6,13381.75
2021-08-02 22:31:00-04:00,1338.25,1338.5,1338.25,1338.5,7,6,9369.0
2021-08-02 22:32:00-04:00,1338.5,1339.5,1338.5,1339.5,23,12,30793.75
2021-08-02 22:33:00-04:00,1339.25,1339.75,1339.25,1339.75,5,4,6697.25
2021-08-02 22:34:00-04:00,1339.5,1339.5,1339.25,1339.25,11,7,14733.0
2021-08-02 22:35:00-04:00,1339.5,1339.5,1339.25,1339.25,21,5,28128.25
2021-08-02 22:36:00-04:00,1339.25,1339.25,1339.25,1339.25,4,2,5357.0
2021-08-02 22:37:00-04:00,1339.0,1339.0,1339.0,1339.0,2,2,2678.0
2021-08-02 22:38:00-04:00,1339.0,1339.0,1339.0,1339.0,6,4,8034.0
2021-08-02 22:39:00-04:00,1339.0,1339.0,1338.75,1339.0,10,8,13388.75
2021-08-02 22:40:00-04:00,1338.75,1338.75,1338.75,1338.75,7,4,9371.25
2021-08-02 22:41:00-04:00,1338.5,1338.5,1338.5,1338.5,1,1,1338.5
2021-08-02 22:42:00-04:00,1338.5,1338.5,1338.0,1338.0,14,7,18733.75
2021-08-02 22:43:00-04:00,1338.0,1338.0,1338.0,1338.0,7,6,9366.0
2021-08-02 22:44:00-04:00,1338.0,1338.0,1338.0,1338.0,1,1,1338.0
2021-08-02 22:45:00-04:00,1338.0,1338.0,1337.5,1337.5,11,5,14715.25
2021-08-02 22:46:00-04:00,1337.75,1338.0,1337.75,1338.0,7,3,9364.75
2021-08-02 22:47:00-04:00,1338.0,1338.0,1338.0,1338.0,2,2,2676.0
2021-08-02 22:48:00-04:00,1338.0,1338.0,1338.0,1338.0,4,2,5352.0
2021-08-02 22:49:00-04:00,1338.0,1338.25,1338.0,1338.25,6,3,8029.0
2021-08-02 22:50:00-04:00,1338.25,1338.25,1338.25,1338.25,1,1,1338.25
2021-08-02 22:51:00-04:00,1338.0,1338.5,1338.0,1338.5,8,5,10707.0
2021-08-02 22:52:00-04:00,1338.75,1338.75,1338.5,1338.5,2,2,2677.25
2021-08-02 22:53:00-04:00,1338.5,1338.75,1338.5,1338.75,2,2,2677.25
2021-08-02 22:54:00-04:00,1338.75,1339.0,1338.75,1339.0,5,5,6694.0
2021-08-02 22:55:00-04:00,1338.75,1338.75,1338.5,1338.5,5,4,6692.75
2021-08-02 22:56:00-04:00,1338.5,1338.5,1338.5,1338.5,1,1,1338.5
2021-08-02 22:57:00-04:00,1338.5,1338.5,1338.0,1338.25,19,9,25425.0
2021-08-02 22:58:00-04:00,1338.25,1338.25,1338.25,1338.25,5,4,6691.25
2021-08-02 22:59:00-04:00,1338.25,1339.0,1338.25,1338.5,8,8,10708.5
2021-08-02 23:00:00-04:00,1338.75,1338.75,1338.5,1338.5,6,5,8031.25
2021-08-02 23:01:00-04:00,1338.5,1339.5,1338.5,1339.25,75,13,100441.0
2021-08-02 23:02:00-04:00,1339.5,1339.75,1339.5,1339.5,12,10,16075.25
2021-08-02 23:03:00-04:00,1339.75,1339.75,1339.25,1339.25,13,10,17412.25
2021-08-02 23:04:00-04:00,1339.25,1339.25,1339.25,1339.25,4,2,5357.0
2021-08-02 23:05:00-04:00,1339.25,1340.0,1339.25,1339.75,26,17,34832.0
2021-08-02 23:06:00-04:00,1340.0,1341.0,1340.0,1340.5,123,33,164901.75
2021-08-02 23:07:00-04:00,1340.25,1340.75,1340.25,1340.75,21,12,28148.0
2021-08-02 23:08:00-04:00,1340.5,1341.25,1340.5,1340.5,29,9,38887.5
2021-08-02 23:09:00-04:00,1340.75,1340.75,1340.5,1340.75,15,13,20108.25
2021-08-02 23:10:00-04:00,1340.75,1340.75,1340.25,1340.5,5,5,6702.75
2021-08-02 23:11:00-04:00,1340.5,1340.5,1340.25,1340.25,10,3,13403.0
2021-08-02 23:12:00-04:00,1340.25,1340.75,1340.25,1340.75,5,3,6702.25
2021-08-02 23:13:00-04:00,1340.75,1340.75,1340.75,1340.75,6,5,8044.5
2021-08-02 23:14:00-04:00,1340.75,1341.0,1340.75,1341.0,12,7,16091.75
2021-08-02 23:15:00-04:00,1341.25,1341.25,1341.0,1341.25,16,5,21457.0
2021-08-02 23:16:00-04:00,1341.25,1341.25,1341.25,1341.25,13,7,17436.25
2021-08-02 23:17:00-04:00,1341.25,1341.5,1341.25,1341.5,5,3,6706.75
2021-08-02 23:18:00-04:00,1341.25,1342.5,1341.25,1342.5,64,19,85886.75
2021-08-02 23:19:00-04:00,1342.5,1343.0,1342.25,1343.0,20,12,26850.25
2021-08-02 23:20:00-04:00,1342.75,1343.0,1342.5,1343.0,39,18,52374.5
2021-08-02 23:21:00-04:00,1342.75,1343.0,1342.75,1343.0,21,11,28200.75
2021-08-02 23:22:00-04:00,1343.0,1343.25,1343.0,1343.0,7,6,9401.75
2021-08-02 23:23:00-04:00,1343.25,1343.75,1343.25,1343.5,23,12,30900.5
2021-08-02 23:24:00-04:00,1343.25,1343.5,1343.0,1343.5,19,15,25520.25
2021-08-02 23:25:00-04:00,1343.25,1343.5,1343.25,1343.25,8,7,10746.75
2021-08-02 23:26:00-04:00,1343.25,1343.25,1343.25,1343.25,3,2,4029.75
2021-08-02 23:27:00-04:00,1343.0,1343.0,1343.0,1343.0,1,1,1343.0
2021-08-02 23:28:00-04:00,1343.0,1343.0,1342.75,1342.75,9,6,12085.0
2021-08-02 23:29:00-04:00,1342.5,1342.5,1342.25,1342.25,4,3,5369.75
2021-08-02 23:30:00-04:00,1342.0,1342.0,1342.0,1342.0,5,1,6710.0
2021-08-02 23:31:00-04:00,1342.25,1342.25,1342.0,1342.0,2,2,2684.25
2021-08-02 23:32:00-04:00,1342.0,1342.0,1342.0,1342.0,2,2,2684.0
2021-08-02 23:33:00-04:00,1342.25,1342.5,1342.25,1342.25,13,6,17451.5
2021-08-02 23:34:00-04:00,1342.0,1342.25,1342.0,1342.25,2,2,2684.25
2021-08-02 23:36:00-04:00,1342.5,1342.75,1342.5,1342.75,22,11,29538.25
2021-08-02 23:37:00-04:00,1342.75,1342.75,1342.75,1342.75,4,3,5371.0
2021-08-02 23:38:00-04:00,1342.75,1343.0,1342.75,1342.75,16,9,21486.75
2021-08-02 23:39:00-04:00,1343.0,1343.0,1343.0,1343.0,2,1,2686.0
2021-08-02 23:41:00-04:00,1342.75,1342.75,1342.75,1342.75,1,1,1342.75
2021-08-02 23:43:00-04:00,1343.0,1343.25,1343.0,1343.25,3,2,4029.25
2021-08-02 23:44:00-04:00,1343.25,1343.75,1343.25,1343.25,47,13,63152.25
2021-08-02 23:45:00-04:00,1343.25,1343.25,1343.25,1343.25,2,2,2686.5
2021-08-02 23:46:00-04:00,1343.25,1343.5,1343.25,1343.5,11,2,14778.25
2021-08-02 23:48:00-04:00,1343.25,1343.25,1343.25,1343.25,6,1,8059.5
2021-08-02 23:49:00-04:00,1343.0,1343.0,1342.75,1342.75,3,3,4028.75
2021-08-02 23:50:00-04:00,1342.75,1342.75,1342.75,1342.75,2,1,2685.5
2021-08-02 23:51:00-04:00,1342.5,1342.5,1342.5,1342.5,1,1,1342.5
2021-08-02 23:52:00-04:00,1342.5,1342.5,1342.5,1342.5,1,1,1342.5
2021-08-02 23:53:00-04:00,1342.75,1342.75,1342.75,1342.75,1,1,1342.75
2021-08-02 23:56:00-04:00,1342.5,1342.5,1342.5,1342.5,2,1,2685.0
2021-08-02 23:57:00-04:00,1342.75,1343.0,1342.75,1343.0,4,3,5371.25
2021-08-02 23:58:00-04:00,1343.25,1343.5,1343.25,1343.5,4,2,5373.5
2021-08-02 23:59:00-04:00,1343.5,1343.5,1343.5,1343.5,1,1,1343.5
2021-08-03 00:00:00-04:00,1343.0,1343.25,1343.0,1343.25,4,3,5372.5
2021-08-03 00:01:00-04:00,1343.0,1343.0,1342.75,1342.75,8,6,10742.75
2021-08-03 00:02:00-04:00,1342.75,1342.75,1342.75,1342.75,1,1,1342.75
2021-08-03 00:03:00-04:00,1342.75,1342.75,1342.75,1342.75,3,3,4028.25
2021-08-03 00:05:00-04:00,1342.75,1342.75,1342.75,1342.75,2,1,2685.5
2021-08-03 00:06:00-04:00,1342.5,1342.5,1342.5,1342.5,2,1,2685.0
2021-08-03 00:10:00-04:00,1342.75,1342.75,1342.75,1342.75,4,1,5371.0
2021-08-03 00:11:00-04:00,1342.5,1342.5,1342.25,1342.25,2,2,2684.75
2021-08-03 00:12:00-04:00,1342.5,1342.5,1342.5,1342.5,2,2,2685.0
2021-08-03 00:13:00-04:00,1342.75,1342.75,1342.75,1342.75,1,1,1342.75
2021-08-03 00:14:00-04:00,1343.0,1343.0,1343.0,1343.0,13,4,17459.0
2021-08-03 00:16:00-04:00,1343.25,1343.5,1343.25,1343.5,6,2,8060.25
2021-08-03 00:18:00-04:00,1343.25,1343.25,1343.25,1343.25,1,1,1343.25
2021-08-03 00:21:00-04:00,1343.0,1343.0,1343.0,1343.0,2,1,2686.0
2021-08-03 00:22:00-04:00,1343.0,1343.0,1343.0,1343.0,2,1,2686.0
2021-08-03 00:24:00-04:00,1343.0,1343.25,1343.0,1343.25,2,2,2686.25
2021-08-03 00:25:00-04:00,1343.5,1343.5,1343.5,1343.5,2,1,2687.0
2021-08-03 00:28:00-04:00,1343.25,1343.5,1343.25,1343.5,3,3,4030.25
2021-08-03 00:29:00-04:00,1343.75,1343.75,1343.5,1343.5,11,5,14780.75
2021-08-03 00:30:00-04:00,1343.5,1344.25,1343.25,1344.25,91,64,122280.25
2021-08-03 00:31:00-04:00,1344.25,1344.25,1344.0,1344.0,3,3,4032.25
2021-08-03 00:32:00-04:00,1343.5,1343.5,1343.5,1343.5,1,1,1343.5
2021-08-03 00:33:00-04:00,1343.5,1344.0,1343.5,1344.0,4,4,5374.75
2021-08-03 00:34:00-04:00,1343.75,1343.75,1343.5,1343.5,2,2,2687.25
2021-08-03 00:35:00-04:00,1343.25,1343.25,1343.25,1343.25,1,1,1343.25
2021-08-03 00:36:00-04:00,1343.5,1343.5,1343.5,1343.5,1,1,1343.5
2021-08-03 00:38:00-04:00,1343.25,1343.5,1343.0,1343.5,15,5,20148.75
2021-08-03 00:40:00-04:00,1343.5,1343.5,1343.5,1343.5,1,1,1343.5
2021-08-03 00:41:00-04:00,1343.0,1343.0,1343.0,1343.0,3,2,4029.0
2021-08-03 00:42:00-04:00,1343.25,1343.25,1343.25,1343.25,1,1,1343.25
2021-08-03 00:43:00-04:00,1343.5,1343.5,1343.5,1343.5,1,1,1343.5
2021-08-03 00:44:00-04:00,1343.25,1343.25,1343.25,1343.25,5,1,6716.25
2021-08-03 00:45:00-04:00,1343.0,1343.0,1343.0,1343.0,1,1,1343.0
2021-08-03 00:46:00-04:00,1342.75,1342.75,1342.5,1342.5,10,5,13426.0
2021-08-03 00:47:00-04:00,1342.5,1342.5,1342.5,1342.5,1,1,1342.5
2021-08-03 00:48:00-04:00,1342.5,1342.5,1342.25,1342.25,3,3,4027.0
2021-08-03 00:49:00-04:00,1342.0,1342.25,1341.75,1342.25,24,7,32204.75
2021-08-03 00:50:00-04:00,1342.25,1342.25,1342.25,1342.25,1,1,1342.25
2021-08-03 00:51:00-04:00,1342.5,1342.5,1342.5,1342.5,1,1,1342.5
2021-08-03 00:52:00-04:00,1342.75,1343.0,1342.75,1343.0,3,2,4028.5
2021-08-03 00:53:00-04:00,1343.25,1343.25,1343.25,1343.25,1,1,1343.25
2021-08-03 00:54:00-04:00,1343.5,1343.5,1343.5,1343.5,2,2,2687.0
2021-08-03 00:56:00-04:00,1343.25,1343.25,1343.25,1343.25,3,1,4029.75
2021-08-03 00:57:00-04:00,1343.25,1343.25,1343.0,1343.25,23,11,30891.75
2021-08-03 00:58:00-04:00,1343.0,1343.0,1342.75,1343.0,7,5,9400.75
2021-08-03 00:59:00-04:00,1342.75,1343.0,1342.75,1343.0,5,3,6714.75
2021-08-03 01:00:00-04:00,1343.0,1343.0,1343.0,1343.0,3,2,4029.0
2021-08-03 01:01:00-04:00,1343.25,1343.25,1343.25,1343.25,10,2,13432.5
2021-08-03 01:02:00-04:00,1343.25,1343.25,1343.25,1343.25,2,2,2686.5
2021-08-03 01:03:00-04:00,1343.0,1343.0,1343.0,1343.0,2,2,2686.0
2021-08-03 01:04:00-04:00,1342.75,1342.75,1342.75,1342.75,5,5,6713.75
2021-08-03 01:05:00-04:00,1342.75,1343.25,1342.75,1343.25,12,6,16115.0
2021-08-03 01:06:00-04:00,1343.5,1344.0,1343.5,1344.0,39,6,52403.25
2021-08-03 01:07:00-04:00,1343.5,1343.5,1343.25,1343.25,2,2,2686.75
2021-08-03 01:08:00-04:00,1343.25,1343.25,1343.25,1343.25,3,3,4029.75
2021-08-03 01:09:00-04:00,1343.5,1343.5,1343.5,1343.5,2,2,2687.0
2021-08-03 01:10:00-04:00,1343.25,1343.25,1343.25,1343.25,1,1,1343.25
2021-08-03 01:12:00-04:00,1343.5,1343.75,1343.5,1343.75,2,2,2687.25
2021-08-03 01:13:00-04:00,1343.75,1344.0,1343.75,1344.0,3,2,4031.5
2021-08-03 01:14:00-04:00,1343.75,1343.75,1343.5,1343.5,6,2,8062.25
2021-08-03 01:15:00-04:00,1343.75,1344.0,1343.75,1344.0,6,3,8063.0
2021-08-03 01:16:00-04:00,1343.75,1343.75,1343.5,1343.5,6,4,8061.75
2021-08-03 01:17:00-04:00,1343.25,1343.25,1343.25,1343.25,5,2,6716.25
2021-08-03 01:18:00-04:00,1343.25,1343.25,1343.25,1343.25,1,1,1343.25
2021-08-03 01:22:00-04:00,1343.5,1344.0,1343.5,1344.0,7,3,9407.25
2021-08-03 01:24:00-04:00,1344.25,1344.25,1344.25,1344.25,6,4,8065.5
2021-08-03 01:25:00-04:00,1344.5,1344.75,1344.5,1344.5,15,4,20168.5
2021-08-03 01:26:00-04:00,1344.25,1344.25,1344.25,1344.25,1,1,1344.25
2021-08-03 01:27:00-04:00,1344.25,1344.5,1344.25,1344.25,29,8,38983.75
2021-08-03 01:28:00-04:00,1344.25,1344.25,1344.25,1344.25,2,1,2688.5
2021-08-03 01:29:00-04:00,1344.25,1344.5,1344.25,1344.25,6,5,8065.75
2021-08-03 01:30:00-04:00,1344.5,1345.5,1344.25,1345.5,73,22,98174.5
2021-08-03 01:31:00-04:00,1345.75,1345.75,1344.5,1344.5,30,13,40348.5
2021-08-03 01:32:00-04:00,1344.5,1344.5,1344.5,1344.5,6,6,8067.0
2021-08-03 01:33:00-04:00,1344.5,1345.25,1344.5,1345.0,11,11,14794.25
2021-08-03 01:34:00-04:00,1345.0,1346.25,1345.0,1346.0,21,21,28259.0
2021-08-03 01:35:00-04:00,1346.25,1346.25,1345.5,1345.5,28,12,37680.75
2021-08-03 01:36:00-04:00,1345.25,1346.0,1345.25,1345.75,14,11,18839.75
2021-08-03 01:37:00-04:00,1345.5,1345.5,1345.25,1345.25,2,2,2690.75
2021-08-03 01:38:00-04:00,1345.25,1345.25,1344.75,1344.75,12,5,16138.5
2021-08-03 01:39:00-04:00,1344.75,1345.0,1344.75,1345.0,11,4,14792.5
2021-08-03 01:40:00-04:00,1345.25,1345.25,1345.25,1345.25,4,2,5381.0
2021-08-03 01:41:00-04:00,1345.25,1345.25,1345.25,1345.25,2,2,2690.5
2021-08-03 01:42:00-04:00,1345.5,1346.0,1345.5,1345.75,11,7,14802.75
2021-08-03 01:43:00-04:00,1345.75,1345.75,1345.75,1345.75,4,4,5383.0
2021-08-03 01:44:00-04:00,1345.75,1346.25,1345.75,1346.25,16,9,21537.25
2021-08-03 01:45:00-04:00,1346.25,1346.25,1346.0,1346.0,10,4,13461.5
2021-08-03 01:46:00-04:00,1346.0,1346.25,1346.0,1346.0,10,6,13461.0
2021-08-03 01:47:00-04:00,1346.0,1346.25,1346.0,1346.0,13,7,17499.0
2021-08-03 01:48:00-04:00,1346.0,1346.25,1346.0,1346.25,5,5,6731.0
2021-08-03 01:49:00-04:00,1346.25,1346.25,1346.25,1346.25,4,3,5385.0
2021-08-03 01:50:00-04:00,1346.25,1346.75,1346.25,1346.75,31,12,41745.0
2021-08-03 01:51:00-04:00,1346.75,1348.0,1346.75,1347.25,125,29,168439.25
2021-08-03 01:52:00-04:00,1347.25,1347.25,1346.75,1347.0,59,17,79483.25
2021-08-03 01:53:00-04:00,1347.0,1347.0,1346.5,1346.75,14,7,18855.0
2021-08-03 01:54:00-04:00,1347.0,1347.0,1346.25,1346.5,23,7,30971.25
2021-08-03 01:55:00-04:00,1346.5,1346.5,1346.25,1346.5,7,4,9425.25
2021-08-03 01:56:00-04:00,1346.5,1346.75,1346.25,1346.25,12,3,16156.5
2021-08-03 01:57:00-04:00,1346.25,1346.75,1346.25,1346.75,8,8,10772.0
2021-08-03 01:58:00-04:00,1346.5,1346.5,1346.25,1346.25,6,4,8078.25
2021-08-03 01:59:00-04:00,1346.0,1346.75,1346.0,1346.75,19,10,25578.25
2021-08-03 02:00:00-04:00,1347.0,1347.0,1346.5,1346.75,25,14,33664.25
2021-08-03 02:01:00-04:00,1346.75,1347.0,1346.75,1347.0,8,4,10775.0
2021-08-03 02:02:00-04:00,1347.0,1347.25,1347.0,1347.25,8,5,10776.75
2021-08-03 02:03:00-04:00,1347.0,1347.0,1346.75,1346.75,9,5,12122.75
2021-08-03 02:04:00-04:00,1346.75,1347.0,1346.75,1347.0,11,5,14815.25
2021-08-03 02:05:00-04:00,1347.0,1347.0,1346.5,1346.75,12,9,16161.25
2021-08-03 02:06:00-04:00,1346.75,1346.75,1346.5,1346.5,26,6,35009.25
2021-08-03 02:07:00-04:00,1346.5,1346.75,1346.5,1346.75,91,16,122537.0
2021-08-03 02:08:00-04:00,1346.5,1346.5,1345.75,1345.75,34,16,45772.5
2021-08-03 02:09:00-04:00,1345.75,1346.25,1345.75,1346.25,31,10,41727.25
2021-08-03 02:10:00-04:00,1346.25,1346.25,1346.25,1346.25,6,2,8077.5
2021-08-03 02:11:00-04:00,1346.0,1346.25,1346.0,1346.25,7,4,9423.25
2021-08-03 02:12:00-04:00,1346.25,1346.5,1346.25,1346.5,5,2,6731.5
2021-08-03 02:13:00-04:00,1346.25,1346.5,1346.25,1346.25,16,7,21541.25
2021-08-03 02:14:00-04:00,1346.5,1346.75,1346.5,1346.75,11,8,14811.75
2021-08-03 02:15:00-04:00,1346.75,1347.0,1346.75,1347.0,14,5,18855.5
2021-08-03 02:16:00-04:00,1347.0,1347.25,1347.0,1347.25,14,6,18861.25
2021-08-03 02:17:00-04:00,1347.25,1347.5,1347.0,1347.5,13,7,17512.75
2021-08-03 02:18:00-04:00,1347.5,1348.0,1347.25,1347.5,55,17,74125.75
2021-08-03 02:19:00-04:00,1347.5,1347.5,1347.5,1347.5,6,2,8085.0
2021-08-03 02:20:00-04:00,1347.5,1347.5,1347.5,1347.5,6,3,8085.0
2021-08-03 02:21:00-04:00,1347.5,1347.5,1347.5,1347.5,12,4,16170.0
2021-08-03 02:22:00-04:00,1347.25,1347.25,1347.0,1347.0,43,14,57927.5
2021-08-03 02:23:00-04:00,1347.0,1347.0,1347.0,1347.0,1,1,1347.0
2021-08-03 02:24:00-04:00,1347.25,1347.25,1346.75,1346.75,14,9,18859.75
2021-08-03 02:25:00-04:00,1346.75,1347.0,1346.75,1347.0,13,7,17509.75
2021-08-03 02:26:00-04:00,1346.75,1346.75,1346.25,1346.5,14,4,18849.0
2021-08-03 02:27:00-04:00,1346.5,1346.5,1346.25,1346.25,19,9,25580.25
2021-08-03 02:28:00-04:00,1346.5,1346.5,1346.5,1346.5,1,1,1346.5
2021-08-03 02:29:00-04:00,1346.5,1346.5,1346.5,1346.5,4,4,5386.0
2021-08-03 02:30:00-04:00,1346.25,1346.25,1346.25,1346.25,7,6,9423.75
2021-08-03 02:31:00-04:00,1346.0,1346.25,1346.0,1346.25,25,11,33650.75
2021-08-03 02:32:00-04:00,1346.0,1346.0,1344.75,1345.25,98,29,131838.0
2021-08-03 02:33:00-04:00,1345.25,1345.25,1345.0,1345.25,20,10,26904.25
2021-08-03 02:34:00-04:00,1345.25,1345.25,1345.25,1345.25,4,3,5381.0
2021-08-03 02:35:00-04:00,1345.75,1345.75,1345.75,1345.75,3,1,4037.25
2021-08-03 02:36:00-04:00,1345.75,1345.75,1345.25,1345.25,4,3,5382.5
2021-08-03 02:37:00-04:00,1345.5,1345.5,1345.0,1345.0,11,9,14795.75
2021-08-03 02:38:00-04:00,1345.25,1345.5,1345.25,1345.5,9,5,12108.0
2021-08-03 02:39:00-04:00,1345.25,1345.25,1345.0,1345.0,3,3,4035.25
2021-08-03 02:40:00-04:00,1345.0,1345.0,1345.0,1345.0,4,1,5380.0
2021-08-03 02:41:00-04:00,1344.75,1345.0,1344.75,1344.75,6,3,8068.75
2021-08-03 02:42:00-04:00,1345.0,1345.25,1345.0,1345.0,8,7,10760.25
2021-08-03 02:43:00-04:00,1345.0,1345.0,1344.75,1344.75,8,8,10759.25
2021-08-03 02:44:00-04:00,1344.75,1344.75,1344.5,1344.75,7,5,9412.75
2021-08-03 02:45:00-04:00,1344.75,1345.0,1344.75,1345.0,6,3,8069.75
2021-08-03 02:46:00-04:00,1345.0,1345.0,1344.75,1344.75,17,9,22862.25
2021-08-03 02:47:00-04:00,1344.75,1345.0,1344.75,1345.0,14,9,18829.75
2021-08-03 02:49:00-04:00,1345.0,1345.0,1344.75,1344.75,3,2,4034.5
2021-08-03 02:50:00-04:00,1344.75,1344.75,1344.75,1344.75,4,3,5379.0
2021-08-03 02:51:00-04:00,1344.5,1344.5,1344.5,1344.5,4,1,5378.0
2021-08-03 02:52:00-04:00,1344.75,1344.75,1344.5,1344.5,7,6,9411.75
2021-08-03 02:53:00-04:00,1344.25,1344.25,1344.25,1344.25,1,1,1344.25
2021-08-03 02:55:00-04:00,1344.25,1344.75,1344.25,1344.5,8,8,10756.0
2021-08-03 02:56:00-04:00,1344.5,1344.5,1344.5,1344.5,1,1,1344.5
2021-08-03 02:57:00-04:00,1344.25,1344.25,1343.75,1344.25,16,10,21506.0
2021-08-03 02:58:00-04:00,1344.25,1344.5,1344.25,1344.5,56,22,75282.75
2021-08-03 02:59:00-04:00,1344.5,1344.75,1344.5,1344.75,29,12,38995.25
2021-08-03 03:00:00-04:00,1344.75,1344.75,1344.75,1344.75,1,1,1344.75
2021-08-03 03:01:00-04:00,1344.75,1344.75,1344.75,1344.75,2,2,2689.5
2021-08-03 03:03:00-04:00,1344.75,1344.75,1344.75,1344.75,3,2,4034.25
2021-08-03 03:04:00-04:00,1344.75,1344.75,1344.5,1344.5,8,4,10756.25
2021-08-03 03:05:00-04:00,1344.5,1344.5,1344.5,1344.5,6,4,8067.0
2021-08-03 03:06:00-04:00,1344.25,1344.25,1344.25,1344.25,53,21,71245.25
2021-08-03 03:07:00-04:00,1344.0,1344.0,1344.0,1344.0,3,1,4032.0
2021-08-03 03:08:00-04:00,1344.0,1344.0,1344.0,1344.0,1,1,1344.0
2021-08-03 03:09:00-04:00,1344.0,1344.0,1344.0,1344.0,4,2,5376.0
2021-08-03 03:10:00-04:00,1344.0,1344.0,1343.0,1343.0,34,11,45677.0
2021-08-03 03:11:00-04:00,1343.0,1343.0,1343.0,1343.0,3,3,4029.0
2021-08-03 03:12:00-04:00,1343.0,1343.0,1342.75,1343.0,18,6,24172.75
2021-08-03 03:13:00-04:00,1342.5,1342.75,1342.5,1342.5,36,6,48333.75
2021-08-03 03:14:00-04:00,1342.5,1342.5,1342.5,1342.5,2,1,2685.0
2021-08-03 03:15:00-04:00,1342.25,1342.75,1342.25,1342.75,18,11,24166.5
2021-08-03 03:16:00-04:00,1342.75,1342.75,1342.75,1342.75,3,3,4028.25
2021-08-03 03:17:00-04:00,1342.75,1342.75,1342.75,1342.75,6,2,8056.5
2021-08-03 03:18:00-04:00,1343.0,1343.5,1343.0,1343.25,8,7,10746.0
2021-08-03 03:19:00-04:00,1343.0,1343.0,1343.0,1343.0,7,2,9401.0
2021-08-03 03:20:00-04:00,1342.75,1342.75,1342.75,1342.75,2,2,2685.5
2021-08-03 03:21:00-04:00,1342.75,1342.75,1342.75,1342.75,2,1,2685.5
2021-08-03 03:22:00-04:00,1342.75,1343.0,1342.75,1343.0,20,3,26859.25
2021-08-03 03:27:00-04:00,1342.75,1342.75,1342.75,1342.75,1,1,1342.75
2021-08-03 03:28:00-04:00,1343.0,1343.0,1343.0,1343.0,2,2,2686.0
2021-08-03 03:29:00-04:00,1343.0,1343.0,1343.0,1343.0,6,5,8058.0
2021-08-03 03:30:00-04:00,1343.0,1343.0,1343.0,1343.0,1,1,1343.0
2021-08-03 03:32:00-04:00,1343.75,1344.5,1343.75,1344.5,7,4,9407.25
2021-08-03 03:33:00-04:00,1344.25,1344.25,1344.25,1344.25,1,1,1344.25
2021-08-03 03:34:00-04:00,1345.0,1345.5,1345.0,1345.5,14,12,18836.0
2021-08-03 03:35:00-04:00,1345.75,1346.0,1345.5,1345.75,11,8,14802.75
2021-08-03 03:36:00-04:00,1346.0,1346.75,1346.0,1346.75,13,9,17503.5
2021-08-03 03:37:00-04:00,1347.0,1347.0,1346.5,1346.75,21,9,28281.75
2021-08-03 03:38:00-04:00,1346.5,1346.75,1346.5,1346.75,4,4,5386.25
2021-08-03 03:39:00-04:00,1346.75,1347.25,1346.75,1346.75,21,9,28285.0
2021-08-03 03:40:00-04:00,1346.75,1346.75,1346.75,1346.75,2,2,2693.5
2021-08-03 03:41:00-04:00,1346.75,1347.0,1346.5,1347.0,9,6,12122.0
2021-08-03 03:42:00-04:00,1346.75,1347.0,1346.75,1346.75,7,4,9428.5
2021-08-03 03:43:00-04:00,1346.75,1346.75,1346.0,1346.0,25,7,33659.0
2021-08-03 03:44:00-04:00,1345.5,1345.5,1345.0,1345.25,26,6,34972.0
2021-08-03 03:45:00-04:00,1345.5,1345.5,1345.25,1345.25,3,3,4036.0
2021-08-03 03:46:00-04:00,1345.0,1345.0,1344.0,1344.0,27,7,36301.75
2021-08-03 03:47:00-04:00,1344.25,1344.5,1344.25,1344.5,14,4,18822.5
2021-08-03 03:48:00-04:00,1345.0,1345.0,1344.75,1344.75,12,2,16137.25
2021-08-03 03:49:00-04:00,1345.0,1345.5,1345.0,1345.5,12,3,16142.75
2021-08-03 03:50:00-04:00,1345.75,1345.75,1345.75,1345.75,1,1,1345.75
2021-08-03 03:51:00-04:00,1345.75,1345.75,1345.75,1345.75,1,1,1345.75
2021-08-03 03:53:00-04:00,1345.5,1346.0,1345.5,1346.0,3,3,4037.0
2021-08-03 03:54:00-04:00,1345.75,1345.75,1345.75,1345.75,1,1,1345.75
2021-08-03 03:56:00-04:00,1345.25,1345.25,1345.25,1345.25,2,2,2690.5
2021-08-03 03:57:00-04:00,1345.25,1345.25,1345.0,1345.0,17,3,22865.25
2021-08-03 03:58:00-04:00,1344.75,1344.75,1344.5,1344.5,2,2,2689.25
2021-08-03 03:59:00-04:00,1344.0,1344.0,1344.0,1344.0,1,1,1344.0
2021-08-03 04:00:00-04:00,1344.0,1344.25,1344.0,1344.25,3,3,4032.5
2021-08-03 04:01:00-04:00,1344.0,1344.25,1344.0,1344.25,24,5,32260.75
2021-08-03 04:02:00-04:00,1344.75,1344.75,1344.5,1344.75,3,3,4034.0
2021-08-03 04:03:00-04:00,1344.75,1344.75,1344.5,1344.5,2,2,2689.25
2021-08-03 04:04:00-04:00,1344.25,1344.25,1344.25,1344.25,1,1,1344.25
2021-08-03 04:05:00-04:00,1344.0,1344.0,1343.75,1344.0,24,19,32255.5
2021-08-03 04:06:00-04:00,1343.75,1343.75,1343.75,1343.75,3,1,4031.25
2021-08-03 04:07:00-04:00,1343.75,1343.75,1343.75,1343.75,2,1,2687.5
2021-08-03 04:08:00-04:00,1343.75,1343.75,1343.75,1343.75,1,1,1343.75
2021-08-03 04:09:00-04:00,1343.5,1343.75,1343.25,1343.75,8,8,10747.75
2021-08-03 04:10:00-04:00,1343.75,1343.75,1343.75,1343.75,3,3,4031.25
2021-08-03 04:11:00-04:00,1343.75,1344.0,1343.75,1344.0,25,7,33599.75
2021-08-03 04:12:00-04:00,1344.0,1344.0,1344.0,1344.0,6,4,8064.0
2021-08-03 04:13:00-04:00,1343.75,1344.0,1343.75,1344.0,16,6,21502.25
2021-08-03 04:14:00-04:00,1344.0,1344.0,1343.5,1343.5,7,6,9406.5
2021-08-03 04:15:00-04:00,1343.5,1343.5,1343.5,1343.5,1,1,1343.5
2021-08-03 04:16:00-04:00,1344.0,1344.0,1344.0,1344.0,1,1,1344.0
2021-08-03 04:17:00-04:00,1344.0,1344.0,1344.0,1344.0,2,1,2688.0
2021-08-03 04:18:00-04:00,1344.5,1344.5,1344.5,1344.5,3,1,4033.5
2021-08-03 04:19:00-04:00,1344.0,1344.0,1344.0,1344.0,1,1,1344.0
2021-08-03 04:20:00-04:00,1344.25,1344.25,1344.25,1344.25,1,1,1344.25
2021-08-03 04:21:00-04:00,1344.5,1344.75,1344.5,1344.75,8,7,10757.25
2021-08-03 04:22:00-04:00,1345.0,1345.0,1344.75,1344.75,6,3,8069.0
2021-08-03 04:23:00-04:00,1344.5,1344.5,1344.5,1344.5,3,1,4033.5
2021-08-03 04:24:00-04:00,1344.75,1344.75,1344.25,1344.25,7,6,9411.0
2021-08-03 04:25:00-04:00,1344.0,1344.0,1343.75,1344.0,8,4,10751.25
2021-08-03 04:26:00-04:00,1344.0,1344.25,1344.0,1344.25,6,2,8064.25
2021-08-03 04:27:00-04:00,1344.25,1344.5,1344.25,1344.5,3,2,4033.25
2021-08-03 04:29:00-04:00,1344.75,1344.75,1344.75,1344.75,2,1,2689.5
2021-08-03 04:31:00-04:00,1345.5,1345.5,1345.25,1345.25,4,4,5381.25
2021-08-03 04:32:00-04:00,1345.25,1345.5,1345.25,1345.5,3,2,4036.25
2021-08-03 04:33:00-04:00,1345.25,1345.25,1345.25,1345.25,2,2,2690.5
2021-08-03 04:34:00-04:00,1345.0,1345.25,1345.0,1345.25,7,3,9415.25
2021-08-03 04:35:00-04:00,1345.5,1345.75,1345.5,1345.75,4,3,5382.75
2021-08-03 04:36:00-04:00,1346.0,1346.0,1346.0,1346.0,4,4,5384.0
2021-08-03 04:37:00-04:00,1346.0,1346.0,1346.0,1346.0,3,3,4038.0
2021-08-03 04:38:00-04:00,1345.75,1345.75,1345.5,1345.5,10,5,13456.75
2021-08-03 04:39:00-04:00,1345.75,1345.75,1345.25,1345.25,6,4,8073.25
2021-08-03 04:40:00-04:00,1345.25,1345.5,1345.25,1345.5,8,4,10762.5
2021-08-03 04:41:00-04:00,1345.5,1345.5,1345.5,1345.5,1,1,1345.5
2021-08-03 04:42:00-04:00,1345.5,1345.5,1345.0,1345.0,6,3,8070.75
2021-08-03 04:43:00-04:00,1344.75,1344.75,1344.75,1344.75,2,1,2689.5
2021-08-03 04:44:00-04:00,1344.75,1344.75,1344.0,1344.0,8,8,10754.25
2021-08-03 04:45:00-04:00,1343.5,1344.0,1343.5,1344.0,19,5,25535.0
2021-08-03 04:46:00-04:00,1344.25,1344.25,1344.25,1344.25,1,1,1344.25
2021-08-03 04:47:00-04:00,1344.75,1344.75,1344.5,1344.75,5,3,6723.0
2021-08-03 04:48:00-04:00,1345.0,1345.0,1345.0,1345.0,3,3,4035.0
2021-08-03 04:49:00-04:00,1345.5,1345.5,1345.5,1345.5,1,1,1345.5
2021-08-03 04:50:00-04:00,1345.0,1345.0,1345.0,1345.0,6,4,8070.0
2021-08-03 04:51:00-04:00,1345.25,1345.25,1344.5,1344.5,11,4,14790.5
2021-08-03 04:52:00-04:00,1343.75,1343.75,1343.0,1343.0,10,4,13432.0
2021-08-03 04:53:00-04:00,1343.25,1343.75,1343.25,1343.25,13,6,17465.25
2021-08-03 04:54:00-04:00,1343.25,1343.25,1342.5,1342.5,16,7,21486.75
2021-08-03 04:55:00-04:00,1343.0,1343.25,1343.0,1343.25,27,6,36264.5
2021-08-03 04:56:00-04:00,1343.25,1343.25,1343.25,1343.25,2,2,2686.5
2021-08-03 04:58:00-04:00,1343.25,1343.25,1343.25,1343.25,2,1,2686.5
2021-08-03 04:59:00-04:00,1343.5,1343.75,1343.5,1343.75,12,6,16123.25
2021-08-03 05:00:00-04:00,1343.75,1344.0,1343.75,1344.0,4,4,5375.25
2021-08-03 05:01:00-04:00,1344.0,1344.25,1343.25,1343.75,31,13,41652.75
2021-08-03 05:02:00-04:00,1343.5,1343.75,1343.5,1343.75,2,2,2687.25
2021-08-03 05:03:00-04:00,1343.75,1344.0,1343.75,1344.0,2,2,2687.75
2021-08-03 05:05:00-04:00,1344.0,1344.0,1344.0,1344.0,4,4,5376.0
2021-08-03 05:06:00-04:00,1343.75,1344.5,1343.5,1344.5,26,11,34945.5
2021-08-03 05:07:00-04:00,1344.75,1344.75,1344.75,1344.75,10,3,13447.5
2021-08-03 05:08:00-04:00,1344.75,1344.75,1344.75,1344.75,1,1,1344.75
2021-08-03 05:09:00-04:00,1344.5,1344.5,1343.75,1344.0,71,9,95427.75
2021-08-03 05:10:00-04:00,1343.75,1344.0,1343.75,1344.0,4,2,5375.5
2021-08-03 05:11:00-04:00,1344.25,1344.25,1344.25,1344.25,1,1,1344.25
2021-08-03 05:12:00-04:00,1343.75,1343.75,1343.75,1343.75,1,1,1343.75
2021-08-03 05:13:00-04:00,1343.75,1343.75,1343.25,1343.25,11,3,14779.5
2021-08-03 05:14:00-04:00,1343.25,1343.5,1343.25,1343.5,8,7,10746.5
2021-08-03 05:15:00-04:00,1343.25,1343.25,1342.75,1342.75,7,5,9400.75
2021-08-03 05:16:00-04:00,1342.75,1343.0,1342.75,1343.0,5,5,6714.0
2021-08-03 05:17:00-04:00,1342.25,1342.5,1342.0,1342.5,61,17,81880.25
2021-08-03 05:18:00-04:00,1342.5,1342.5,1342.25,1342.25,2,2,2684.75
2021-08-03 05:19:00-04:00,1342.25,1342.5,1342.25,1342.5,6,4,8054.75
2021-08-03 05:20:00-04:00,1342.5,1342.5,1342.25,1342.5,18,7,24162.75
2021-08-03 05:21:00-04:00,1342.25,1342.25,1342.0,1342.0,16,7,21472.75
2021-08-03 05:22:00-04:00,1341.75,1341.75,1341.0,1341.25,52,15,69742.75
2021-08-03 05:23:00-04:00,1341.25,1341.25,1341.25,1341.25,10,6,13412.5
2021-08-03 05:24:00-04:00,1341.0,1341.0,1341.0,1341.0,35,7,46935.0
2021-08-03 05:25:00-04:00,1341.5,1341.5,1341.5,1341.5,3,2,4024.5
2021-08-03 05:26:00-04:00,1341.75,1341.75,1341.75,1341.75,2,1,2683.5
2021-08-03 05:27:00-04:00,1341.5,1341.75,1341.25,1341.75,13,8,17438.25
2021-08-03 05:28:00-04:00,1341.75,1341.75,1341.0,1341.0,29,13,38898.75
2021-08-03 05:29:00-04:00,1341.0,1341.0,1340.0,1341.0,125,33,167573.0
2021-08-03 05:30:00-04:00,1341.0,1341.5,1341.0,1341.5,7,5,9389.0
2021-08-03 05:31:00-04:00,1341.5,1341.5,1341.5,1341.5,3,1,4024.5
2021-08-03 05:32:00-04:00,1341.75,1342.5,1341.75,1342.5,17,11,22819.0
2021-08-03 05:35:00-04:00,1342.5,1343.25,1342.5,1342.75,62,11,83260.0
2021-08-03 05:36:00-04:00,1343.0,1343.0,1342.75,1343.0,5,5,6714.5
2021-08-03 05:37:00-04:00,1343.25,1343.75,1343.25,1343.75,6,5,8060.5
2021-08-03 05:38:00-04:00,1343.5,1343.5,1343.5,1343.5,3,3,4030.5
2021-08-03 05:39:00-04:00,1344.0,1344.0,1343.75,1343.75,3,3,4031.75
2021-08-03 05:40:00-04:00,1343.25,1343.25,1343.25,1343.25,1,1,1343.25
2021-08-03 05:41:00-04:00,1343.25,1343.5,1343.25,1343.5,3,2,4030.0
2021-08-03 05:42:00-04:00,1343.25,1343.25,1343.0,1343.0,2,2,2686.25
2021-08-03 05:43:00-04:00,1343.25,1343.75,1343.25,1343.75,7,5,9404.5
2021-08-03 05:46:00-04:00,1343.25,1343.25,1343.25,1343.25,1,1,1343.25
2021-08-03 05:48:00-04:00,1343.25,1343.25,1343.25,1343.25,1,1,1343.25
2021-08-03 05:49:00-04:00,1343.25,1343.5,1343.25,1343.5,3,2,4030.25
2021-08-03 05:50:00-04:00,1343.5,1343.5,1343.5,1343.5,1,1,1343.5
2021-08-03 05:51:00-04:00,1343.25,1343.25,1343.25,1343.25,1,1,1343.25
2021-08-03 05:53:00-04:00,1343.0,1343.0,1343.0,1343.0,16,7,21488.0
2021-08-03 05:54:00-04:00,1342.5,1342.5,1342.5,1342.5,2,2,2685.0
2021-08-03 05:55:00-04:00,1342.75,1343.0,1342.75,1343.0,3,2,4028.5
2021-08-03 05:56:00-04:00,1342.75,1342.75,1342.75,1342.75,3,3,4028.25
2021-08-03 05:57:00-04:00,1342.75,1342.75,1342.75,1342.75,1,1,1342.75
2021-08-03 05:58:00-04:00,1342.75,1342.75,1342.75,1342.75,11,11,14770.25
2021-08-03 05:59:00-04:00,1342.75,1342.75,1342.75,1342.75,2,2,2685.5
2021-08-03 06:00:00-04:00,1342.75,1342.75,1342.75,1342.75,1,1,1342.75
2021-08-03 06:01:00-04:00,1342.75,1342.75,1342.5,1342.5,7,4,9398.5
2021-08-03 06:02:00-04:00,1342.75,1342.75,1342.75,1342.75,4,1,5371.0
2021-08-03 06:07:00-04:00,1343.0,1343.0,1343.0,1343.0,11,9,14773.0
2021-08-03 06:08:00-04:00,1343.0,1343.25,1343.0,1343.0,16,7,21489.75
2021-08-03 06:09:00-04:00,1343.0,1343.5,1343.0,1343.5,11,8,14776.0
2021-08-03 06:10:00-04:00,1343.5,1343.75,1343.5,1343.75,5,2,6718.5
2021-08-03 06:11:00-04:00,1343.75,1344.25,1343.75,1344.25,7,6,9408.0
2021-08-03 06:12:00-04:00,1344.5,1345.0,1344.25,1345.0,48,10,64548.75
2021-08-03 06:13:00-04:00,1345.0,1345.0,1344.5,1344.5,9,8,12103.25
2021-08-03 06:14:00-04:00,1344.25,1344.25,1343.75,1344.0,34,6,45694.25
2021-08-03 06:15:00-04:00,1344.25,1344.5,1344.25,1344.5,41,9,55122.0
2021-08-03 06:16:00-04:00,1344.25,1344.25,1344.0,1344.0,18,4,24193.75
2021-08-03 06:17:00-04:00,1344.0,1344.5,1343.5,1343.75,91,18,122289.25
2021-08-03 06:18:00-04:00,1344.0,1344.0,1344.0,1344.0,21,8,28224.0
2021-08-03 06:19:00-04:00,1344.0,1344.25,1344.0,1344.25,3,3,4032.5
2021-08-03 06:20:00-04:00,1344.5,1344.5,1344.0,1344.0,95,11,127713.5
2021-08-03 06:21:00-04:00,1343.75,1344.0,1343.75,1344.0,9,6,12095.75
2021-08-03 06:22:00-04:00,1344.0,1344.0,1344.0,1344.0,4,3,5376.0
2021-08-03 06:23:00-04:00,1343.75,1343.75,1343.5,1343.5,5,4,6717.75
2021-08-03 06:24:00-04:00,1343.5,1343.75,1343.0,1343.75,181,35,243149.75
2021-08-03 06:25:00-04:00,1343.75,1343.75,1343.5,1343.75,21,10,28218.0
2021-08-03 06:26:00-04:00,1343.75,1344.5,1343.5,1344.25,176,37,236563.5
2021-08-03 06:27:00-04:00,1344.5,1345.0,1344.5,1344.75,23,6,30929.5
2021-08-03 06:28:00-04:00,1345.0,1345.75,1345.0,1345.75,147,32,197775.25
2021-08-03 06:29:00-04:00,1345.75,1346.25,1345.5,1346.0,106,32,142652.0
2021-08-03 06:30:00-04:00,1345.75,1346.25,1345.75,1346.0,24,12,32305.75
2021-08-03 06:31:00-04:00,1345.75,1346.75,1345.75,1346.5,110,23,148055.5
2021-08-03 06:32:00-04:00,1346.75,1346.75,1346.25,1346.25,22,6,29621.75
2021-08-03 06:33:00-04:00,1346.0,1346.0,1346.0,1346.0,65,6,87490.0
2021-08-03 06:34:00-04:00,1345.75,1345.75,1345.75,1345.75,10,3,13457.5
2021-08-03 06:35:00-04:00,1345.75,1346.0,1345.75,1346.0,19,7,25572.5
2021-08-03 06:36:00-04:00,1346.0,1346.5,1346.0,1346.5,15,4,20195.75
2021-08-03 06:37:00-04:00,1346.75,1347.0,1346.25,1346.25,17,8,22890.75
2021-08-03 06:38:00-04:00,1346.5,1346.5,1346.25,1346.25,15,3,20194.0
2021-08-03 06:39:00-04:00,1346.0,1346.25,1345.75,1346.0,30,10,40380.0
2021-08-03 06:40:00-04:00,1346.25,1346.5,1345.75,1345.75,33,10,44420.75
2021-08-03 06:41:00-04:00,1346.25,1346.25,1346.0,1346.0,14,3,18845.75
2021-08-03 06:42:00-04:00,1345.75,1345.75,1345.75,1345.75,15,5,20186.25
2021-08-03 06:43:00-04:00,1346.0,1346.0,1346.0,1346.0,12,4,16152.0
2021-08-03 06:44:00-04:00,1346.0,1346.0,1345.5,1345.5,9,3,12112.25
2021-08-03 06:45:00-04:00,1345.5,1345.5,1345.0,1345.0,18,6,24216.75
2021-08-03 06:46:00-04:00,1345.0,1345.25,1344.5,1345.0,106,17,142562.25
2021-08-03 06:47:00-04:00,1345.0,1345.25,1344.5,1345.25,226,43,303937.25
2021-08-03 06:48:00-04:00,1345.25,1345.25,1345.25,1345.25,6,4,8071.5
2021-08-03 06:49:00-04:00,1345.5,1345.75,1345.25,1345.25,72,12,96882.5
2021-08-03 06:50:00-04:00,1344.75,1344.75,1344.75,1344.75,3,3,4034.25
2021-08-03 06:51:00-04:00,1345.25,1345.75,1345.25,1345.75,15,4,20179.5
2021-08-03 06:52:00-04:00,1345.5,1345.5,1345.25,1345.25,31,7,41705.0
2021-08-03 06:53:00-04:00,1345.5,1345.5,1345.0,1345.0,38,10,51117.0
2021-08-03 06:54:00-04:00,1344.25,1344.25,1344.0,1344.0,23,13,30913.5
2021-08-03 06:55:00-04:00,1343.75,1344.0,1343.75,1344.0,3,2,4031.75
2021-08-03 06:56:00-04:00,1343.75,1343.75,1343.75,1343.75,1,1,1343.75
2021-08-03 06:57:00-04:00,1343.75,1343.75,1343.5,1343.5,25,12,33589.5
2021-08-03 06:58:00-04:00,1343.25,1343.25,1343.0,1343.25,26,3,34920.75
2021-08-03 06:59:00-04:00,1343.5,1343.5,1343.5,1343.5,1,1,1343.5
2021-08-03 07:00:00-04:00,1343.0,1343.0,1342.5,1342.5,7,4,9399.25
2021-08-03 07:01:00-04:00,1342.5,1343.0,1342.0,1342.5,222,36,298063.25
2021-08-03 07:02:00-04:00,1342.25,1342.75,1342.25,1342.5,85,24,114124.25
2021-08-03 07:03:00-04:00,1342.5,1342.75,1342.5,1342.5,46,10,61761.75
2021-08-03 07:04:00-04:00,1342.5,1342.5,1342.0,1342.25,16,9,21475.75
2021-08-03 07:05:00-04:00,1342.0,1342.0,1341.25,1341.5,177,30,237441.25
2021-08-03 07:06:00-04:00,1341.5,1342.25,1341.5,1341.5,78,21,104667.5
2021-08-03 07:08:00-04:00,1341.75,1342.0,1341.75,1342.0,29,7,38914.5
2021-08-03 07:09:00-04:00,1342.0,1342.0,1342.0,1342.0,6,1,8052.0
2021-08-03 07:10:00-04:00,1342.0,1342.0,1342.0,1342.0,3,3,4026.0
2021-08-03 07:11:00-04:00,1342.0,1342.0,1341.25,1341.25,38,7,50973.0
2021-08-03 07:12:00-04:00,1341.0,1341.0,1340.75,1341.0,7,4,9386.5
2021-08-03 07:13:00-04:00,1341.0,1341.5,1341.0,1341.5,23,4,30848.75
2021-08-03 07:14:00-04:00,1341.25,1341.25,1341.25,1341.25,4,3,5365.0
2021-08-03 07:16:00-04:00,1341.0,1341.0,1340.75,1340.75,7,6,9386.5
2021-08-03 07:17:00-04:00,1340.75,1341.25,1340.75,1341.25,22,16,29498.75
2021-08-03 07:18:00-04:00,1341.5,1341.5,1341.25,1341.25,15,9,20121.75
2021-08-03 07:19:00-04:00,1341.0,1342.75,1341.0,1341.75,89,19,119452.25
2021-08-03 07:21:00-04:00,1342.0,1342.0,1341.25,1341.25,45,9,60367.25
2021-08-03 07:22:00-04:00,1341.0,1341.0,1340.5,1340.5,26,7,34858.0
2021-08-03 07:23:00-04:00,1340.5,1340.75,1340.5,1340.75,6,3,8044.25
2021-08-03 07:24:00-04:00,1340.75,1341.0,1340.25,1340.75,34,6,45578.0
2021-08-03 07:25:00-04:00,1340.5,1340.75,1340.5,1340.75,14,6,18769.5
2021-08-03 07:26:00-04:00,1340.5,1340.75,1340.25,1340.25,57,7,76395.5
2021-08-03 07:27:00-04:00,1340.5,1340.75,1340.5,1340.5,24,10,32172.5
2021-08-03 07:28:00-04:00,1340.5,1340.5,1340.0,1340.0,126,21,168841.75
2021-08-03 07:29:00-04:00,1340.25,1340.5,1340.0,1340.25,59,10,79071.0
2021-08-03 07:30:00-04:00,1340.25,1340.5,1340.0,1340.5,12,6,16083.0
2021-08-03 07:31:00-04:00,1340.25,1340.5,1340.0,1340.0,40,29,53604.5
2021-08-03 07:32:00-04:00,1340.25,1340.25,1339.5,1339.5,34,13,45553.25
2021-08-03 07:33:00-04:00,1339.75,1339.75,1339.75,1339.75,5,1,6698.75
2021-08-03 07:34:00-04:00,1339.5,1339.5,1338.5,1339.0,81,12,108455.5
2021-08-03 07:35:00-04:00,1339.0,1339.0,1338.5,1338.5,16,5,21418.5
2021-08-03 07:36:00-04:00,1338.75,1338.75,1338.0,1338.25,204,47,272991.25
2021-08-03 07:37:00-04:00,1338.0,1338.25,1338.0,1338.0,43,18,57535.75
2021-08-03 07:38:00-04:00,1338.25,1338.25,1338.0,1338.0,9,7,12042.25
2021-08-03 07:39:00-04:00,1338.25,1338.25,1337.5,1337.5,39,15,52171.5
2021-08-03 07:40:00-04:00,1337.5,1337.5,1337.5,1337.5,25,14,33437.5
2021-08-03 07:41:00-04:00,1337.5,1337.5,1336.0,1336.0,298,105,398252.0
2021-08-03 07:42:00-04:00,1336.25,1337.0,1336.25,1336.75,29,18,38761.5
2021-08-03 07:43:00-04:00,1337.0,1337.0,1336.75,1337.0,17,12,22727.25
2021-08-03 07:44:00-04:00,1336.75,1336.75,1336.0,1336.25,56,22,74848.5
2021-08-03 07:45:00-04:00,1336.5,1336.5,1335.75,1336.0,61,25,81511.5
2021-08-03 07:46:00-04:00,1336.0,1336.5,1335.75,1335.75,72,30,96206.25
2021-08-03 07:47:00-04:00,1336.0,1336.25,1335.5,1335.5,147,37,196369.75
2021-08-03 07:48:00-04:00,1335.5,1335.5,1335.0,1335.0,296,49,395196.5
2021-08-03 07:49:00-04:00,1335.0,1335.5,1335.0,1335.5,91,33,121507.25
2021-08-03 07:50:00-04:00,1335.5,1335.5,1335.0,1335.0,9,6,12017.75
2021-08-03 07:51:00-04:00,1335.0,1335.25,1334.5,1334.5,86,19,114805.25
2021-08-03 07:52:00-04:00,1334.5,1335.0,1334.5,1334.5,18,9,24022.75
2021-08-03 07:53:00-04:00,1334.75,1335.0,1334.25,1334.75,60,10,80089.25
2021-08-03 07:54:00-04:00,1334.5,1334.5,1333.25,1333.25,225,48,300098.25
2021-08-03 07:55:00-04:00,1333.25,1334.0,1333.25,1334.0,104,43,138696.5
2021-08-03 07:56:00-04:00,1334.0,1335.25,1333.75,1334.5,187,34,249582.0
2021-08-03 07:57:00-04:00,1334.25,1334.5,1334.25,1334.5,29,11,38697.5
2021-08-03 07:58:00-04:00,1334.5,1335.25,1334.25,1335.25,36,12,48043.75
2021-08-03 07:59:00-04:00,1335.5,1335.5,1335.25,1335.25,22,9,29379.25
2021-08-03 08:00:00-04:00,1335.5,1336.0,1335.25,1335.5,77,18,102849.0
2021-08-03 08:01:00-04:00,1335.25,1335.25,1334.75,1335.25,56,20,74761.5
2021-08-03 08:02:00-04:00,1335.0,1335.0,1334.5,1334.5,66,18,88086.75
2021-08-03 08:03:00-04:00,1334.25,1334.5,1334.0,1334.25,81,29,108074.0
2021-08-03 08:04:00-04:00,1334.5,1334.5,1334.0,1334.25,107,25,142771.25
2021-08-03 08:05:00-04:00,1334.0,1334.25,1333.75,1334.25,50,18,66707.5
2021-08-03 08:06:00-04:00,1334.25,1334.5,1334.25,1334.5,42,13,56047.75
2021-08-03 08:07:00-04:00,1334.5,1334.75,1334.25,1334.75,41,8,54715.25
2021-08-03 08:08:00-04:00,1335.0,1335.0,1334.5,1335.0,31,13,41378.0
2021-08-03 08:09:00-04:00,1335.0,1335.5,1335.0,1335.5,38,11,50742.75
2021-08-03 08:10:00-04:00,1335.25,1335.25,1335.0,1335.0,19,10,25365.5
2021-08-03 08:11:00-04:00,1334.75,1335.25,1334.5,1335.25,25,11,33373.25
2021-08-03 08:12:00-04:00,1335.0,1335.25,1335.0,1335.25,19,11,25368.25
2021-08-03 08:13:00-04:00,1335.25,1335.5,1335.25,1335.5,81,23,108172.75
2021-08-03 08:14:00-04:00,1335.25,1335.25,1335.25,1335.25,23,9,30710.75
2021-08-03 08:15:00-04:00,1335.25,1335.25,1334.5,1334.5,94,16,125460.5
2021-08-03 08:16:00-04:00,1334.5,1334.75,1334.25,1334.75,59,21,78739.0
2021-08-03 08:17:00-04:00,1334.75,1334.75,1334.25,1334.25,58,13,77391.0
2021-08-03 08:18:00-04:00,1334.0,1334.25,1334.0,1334.25,14,10,18677.75
2021-08-03 08:19:00-04:00,1334.25,1334.25,1334.0,1334.25,59,19,78718.75
2021-08-03 08:20:00-04:00,1334.0,1334.0,1331.75,1331.75,660,164,879551.25
2021-08-03 08:21:00-04:00,1331.75,1331.75,1330.0,1330.0,752,167,1000435.0
2021-08-03 08:22:00-04:00,1330.25,1330.25,1330.0,1330.25,48,22,63841.5
2021-08-03 08:23:00-04:00,1330.0,1330.0,1327.0,1328.0,672,191,892582.5
2021-08-03 08:24:00-04:00,1327.75,1329.0,1327.0,1328.5,292,77,387728.25
2021-08-03 08:25:00-04:00,1328.75,1328.75,1328.0,1328.5,119,47,158081.75
2021-08-03 08:26:00-04:00,1328.25,1328.5,1327.25,1327.5,150,45,199152.0
2021-08-03 08:27:00-04:00,1327.5,1329.5,1327.25,1329.5,212,48,281595.25
2021-08-03 08:28:00-04:00,1329.5,1329.75,1328.75,1329.5,148,42,196764.0
2021-08-03 08:29:00-04:00,1329.5,1329.5,1328.75,1329.0,102,43,135559.0
2021-08-03 08:30:00-04:00,1329.0,1329.75,1328.5,1329.25,111,29,147549.5
2021-08-03 08:31:00-04:00,1329.25,1331.25,1329.25,1331.25,121,33,160945.0
2021-08-03 08:32:00-04:00,1331.0,1331.25,1330.25,1330.5,84,30,111788.5
2021-08-03 08:33:00-04:00,1330.25,1330.25,1329.25,1329.75,46,19,61176.0
2021-08-03 08:34:00-04:00,1329.75,1330.0,1329.5,1329.5,62,25,82453.0
2021-08-03 08:35:00-04:00,1329.25,1330.0,1329.25,1329.75,61,23,81109.75
2021-08-03 08:36:00-04:00,1329.75,1330.0,1329.5,1329.75,63,18,83773.75
2021-08-03 08:37:00-04:00,1329.75,1329.75,1328.5,1328.5,70,22,93040.25
2021-08-03 08:38:00-04:00,1328.5,1329.75,1328.5,1329.0,84,31,111665.5
2021-08-03 08:39:00-04:00,1329.25,1329.75,1328.5,1328.5,179,34,237900.0
2021-08-03 08:40:00-04:00,1328.5,1328.75,1328.25,1328.5,26,15,34540.5
2021-08-03 08:41:00-04:00,1328.5,1328.75,1328.0,1328.25,96,41,127517.75
2021-08-03 08:42:00-04:00,1328.25,1328.5,1327.75,1328.0,164,41,217816.5
2021-08-03 08:43:00-04:00,1328.0,1328.75,1328.0,1328.5,72,19,95650.0
2021-08-03 08:44:00-04:00,1328.5,1329.25,1328.25,1329.0,112,40,148813.0
2021-08-03 09:29:00-04:00,1328.5,1329.0,1327.0,1327.75,455,98,604361.5
2021-08-03 09:30:00-04:00,1327.75,1333.0,1327.0,1333.0,1735,609,2306973.75
2021-08-03 09:31:00-04:00,1333.0,1334.5,1332.25,1332.25,1043,282,1390554.0
2021-08-03 09:32:00-04:00,1332.5,1332.75,1329.5,1330.0,968,335,1288197.0
2021-08-03 09:33:00-04:00,1329.75,1331.5,1329.0,1330.75,859,244,1142795.5
2021-08-03 09:34:00-04:00,1330.75,1331.5,1330.5,1331.25,388,120,516569.0
2021-08-03 09:35:00-04:00,1331.25,1332.25,1331.0,1331.75,860,243,1145036.25
2021-08-03 09:36:00-04:00,1331.75,1331.75,1329.25,1330.5,1107,266,1472986.5
2021-08-03 09:37:00-04:00,1330.5,1331.25,1329.5,1331.0,287,84,381777.0
2021-08-03 09:38:00-04:00,1331.25,1334.0,1330.75,1333.25,871,332,1160928.0
2021-08-03 09:39:00-04:00,1333.25,1335.0,1332.75,1334.75,645,241,860281.5
2021-08-03 09:40:00-04:00,1334.5,1335.5,1334.25,1335.0,307,102,409796.25
2021-08-03 09:41:00-04:00,1335.0,1335.75,1335.0,1335.5,269,124,359236.5
2021-08-03 09:42:00-04:00,1335.5,1336.75,1335.5,1335.5,670,206,895280.75
2021-08-03 09:43:00-04:00,1335.5,1336.0,1333.25,1333.75,399,115,532562.25
2021-08-03 09:44:00-04:00,1333.75,1334.0,1331.75,1332.0,794,300,1057920.0
2021-08-03 09:45:00-04:00,1332.25,1332.25,1330.0,1330.25,732,321,974202.0
2021-08-03 09:46:00-04:00,1330.25,1330.25,1328.0,1328.25,1013,221,1346434.0
2021-08-03 09:47:00-04:00,1328.5,1328.75,1327.0,1328.25,904,271,1200505.5
2021-08-03 09:48:00-04:00,1328.5,1329.0,1327.25,1327.75,424,121,563135.75
2021-08-03 09:49:00-04:00,1327.75,1328.0,1326.0,1326.75,679,168,900941.0
2021-08-03 09:50:00-04:00,1326.75,1327.0,1325.0,1325.25,957,249,1268655.5
2021-08-03 09:51:00-04:00,1325.0,1325.25,1324.0,1325.25,765,205,1013389.0
2021-08-03 09:52:00-04:00,1325.25,1325.25,1321.5,1322.0,1192,251,1576679.0
2021-08-03 09:53:00-04:00,1321.75,1321.75,1318.75,1320.75,1248,321,1647651.25
2021-08-03 09:54:00-04:00,1321.0,1321.75,1320.75,1321.0,547,147,722638.25
2021-08-03 09:55:00-04:00,1320.75,1323.75,1320.25,1323.0,634,210,837936.0
2021-08-03 09:56:00-04:00,1322.75,1323.25,1322.25,1322.75,319,110,421942.0
2021-08-03 09:57:00-04:00,1322.5,1322.5,1320.0,1320.5,439,132,579986.0
2021-08-03 09:58:00-04:00,1320.75,1321.75,1320.5,1321.5,232,111,306575.0
2021-08-03 09:59:00-04:00,1321.5,1322.5,1320.25,1320.25,189,66,249729.5
2021-08-03 10:00:00-04:00,1320.25,1320.5,1316.25,1316.75,1557,345,2052537.5
2021-08-03 10:01:00-04:00,1316.75,1317.75,1314.5,1317.25,2057,446,2706771.0
2021-08-03 10:02:00-04:00,1317.5,1320.5,1317.25,1319.75,566,190,746375.5
2021-08-03 10:03:00-04:00,1319.75,1321.75,1319.25,1320.75,461,157,608844.0
2021-08-03 10:04:00-04:00,1320.5,1322.0,1320.25,1321.0,318,113,420117.25
2021-08-03 10:05:00-04:00,1320.75,1321.0,1319.75,1320.0,256,104,338031.0
2021-08-03 10:06:00-04:00,1320.0,1322.0,1319.75,1321.75,395,134,521788.5
2021-08-03 10:07:00-04:00,1321.5,1322.5,1320.75,1322.0,348,106,459916.5
2021-08-03 10:08:00-04:00,1321.75,1322.0,1321.0,1321.0,180,77,237849.0
2021-08-03 10:09:00-04:00,1321.25,1321.75,1320.5,1321.0,305,122,402949.0
2021-08-03 10:10:00-04:00,1321.0,1321.0,1319.0,1319.25,142,66,187360.5
2021-08-03 10:11:00-04:00,1319.5,1322.25,1319.25,1321.25,204,80,269473.5
2021-08-03 10:12:00-04:00,1321.0,1321.5,1319.75,1321.0,225,97,297166.0
2021-08-03 10:13:00-04:00,1321.0,1321.0,1320.25,1320.25,116,55,153211.5
2021-08-03 10:14:00-04:00,1320.75,1320.75,1319.75,1320.0,72,39,95060.0
2021-08-03 10:15:00-04:00,1319.75,1320.25,1319.0,1319.5,189,83,249419.25
2021-08-03 10:16:00-04:00,1319.5,1320.25,1319.0,1320.0,254,110,335157.5
2021-08-03 10:17:00-04:00,1319.75,1321.5,1319.0,1321.5,138,65,182174.25
2021-08-03 10:18:00-04:00,1321.25,1322.0,1321.0,1321.5,195,52,257720.5
2021-08-03 10:19:00-04:00,1321.0,1323.75,1320.75,1323.25,218,86,288366.75
2021-08-03 10:20:00-04:00,1323.0,1323.25,1321.75,1321.75,218,80,288304.5
2021-08-03 10:21:00-04:00,1321.5,1321.75,1320.25,1320.75,139,74,183599.5
2021-08-03 10:22:00-04:00,1320.75,1321.0,1319.0,1319.5,115,54,151805.75
2021-08-03 10:23:00-04:00,1319.5,1321.25,1319.25,1320.5,190,72,250887.25
2021-08-03 10:24:00-04:00,1320.5,1321.75,1320.5,1321.75,107,50,141369.75
2021-08-03 10:25:00-04:00,1321.5,1321.5,1320.25,1320.25,162,76,213979.5
2021-08-03 10:26:00-04:00,1320.25,1320.5,1319.5,1319.75,157,78,207257.0
2021-08-03 10:27:00-04:00,1320.0,1320.75,1319.75,1319.75,190,76,250814.25
2021-08-03 10:28:00-04:00,1319.75,1320.5,1319.75,1320.0,164,50,216510.0
2021-08-03 10:29:00-04:00,1320.0,1322.5,1320.0,1321.5,208,73,274827.75
2021-08-03 10:30:00-04:00,1321.5,1321.5,1319.5,1319.5,290,100,382854.25
2021-08-03 10:31:00-04:00,1319.5,1321.75,1319.5,1321.0,285,96,376347.25
2021-08-03 10:32:00-04:00,1320.75,1321.5,1320.5,1321.25,178,95,235150.0
2021-08-03 10:33:00-04:00,1321.25,1322.25,1321.25,1321.25,216,93,285490.0
2021-08-03 10:34:00-04:00,1321.25,1321.25,1320.25,1320.5,65,31,85850.75
2021-08-03 10:35:00-04:00,1320.75,1321.75,1320.25,1320.5,223,86,294572.5
2021-08-03 10:36:00-04:00,1320.5,1320.5,1318.25,1318.5,458,121,604182.25
2021-08-03 10:37:00-04:00,1318.75,1319.25,1318.0,1319.0,214,100,282141.0
2021-08-03 10:38:00-04:00,1319.25,1319.25,1318.0,1318.5,215,55,283519.5
2021-08-03 10:39:00-04:00,1318.5,1319.0,1317.5,1317.75,303,110,399436.5
2021-08-03 10:40:00-04:00,1317.75,1318.25,1317.5,1317.5,194,64,255666.25
2021-08-03 10:41:00-04:00,1317.25,1317.5,1315.75,1316.0,506,139,666170.25
2021-08-03 10:42:00-04:00,1315.75,1316.5,1315.5,1316.25,275,109,361896.0
2021-08-03 10:43:00-04:00,1316.5,1316.5,1315.75,1316.0,219,87,288266.25
2021-08-03 10:44:00-04:00,1316.0,1316.75,1315.75,1316.75,212,72,279078.25
2021-08-03 10:45:00-04:00,1316.75,1316.75,1315.75,1316.0,391,161,514587.0
2021-08-03 10:46:00-04:00,1316.25,1316.75,1315.5,1316.25,376,125,494860.25
2021-08-03 10:47:00-04:00,1316.25,1317.25,1316.0,1316.5,187,72,246193.25
2021-08-03 10:48:00-04:00,1316.75,1317.5,1316.5,1317.25,139,64,183046.5
2021-08-03 10:49:00-04:00,1317.25,1318.5,1317.0,1318.0,365,77,481005.25
2021-08-03 10:50:00-04:00,1318.0,1318.0,1316.25,1317.0,220,80,289782.25
2021-08-03 10:51:00-04:00,1317.0,1317.25,1316.0,1316.0,127,52,167192.0
2021-08-03 10:52:00-04:00,1316.25,1316.5,1315.25,1315.5,271,80,356605.25
2021-08-03 10:53:00-04:00,1315.75,1317.5,1315.75,1317.0,153,54,201429.25
2021-08-03 10:54:00-04:00,1316.75,1317.0,1316.5,1316.5,128,41,168534.5
2021-08-03 10:55:00-04:00,1316.5,1316.5,1316.0,1316.5,116,47,152693.75
2021-08-03 10:56:00-04:00,1316.5,1317.0,1316.25,1317.0,108,51,142197.75
2021-08-03 10:57:00-04:00,1317.25,1317.25,1315.75,1315.75,121,44,159294.75
2021-08-03 10:58:00-04:00,1316.0,1316.0,1315.0,1315.75,450,123,591837.25
2021-08-03 10:59:00-04:00,1315.75,1315.75,1314.5,1315.0,421,167,553674.75
2021-08-03 11:00:00-04:00,1315.0,1315.5,1314.0,1314.0,218,64,286577.75
2021-08-03 11:01:00-04:00,1314.25,1314.5,1313.5,1314.0,487,161,639932.5
2021-08-03 11:02:00-04:00,1313.75,1313.75,1311.5,1311.75,1345,272,1765319.5
2021-08-03 11:03:00-04:00,1312.0,1313.0,1311.75,1312.5,554,134,726928.0
2021-08-03 11:04:00-04:00,1312.25,1312.5,1310.25,1310.75,501,149,656996.25
2021-08-03 11:05:00-04:00,1310.75,1311.5,1309.75,1311.0,710,134,930328.0
2021-08-03 11:06:00-04:00,1311.0,1311.0,1309.5,1310.25,360,122,471667.0
2021-08-03 11:07:00-04:00,1310.0,1312.0,1310.0,1311.5,347,115,454949.25
2021-08-03 11:08:00-04:00,1311.25,1311.5,1310.5,1310.5,135,74,176970.5
2021-08-03 11:09:00-04:00,1310.5,1312.5,1310.25,1312.25,267,91,350158.75
2021-08-03 11:10:00-04:00,1312.25,1312.75,1311.5,1312.5,280,107,367427.0
2021-08-03 11:11:00-04:00,1312.25,1312.5,1312.0,1312.25,128,68,167953.25
2021-08-03 11:12:00-04:00,1312.0,1312.5,1312.0,1312.5,83,44,108909.75
2021-08-03 11:13:00-04:00,1312.25,1312.5,1311.25,1312.0,234,84,306966.25
2021-08-03 11:14:00-04:00,1312.0,1312.0,1311.5,1311.75,147,76,192835.75
2021-08-03 11:15:00-04:00,1311.75,1312.75,1311.75,1312.25,284,67,372716.25
2021-08-03 11:16:00-04:00,1312.0,1312.25,1311.0,1312.0,275,78,360668.75
2021-08-03 11:17:00-04:00,1312.0,1313.25,1311.75,1313.25,267,45,350444.75
2021-08-03 11:18:00-04:00,1313.25,1314.0,1312.5,1312.75,178,70,233788.5
2021-08-03 11:19:00-04:00,1312.5,1312.5,1311.75,1312.5,114,62,149582.5
2021-08-03 11:20:00-04:00,1312.5,1312.5,1311.75,1312.0,88,40,115469.25
2021-08-03 11:21:00-04:00,1312.25,1313.0,1311.75,1312.75,92,45,120745.0
2021-08-03 11:22:00-04:00,1312.5,1312.5,1312.0,1312.5,98,40,128605.25
2021-08-03 11:23:00-04:00,1312.25,1312.75,1312.0,1312.0,143,68,187677.25
2021-08-03 11:24:00-04:00,1311.75,1311.75,1311.0,1311.25,108,39,141636.25
2021-08-03 11:25:00-04:00,1311.25,1311.5,1310.75,1310.75,104,45,136355.25
2021-08-03 11:26:00-04:00,1310.75,1311.5,1310.75,1311.5,115,36,150776.5
2021-08-03 11:27:00-04:00,1311.5,1312.5,1311.5,1312.5,143,42,187627.0
2021-08-03 11:28:00-04:00,1312.75,1313.25,1312.25,1312.25,99,49,129967.0
2021-08-03 11:29:00-04:00,1312.0,1312.5,1312.0,1312.25,75,39,98415.25
2021-08-03 11:30:00-04:00,1312.25,1312.25,1310.5,1310.5,70,45,91800.25
2021-08-03 11:31:00-04:00,1310.5,1310.75,1310.0,1310.25,176,67,230632.0
2021-08-03 11:32:00-04:00,1310.25,1311.0,1310.0,1310.0,173,50,226711.5
2021-08-03 11:33:00-04:00,1310.0,1310.75,1309.25,1309.5,739,168,968005.75
2021-08-03 11:34:00-04:00,1309.5,1310.0,1309.0,1309.25,360,89,471340.25
2021-08-03 11:35:00-04:00,1309.25,1309.75,1308.75,1309.75,259,82,339061.5
2021-08-03 11:36:00-04:00,1310.0,1310.75,1309.75,1310.75,244,82,319676.75
2021-08-03 11:37:00-04:00,1310.75,1310.75,1310.0,1310.75,123,44,161174.75
2021-08-03 11:38:00-04:00,1310.75,1311.0,1309.75,1310.0,112,31,146776.75
2021-08-03 11:39:00-04:00,1309.75,1311.75,1309.75,1311.25,343,85,449692.75
2021-08-03 11:40:00-04:00,1311.25,1311.25,1310.75,1310.75,50,21,65551.5
2021-08-03 11:41:00-04:00,1310.75,1311.75,1310.75,1311.75,138,40,180947.5
2021-08-03 11:42:00-04:00,1311.75,1312.5,1311.5,1312.5,237,67,310970.75
2021-08-03 11:43:00-04:00,1312.75,1313.0,1312.25,1312.5,175,71,229719.5
2021-08-03 11:44:00-04:00,1312.5,1313.25,1312.25,1313.25,106,42,139144.5
2021-08-03 11:45:00-04:00,1313.25,1313.5,1312.5,1312.75,99,32,130004.75
2021-08-03 11:46:00-04:00,1312.75,1313.75,1312.0,1313.5,135,44,177245.25
2021-08-03 11:47:00-04:00,1313.25,1313.5,1312.75,1313.0,127,34,166762.25
2021-08-03 11:48:00-04:00,1312.75,1314.0,1312.75,1313.25,103,33,135290.0
2021-08-03 11:49:00-04:00,1313.25,1313.25,1312.25,1312.5,226,46,296665.5
2021-08-03 11:50:00-04:00,1312.5,1312.75,1312.25,1312.75,35,22,45941.5
2021-08-03 11:51:00-04:00,1313.0,1314.25,1312.75,1314.25,209,50,274586.25
2021-08-03 11:52:00-04:00,1314.0,1314.5,1314.0,1314.25,141,55,185287.75
2021-08-03 11:53:00-04:00,1314.0,1314.75,1314.0,1314.75,117,50,153789.5
2021-08-03 11:54:00-04:00,1314.5,1314.75,1314.0,1314.75,104,30,136705.75
2021-08-03 11:55:00-04:00,1315.0,1316.5,1315.0,1316.5,356,72,468345.0
2021-08-03 11:56:00-04:00,1316.75,1317.25,1315.5,1315.5,245,53,322596.5
2021-08-03 11:57:00-04:00,1315.5,1316.0,1315.25,1316.0,86,37,113147.0
2021-08-03 11:58:00-04:00,1315.75,1316.25,1315.5,1315.5,104,48,136858.75
2021-08-03 11:59:00-04:00,1315.75,1315.75,1314.75,1314.75,221,51,290662.5
2021-08-03 12:00:00-04:00,1314.75,1315.25,1314.25,1314.75,103,36,135414.75
2021-08-03 12:01:00-04:00,1315.0,1315.75,1314.5,1315.75,108,30,142031.5
2021-08-03 12:02:00-04:00,1315.75,1317.25,1315.5,1316.5,364,87,479206.5
2021-08-03 12:03:00-04:00,1316.25,1316.5,1316.0,1316.25,112,53,147422.25
2021-08-03 12:04:00-04:00,1316.25,1316.75,1315.75,1316.75,153,70,201362.0
2021-08-03 12:05:00-04:00,1316.75,1318.0,1316.75,1317.75,227,74,299058.0
2021-08-03 12:06:00-04:00,1317.75,1318.5,1317.75,1318.5,210,77,276828.25
2021-08-03 12:07:00-04:00,1318.25,1319.5,1318.25,1319.5,261,81,344249.75
2021-08-03 12:08:00-04:00,1319.25,1319.5,1318.25,1318.25,310,108,408900.75
2021-08-03 12:09:00-04:00,1318.5,1318.5,1317.75,1318.25,117,36,154219.5
2021-08-03 12:10:00-04:00,1318.25,1318.75,1318.25,1318.25,96,25,126562.5
2021-08-03 12:11:00-04:00,1318.5,1318.75,1316.25,1316.5,136,52,179227.0
2021-08-03 12:12:00-04:00,1316.5,1316.75,1315.25,1315.75,206,49,271137.0
2021-08-03 12:13:00-04:00,1316.0,1316.25,1316.0,1316.25,85,34,111867.25
2021-08-03 12:14:00-04:00,1316.25,1316.75,1316.0,1316.25,179,45,235628.75
2021-08-03 12:15:00-04:00,1316.25,1316.5,1316.25,1316.25,77,27,101359.0
2021-08-03 12:16:00-04:00,1316.25,1316.25,1315.25,1315.5,76,25,99986.5
2021-08-03 12:17:00-04:00,1315.25,1315.75,1315.0,1315.25,141,39,185458.25
2021-08-03 12:18:00-04:00,1315.25,1315.5,1315.0,1315.0,64,14,84170.75
2021-08-03 12:19:00-04:00,1314.75,1315.0,1314.25,1314.75,159,49,209022.75
2021-08-03 12:20:00-04:00,1315.0,1315.25,1314.5,1315.25,130,50,170927.0
2021-08-03 12:21:00-04:00,1315.5,1316.25,1315.5,1316.25,38,16,49996.5
2021-08-03 12:22:00-04:00,1316.5,1317.0,1316.25,1316.25,67,20,88223.75
2021-08-03 12:23:00-04:00,1316.25,1318.0,1315.75,1318.0,140,42,184346.0
2021-08-03 12:24:00-04:00,1318.0,1320.5,1317.75,1320.25,510,163,673010.0
2021-08-03 12:25:00-04:00,1320.5,1321.0,1319.75,1320.0,253,78,334059.5
2021-08-03 12:26:00-04:00,1320.5,1322.5,1320.25,1322.0,395,117,521992.5
2021-08-03 12:27:00-04:00,1322.0,1322.5,1321.0,1321.25,227,70,300005.75
2021-08-03 12:28:00-04:00,1321.0,1321.25,1320.75,1321.25,125,49,165122.5
2021-08-03 12:29:00-04:00,1321.25,1322.25,1321.0,1322.0,91,36,120264.0
2021-08-03 12:30:00-04:00,1321.75,1321.75,1321.0,1321.0,75,28,99093.5
2021-08-03 12:31:00-04:00,1321.25,1321.5,1320.0,1320.0,130,30,171682.5
2021-08-03 12:32:00-04:00,1320.0,1320.25,1319.5,1319.75,95,36,125396.5
2021-08-03 12:33:00-04:00,1319.5,1320.0,1319.5,1320.0,73,36,96342.25
2021-08-03 12:34:00-04:00,1320.0,1320.75,1319.25,1319.5,104,37,137251.25
2021-08-03 12:35:00-04:00,1319.5,1320.0,1319.25,1320.0,59,33,77863.0
2021-08-03 12:36:00-04:00,1320.25,1320.5,1319.75,1320.25,80,30,105609.25
2021-08-03 12:37:00-04:00,1320.25,1320.25,1319.5,1319.5,56,30,73915.25
2021-08-03 12:38:00-04:00,1319.75,1319.75,1318.5,1318.75,75,21,98914.75
2021-08-03 12:39:00-04:00,1319.0,1319.5,1319.0,1319.5,48,17,63327.5
2021-08-03 12:40:00-04:00,1319.25,1319.5,1319.0,1319.5,76,28,100263.25
2021-08-03 12:41:00-04:00,1319.5,1319.75,1319.0,1319.0,104,54,137222.0
2021-08-03 12:42:00-04:00,1319.25,1319.25,1317.75,1317.75,81,29,106799.5
2021-08-03 12:43:00-04:00,1318.0,1318.5,1317.5,1318.0,119,55,156841.0
2021-08-03 12:44:00-04:00,1318.0,1318.5,1317.75,1317.75,94,37,123899.5
2021-08-03 12:45:00-04:00,1318.0,1318.75,1317.5,1317.5,61,37,80401.25
2021-08-03 12:46:00-04:00,1317.5,1317.75,1316.75,1317.0,168,73,221287.0
2021-08-03 12:47:00-04:00,1317.0,1317.25,1316.0,1316.25,134,67,176438.25
2021-08-03 12:48:00-04:00,1316.5,1316.5,1316.5,1316.5,34,13,44761.0
2021-08-03 12:49:00-04:00,1316.25,1317.25,1316.25,1316.75,99,26,130375.5
2021-08-03 12:50:00-04:00,1316.75,1317.25,1316.75,1317.0,136,34,179106.5
2021-08-03 12:51:00-04:00,1317.0,1317.0,1316.5,1317.0,43,20,56624.75
2021-08-03 12:52:00-04:00,1317.0,1317.0,1316.75,1316.75,42,14,55310.25
2021-08-03 12:53:00-04:00,1317.0,1317.5,1316.75,1317.5,66,36,86940.75
2021-08-03 12:54:00-04:00,1317.5,1318.5,1317.5,1318.25,64,42,84357.5
2021-08-03 12:55:00-04:00,1318.5,1318.5,1317.75,1317.75,63,25,83031.0
2021-08-03 12:56:00-04:00,1317.75,1317.75,1317.5,1317.5,65,18,85646.5
2021-08-03 12:57:00-04:00,1317.75,1318.0,1317.5,1317.75,61,29,80379.25
2021-08-03 12:58:00-04:00,1318.0,1318.25,1317.5,1317.75,78,20,102798.75
2021-08-03 12:59:00-04:00,1318.0,1318.5,1318.0,1318.0,77,37,101497.5
2021-08-03 13:00:00-04:00,1318.25,1318.25,1317.0,1317.0,149,37,196337.75
2021-08-03 13:01:00-04:00,1317.25,1318.0,1317.25,1318.0,254,54,334724.0
2021-08-03 13:02:00-04:00,1318.25,1318.75,1318.0,1318.75,77,25,101507.25
2021-08-03 13:03:00-04:00,1319.0,1319.0,1318.5,1319.0,174,44,229476.25
2021-08-03 13:04:00-04:00,1319.0,1319.25,1318.75,1318.75,68,33,89687.75
2021-08-03 13:05:00-04:00,1319.0,1319.25,1318.0,1318.25,217,52,286126.0
2021-08-03 13:06:00-04:00,1318.5,1318.5,1318.25,1318.5,114,32,150295.25
2021-08-03 13:07:00-04:00,1318.75,1319.0,1317.75,1318.0,99,49,130509.0
2021-08-03 13:08:00-04:00,1318.0,1318.25,1317.5,1318.25,199,43,262285.25
2021-08-03 13:09:00-04:00,1318.5,1318.75,1318.0,1318.75,58,23,76460.0
2021-08-03 13:10:00-04:00,1318.5,1318.75,1317.75,1317.75,117,46,154239.0
2021-08-03 13:11:00-04:00,1317.75,1318.0,1317.75,1318.0,42,23,55354.5
2021-08-03 13:12:00-04:00,1318.25,1318.5,1318.0,1318.25,92,42,121279.0
2021-08-03 13:13:00-04:00,1318.5,1318.75,1318.25,1318.75,61,30,80430.75
2021-08-03 13:14:00-04:00,1318.75,1319.75,1318.75,1319.5,205,102,270466.75
2021-08-03 13:15:00-04:00,1319.75,1320.0,1319.25,1319.5,233,52,307512.25
2021-08-03 13:16:00-04:00,1319.5,1319.75,1318.75,1318.75,31,13,40898.0
2021-08-03 13:17:00-04:00,1318.5,1318.5,1317.5,1318.0,163,58,214825.0
2021-08-03 13:18:00-04:00,1318.25,1319.0,1318.25,1318.75,88,30,116034.25
2021-08-03 13:19:00-04:00,1318.5,1319.0,1318.5,1318.75,25,15,32965.25
