,CDU1 Curncy,CDU1 Curncy,CDU1 Curncy,CDU1 Curncy,CDU1 Curncy,CDU1 Curncy,CDU1 Curncy
,open,high,low,close,volume,num_trds,value
2021-08-17 18:00:00-04:00,79.195,79.205,79.195,79.2,79,15,6256.745
2021-08-17 18:01:00-04:00,79.205,79.205,79.205,79.205,8,3,633.64
2021-08-17 18:03:00-04:00,79.2,79.2,79.19,79.19,18,10,1425.51
2021-08-17 18:04:00-04:00,79.19,79.19,79.185,79.185,5,5,395.94
2021-08-17 18:05:00-04:00,79.19,79.19,79.19,79.19,1,1,79.19
2021-08-17 18:06:00-04:00,79.195,79.195,79.19,79.19,10,2,791.93
2021-08-17 18:07:00-04:00,79.185,79.19,79.18,79.19,75,9,5938.925
2021-08-17 18:08:00-04:00,79.19,79.19,79.185,79.185,6,4,475.12
2021-08-17 18:09:00-04:00,79.185,79.185,79.185,79.185,14,3,1108.59
2021-08-17 18:10:00-04:00,79.18,79.18,79.18,79.18,4,1,316.72
2021-08-17 18:11:00-04:00,79.18,79.18,79.18,79.18,5,3,395.9
2021-08-17 18:12:00-04:00,79.18,79.185,79.18,79.18,50,6,3959.025
2021-08-17 18:15:00-04:00,79.18,79.18,79.18,79.18,5,2,395.9
2021-08-17 18:18:00-04:00,79.18,79.185,79.18,79.185,16,4,1266.895
2021-08-17 18:22:00-04:00,79.19,79.19,79.185,79.185,22,5,1742.075
2021-08-17 18:23:00-04:00,79.185,79.185,79.18,79.18,5,2,395.905
2021-08-17 18:25:00-04:00,79.18,79.18,79.18,79.18,16,2,1266.88
2021-08-17 18:26:00-04:00,79.18,79.18,79.18,79.18,3,2,237.54
2021-08-17 18:27:00-04:00,79.175,79.18,79.175,79.18,6,2,475.06
2021-08-17 18:28:00-04:00,79.18,79.18,79.18,79.18,1,1,79.18
2021-08-17 18:29:00-04:00,79.18,79.18,79.175,79.18,8,4,633.43
2021-08-17 18:30:00-04:00,79.185,79.195,79.185,79.19,25,6,1979.735
2021-08-17 18:34:00-04:00,79.19,79.19,79.19,79.19,6,1,475.14
2021-08-17 18:36:00-04:00,79.19,79.19,79.19,79.19,1,1,79.19
2021-08-17 18:38:00-04:00,79.185,79.185,79.185,79.185,1,1,79.185
2021-08-17 18:44:00-04:00,79.185,79.185,79.185,79.185,64,6,5067.839
2021-08-17 18:48:00-04:00,79.185,79.185,79.185,79.185,15,4,1187.775
2021-08-17 18:49:00-04:00,79.185,79.185,79.185,79.185,4,1,316.74
2021-08-17 18:51:00-04:00,79.185,79.185,79.185,79.185,11,2,871.035
2021-08-17 18:53:00-04:00,79.185,79.185,79.18,79.18,82,9,6492.955
2021-08-17 18:54:00-04:00,79.18,79.18,79.18,79.18,6,1,475.08
2021-08-17 18:55:00-04:00,79.18,79.18,79.17,79.17,24,5,1900.185
2021-08-17 18:58:00-04:00,79.175,79.19,79.175,79.19,44,7,3484.02
2021-08-17 19:00:00-04:00,79.19,79.195,79.19,79.195,87,15,6889.955
2021-08-17 19:01:00-04:00,79.195,79.205,79.195,79.205,39,8,3088.79
2021-08-17 19:02:00-04:00,79.21,79.21,79.205,79.205,11,5,871.29
2021-08-17 19:03:00-04:00,79.205,79.205,79.205,79.205,7,1,554.435
2021-08-17 19:06:00-04:00,79.195,79.195,79.195,79.195,9,3,712.755
2021-08-17 19:07:00-04:00,79.2,79.2,79.2,79.2,1,1,79.2
2021-08-17 19:08:00-04:00,79.2,79.2,79.2,79.2,4,2,316.8
2021-08-17 19:12:00-04:00,79.205,79.205,79.205,79.205,3,3,237.615
2021-08-17 19:14:00-04:00,79.21,79.21,79.21,79.21,2,2,158.42
2021-08-17 19:15:00-04:00,79.215,79.215,79.215,79.215,2,1,158.43
2021-08-17 19:16:00-04:00,79.205,79.205,79.2,79.2,3,2,237.61
2021-08-17 19:17:00-04:00,79.195,79.195,79.195,79.195,1,1,79.195
2021-08-17 19:18:00-04:00,79.19,79.19,79.19,79.19,2,1,158.38
2021-08-17 19:19:00-04:00,79.19,79.195,79.19,79.195,16,3,1267.115
2021-08-17 19:22:00-04:00,79.2,79.2,79.2,79.2,2,2,158.4
2021-08-17 19:26:00-04:00,79.2,79.2,79.2,79.2,7,2,554.4
2021-08-17 19:30:00-04:00,79.2,79.2,79.2,79.2,1,1,79.2
2021-08-17 19:31:00-04:00,79.2,79.2,79.2,79.2,2,1,158.4
2021-08-17 19:32:00-04:00,79.195,79.195,79.195,79.195,7,1,554.365
2021-08-17 19:33:00-04:00,79.195,79.195,79.195,79.195,1,1,79.195
2021-08-17 19:34:00-04:00,79.19,79.19,79.19,79.19,1,1,79.19
2021-08-17 19:35:00-04:00,79.19,79.19,79.19,79.19,4,2,316.76
2021-08-17 19:36:00-04:00,79.195,79.195,79.195,79.195,2,2,158.39
2021-08-17 19:38:00-04:00,79.195,79.195,79.195,79.195,1,1,79.195
2021-08-17 19:39:00-04:00,79.19,79.195,79.19,79.195,3,3,237.575
2021-08-17 19:40:00-04:00,79.195,79.195,79.195,79.195,1,1,79.195
2021-08-17 19:41:00-04:00,79.195,79.195,79.195,79.195,1,1,79.195
2021-08-17 19:42:00-04:00,79.195,79.195,79.195,79.195,1,1,79.195
2021-08-17 19:43:00-04:00,79.195,79.195,79.195,79.195,7,4,554.365
2021-08-17 19:47:00-04:00,79.195,79.195,79.195,79.195,3,1,237.585
2021-08-17 19:49:00-04:00,79.19,79.19,79.19,79.19,14,6,1108.66
2021-08-17 19:50:00-04:00,79.19,79.19,79.18,79.18,21,7,1662.885
2021-08-17 19:52:00-04:00,79.19,79.19,79.19,79.19,11,3,871.09
2021-08-17 19:54:00-04:00,79.19,79.19,79.19,79.19,1,1,79.19
2021-08-17 19:56:00-04:00,79.19,79.19,79.19,79.19,1,1,79.19
2021-08-17 19:57:00-04:00,79.19,79.19,79.19,79.19,5,2,395.95
2021-08-17 19:58:00-04:00,79.185,79.185,79.185,79.185,3,3,237.555
2021-08-17 19:59:00-04:00,79.19,79.19,79.185,79.185,27,6,2138.12
2021-08-17 20:00:00-04:00,79.19,79.195,79.19,79.19,16,10,1267.075
2021-08-17 20:01:00-04:00,79.19,79.2,79.19,79.2,38,11,3009.335
2021-08-17 20:02:00-04:00,79.2,79.21,79.2,79.2,40,19,3168.135
2021-08-17 20:03:00-04:00,79.2,79.2,79.185,79.185,11,8,871.16
2021-08-17 20:04:00-04:00,79.18,79.19,79.175,79.19,19,12,1504.46
2021-08-17 20:05:00-04:00,79.19,79.195,79.19,79.19,16,10,1267.06
2021-08-17 20:06:00-04:00,79.195,79.2,79.195,79.2,9,6,712.775
2021-08-17 20:07:00-04:00,79.2,79.2,79.2,79.2,2,2,158.4
2021-08-17 20:08:00-04:00,79.2,79.21,79.2,79.21,10,3,792.055
2021-08-17 20:09:00-04:00,79.215,79.22,79.215,79.22,42,8,3327.155
2021-08-17 20:10:00-04:00,79.22,79.22,79.215,79.215,6,2,475.295
2021-08-17 20:11:00-04:00,79.215,79.225,79.215,79.22,10,5,792.195
2021-08-17 20:12:00-04:00,79.215,79.22,79.21,79.215,46,16,3643.93
2021-08-17 20:13:00-04:00,79.21,79.215,79.21,79.215,8,3,633.7
2021-08-17 20:14:00-04:00,79.21,79.22,79.21,79.215,23,10,1821.98
2021-08-17 20:15:00-04:00,79.215,79.22,79.21,79.215,21,11,1663.505
2021-08-17 20:16:00-04:00,79.205,79.205,79.205,79.205,18,7,1425.69
2021-08-17 20:17:00-04:00,79.205,79.205,79.2,79.2,6,3,475.205
2021-08-17 20:18:00-04:00,79.195,79.205,79.195,79.205,10,6,792.015
2021-08-17 20:19:00-04:00,79.21,79.22,79.21,79.215,170,27,13466.38
2021-08-17 20:20:00-04:00,79.215,79.215,79.215,79.215,17,5,1346.655
2021-08-17 20:21:00-04:00,79.215,79.215,79.21,79.21,16,4,1267.365
2021-08-17 20:22:00-04:00,79.215,79.215,79.215,79.215,1,1,79.215
2021-08-17 20:23:00-04:00,79.21,79.21,79.2,79.2,20,3,1584.09
2021-08-17 20:24:00-04:00,79.2,79.205,79.2,79.205,7,4,554.42
2021-08-17 20:25:00-04:00,79.2,79.2,79.2,79.2,2,1,158.4
2021-08-17 20:26:00-04:00,79.205,79.205,79.205,79.205,9,6,712.845
2021-08-17 20:27:00-04:00,79.205,79.205,79.205,79.205,10,3,792.05
2021-08-17 20:28:00-04:00,79.205,79.205,79.205,79.205,19,8,1504.895
2021-08-17 20:29:00-04:00,79.205,79.205,79.205,79.205,2,2,158.41
2021-08-17 20:30:00-04:00,79.205,79.21,79.205,79.21,14,7,1108.875
2021-08-17 20:31:00-04:00,79.205,79.21,79.205,79.205,11,3,871.26
2021-08-17 20:32:00-04:00,79.2,79.2,79.195,79.195,20,5,1583.98
2021-08-17 20:33:00-04:00,79.195,79.2,79.195,79.2,15,7,1187.995
2021-08-17 20:34:00-04:00,79.2,79.205,79.2,79.205,4,2,316.81
2021-08-17 20:35:00-04:00,79.205,79.21,79.205,79.21,11,4,871.3
2021-08-17 20:36:00-04:00,79.21,79.21,79.21,79.21,1,1,79.21
2021-08-17 20:38:00-04:00,79.205,79.205,79.205,79.205,1,1,79.205
2021-08-17 20:39:00-04:00,79.205,79.205,79.205,79.205,3,1,237.615
2021-08-17 20:40:00-04:00,79.205,79.205,79.205,79.205,9,3,712.845
2021-08-17 20:41:00-04:00,79.2,79.2,79.2,79.2,1,1,79.2
2021-08-17 20:42:00-04:00,79.195,79.195,79.195,79.195,2,1,158.39
2021-08-17 20:43:00-04:00,79.195,79.195,79.195,79.195,2,1,158.39
2021-08-17 20:44:00-04:00,79.2,79.2,79.2,79.2,7,2,554.4
2021-08-17 20:45:00-04:00,79.2,79.2,79.195,79.195,11,11,871.165
2021-08-17 20:46:00-04:00,79.195,79.21,79.195,79.205,30,17,2376.11
2021-08-17 20:47:00-04:00,79.2,79.205,79.2,79.2,28,5,2217.605
2021-08-17 20:48:00-04:00,79.195,79.195,79.195,79.195,3,3,237.585
2021-08-17 20:49:00-04:00,79.2,79.2,79.19,79.19,42,16,3325.995
2021-08-17 20:50:00-04:00,79.19,79.19,79.185,79.19,114,23,9027.554
2021-08-17 20:51:00-04:00,79.19,79.195,79.19,79.19,48,18,3801.135
2021-08-17 20:52:00-04:00,79.185,79.185,79.18,79.18,91,24,7205.47
2021-08-17 20:53:00-04:00,79.175,79.18,79.165,79.165,244,50,19317.264
2021-08-17 20:54:00-04:00,79.17,79.17,79.125,79.13,862,196,68219.189
2021-08-17 20:55:00-04:00,79.13,79.145,79.13,79.14,42,11,3323.9
2021-08-17 20:56:00-04:00,79.135,79.135,79.13,79.13,31,10,2453.075
2021-08-17 20:57:00-04:00,79.125,79.125,79.125,79.125,1,1,79.125
2021-08-17 20:58:00-04:00,79.13,79.14,79.13,79.14,27,12,2136.605
2021-08-17 20:59:00-04:00,79.135,79.135,79.135,79.135,25,8,1978.375
2021-08-17 21:00:00-04:00,79.135,79.135,79.115,79.115,57,24,4510.045
2021-08-17 21:01:00-04:00,79.12,79.12,79.115,79.12,41,16,3243.785
2021-08-17 21:02:00-04:00,79.125,79.125,79.12,79.125,18,10,1424.245
2021-08-17 21:03:00-04:00,79.13,79.14,79.13,79.14,30,14,2374.07
2021-08-17 21:04:00-04:00,79.14,79.155,79.14,79.155,42,12,3324.14
2021-08-17 21:05:00-04:00,79.16,79.165,79.16,79.16,27,8,2137.325
2021-08-17 21:06:00-04:00,79.16,79.16,79.155,79.155,11,5,870.74
2021-08-17 21:07:00-04:00,79.155,79.155,79.155,79.155,4,2,316.62
2021-08-17 21:08:00-04:00,79.155,79.155,79.15,79.15,27,5,2137.17
2021-08-17 21:09:00-04:00,79.15,79.155,79.145,79.145,21,7,1662.175
2021-08-17 21:10:00-04:00,79.15,79.15,79.15,79.15,9,1,712.35
2021-08-17 21:11:00-04:00,79.155,79.165,79.155,79.165,16,5,1266.52
2021-08-17 21:12:00-04:00,79.165,79.165,79.165,79.165,9,9,712.485
2021-08-17 21:13:00-04:00,79.17,79.175,79.17,79.17,20,11,1583.44
2021-08-17 21:14:00-04:00,79.175,79.175,79.17,79.175,21,10,1662.66
2021-08-17 21:15:00-04:00,79.18,79.19,79.18,79.185,25,12,1979.6
2021-08-17 21:16:00-04:00,79.185,79.195,79.185,79.195,13,8,1029.485
2021-08-17 21:17:00-04:00,79.19,79.19,79.185,79.19,5,4,395.935
2021-08-17 21:18:00-04:00,79.19,79.19,79.18,79.18,14,5,1108.55
2021-08-17 21:19:00-04:00,79.18,79.185,79.17,79.17,26,9,2058.61
2021-08-17 21:20:00-04:00,79.165,79.17,79.165,79.17,3,3,237.505
2021-08-17 21:21:00-04:00,79.17,79.17,79.17,79.17,5,4,395.85
2021-08-17 21:22:00-04:00,79.17,79.175,79.17,79.175,3,2,237.52
2021-08-17 21:23:00-04:00,79.18,79.18,79.175,79.175,7,5,554.23
2021-08-17 21:24:00-04:00,79.175,79.175,79.175,79.175,9,4,712.575
2021-08-17 21:25:00-04:00,79.18,79.18,79.18,79.18,3,2,237.54
2021-08-17 21:26:00-04:00,79.18,79.18,79.18,79.18,2,1,158.36
2021-08-17 21:27:00-04:00,79.18,79.195,79.18,79.195,4,4,316.755
2021-08-17 21:28:00-04:00,79.19,79.19,79.185,79.185,5,4,395.935
2021-08-17 21:29:00-04:00,79.185,79.185,79.17,79.175,39,16,3087.83
2021-08-17 21:30:00-04:00,79.175,79.18,79.175,79.18,20,6,1583.56
2021-08-17 21:31:00-04:00,79.18,79.185,79.18,79.185,5,3,395.905
2021-08-17 21:32:00-04:00,79.19,79.19,79.19,79.19,20,7,1583.8
2021-08-17 21:33:00-04:00,79.19,79.19,79.185,79.185,4,3,316.75
2021-08-17 21:34:00-04:00,79.185,79.19,79.185,79.185,19,7,1504.52
2021-08-17 21:35:00-04:00,79.18,79.18,79.18,79.18,1,1,79.18
2021-08-17 21:36:00-04:00,79.17,79.175,79.17,79.175,12,4,950.055
2021-08-17 21:38:00-04:00,79.17,79.17,79.17,79.17,2,1,158.34
2021-08-17 21:39:00-04:00,79.17,79.17,79.17,79.17,11,3,870.87
2021-08-17 21:40:00-04:00,79.17,79.17,79.155,79.155,6,4,474.97
2021-08-17 21:41:00-04:00,79.165,79.165,79.16,79.16,2,2,158.325
2021-08-17 21:42:00-04:00,79.165,79.17,79.165,79.17,12,3,950.015
2021-08-17 21:43:00-04:00,79.17,79.17,79.165,79.165,20,5,1583.345
2021-08-17 21:44:00-04:00,79.16,79.165,79.16,79.16,14,7,1108.26
2021-08-17 21:46:00-04:00,79.165,79.165,79.165,79.165,6,4,474.99
2021-08-17 21:47:00-04:00,79.17,79.17,79.17,79.17,7,5,554.19
2021-08-17 21:48:00-04:00,79.175,79.18,79.175,79.18,9,5,712.59
2021-08-17 21:49:00-04:00,79.18,79.18,79.18,79.18,23,5,1821.14
2021-08-17 21:50:00-04:00,79.18,79.18,79.175,79.18,32,6,2533.74
2021-08-17 21:51:00-04:00,79.18,79.185,79.18,79.185,13,5,1029.4
2021-08-17 21:52:00-04:00,79.185,79.195,79.185,79.195,37,8,2930.125
2021-08-17 21:53:00-04:00,79.19,79.195,79.19,79.195,12,5,950.335
2021-08-17 21:54:00-04:00,79.195,79.195,79.19,79.19,43,11,3405.34
2021-08-17 21:55:00-04:00,79.185,79.185,79.185,79.185,1,1,79.185
2021-08-17 21:56:00-04:00,79.185,79.195,79.185,79.19,135,23,10690.669
2021-08-17 21:57:00-04:00,79.19,79.19,79.19,79.19,1,1,79.19
2021-08-17 21:58:00-04:00,79.19,79.19,79.185,79.185,2,2,158.375
2021-08-17 21:59:00-04:00,79.19,79.195,79.19,79.195,24,10,1900.62
2021-08-17 22:00:00-04:00,79.195,79.195,79.1,79.14,821,221,64984.314
2021-08-17 22:01:00-04:00,79.14,79.155,79.13,79.13,150,37,11871.42
2021-08-17 22:02:00-04:00,79.13,79.14,79.125,79.135,28,16,2215.71
2021-08-17 22:03:00-04:00,79.13,79.14,79.125,79.14,9,5,712.16
2021-08-17 22:04:00-04:00,79.135,79.155,79.13,79.155,63,25,4985.755
2021-08-17 22:05:00-04:00,79.15,79.165,79.145,79.165,28,8,2216.32
2021-08-17 22:06:00-04:00,79.155,79.165,79.155,79.165,30,12,2374.785
2021-08-17 22:07:00-04:00,79.165,79.19,79.165,79.19,55,16,4354.875
2021-08-17 22:08:00-04:00,79.185,79.205,79.185,79.205,77,27,6098.065
2021-08-17 22:09:00-04:00,79.2,79.2,79.195,79.195,54,23,4276.64
2021-08-17 22:10:00-04:00,79.2,79.2,79.19,79.19,47,13,3722.26
2021-08-17 22:11:00-04:00,79.195,79.215,79.195,79.21,80,19,6336.89
2021-08-17 22:12:00-04:00,79.205,79.21,79.205,79.21,20,10,1584.185
2021-08-17 22:13:00-04:00,79.21,79.215,79.205,79.21,21,9,1663.42
2021-08-17 22:14:00-04:00,79.21,79.21,79.21,79.21,5,4,396.05
2021-08-17 22:16:00-04:00,79.22,79.225,79.22,79.225,104,28,8239.304
2021-08-17 22:17:00-04:00,79.22,79.22,79.215,79.215,24,13,1901.23
2021-08-17 22:18:00-04:00,79.215,79.215,79.21,79.21,6,2,475.275
2021-08-17 22:19:00-04:00,79.215,79.215,79.215,79.215,3,1,237.645
2021-08-17 22:20:00-04:00,79.22,79.22,79.22,79.22,1,1,79.22
2021-08-17 22:21:00-04:00,79.22,79.225,79.22,79.22,12,7,950.66
2021-08-17 22:22:00-04:00,79.22,79.225,79.22,79.225,3,2,237.67
2021-08-17 22:23:00-04:00,79.23,79.235,79.23,79.235,14,9,1109.28
2021-08-17 22:24:00-04:00,79.235,79.235,79.235,79.235,28,9,2218.58
2021-08-17 22:25:00-04:00,79.235,79.24,79.235,79.24,11,8,871.635
2021-08-17 22:26:00-04:00,79.245,79.25,79.245,79.245,21,14,1664.16
2021-08-17 22:27:00-04:00,79.25,79.25,79.25,79.25,18,8,1426.5
2021-08-17 22:28:00-04:00,79.255,79.26,79.25,79.25,28,15,2219.105
2021-08-17 22:29:00-04:00,79.25,79.25,79.245,79.245,14,7,1109.485
2021-08-17 22:30:00-04:00,79.24,79.255,79.24,79.25,36,12,2852.985
2021-08-17 22:31:00-04:00,79.245,79.245,79.24,79.24,11,4,871.69
2021-08-17 22:33:00-04:00,79.24,79.24,79.24,79.24,13,6,1030.12
2021-08-17 22:34:00-04:00,79.25,79.25,79.24,79.24,7,3,554.705
2021-08-17 22:35:00-04:00,79.235,79.24,79.23,79.23,12,5,950.815
2021-08-17 22:36:00-04:00,79.235,79.235,79.235,79.235,6,1,475.41
2021-08-17 22:37:00-04:00,79.23,79.235,79.23,79.235,3,2,237.7
2021-08-17 22:38:00-04:00,79.235,79.235,79.235,79.235,2,1,158.47
2021-08-17 22:40:00-04:00,79.24,79.24,79.24,79.24,9,2,713.16
2021-08-17 22:41:00-04:00,79.24,79.24,79.235,79.235,5,4,396.185
2021-08-17 22:44:00-04:00,79.23,79.23,79.23,79.23,4,3,316.92
2021-08-17 22:45:00-04:00,79.23,79.24,79.23,79.24,14,6,1109.305
2021-08-17 22:46:00-04:00,79.24,79.24,79.235,79.24,26,10,2060.14
2021-08-17 22:47:00-04:00,79.24,79.245,79.24,79.245,9,6,713.19
2021-08-17 22:48:00-04:00,79.245,79.245,79.245,79.245,7,1,554.715
2021-08-17 22:49:00-04:00,79.24,79.24,79.24,79.24,2,1,158.48
2021-08-17 22:50:00-04:00,79.24,79.24,79.235,79.235,21,9,1663.95
2021-08-17 22:51:00-04:00,79.235,79.235,79.235,79.235,26,11,2060.11
2021-08-17 22:52:00-04:00,79.24,79.25,79.24,79.25,76,23,6022.575
2021-08-17 22:54:00-04:00,79.25,79.25,79.25,79.25,24,4,1902.0
2021-08-17 22:55:00-04:00,79.25,79.25,79.25,79.25,1,1,79.25
2021-08-17 22:56:00-04:00,79.245,79.25,79.24,79.24,35,11,2773.53
2021-08-17 22:57:00-04:00,79.245,79.25,79.245,79.25,14,4,1109.475
2021-08-17 22:58:00-04:00,79.25,79.255,79.25,79.255,22,3,1743.6
2021-08-17 23:00:00-04:00,79.255,79.255,79.255,79.255,12,4,951.06
2021-08-17 23:01:00-04:00,79.26,79.26,79.26,79.26,8,3,634.08
2021-08-17 23:02:00-04:00,79.265,79.265,79.265,79.265,4,2,317.06
2021-08-17 23:03:00-04:00,79.265,79.265,79.26,79.26,8,3,634.095
2021-08-17 23:04:00-04:00,79.26,79.26,79.26,79.26,1,1,79.26
2021-08-17 23:05:00-04:00,79.26,79.26,79.255,79.255,7,5,554.805
2021-08-17 23:07:00-04:00,79.255,79.26,79.255,79.26,5,5,396.295
2021-08-17 23:08:00-04:00,79.265,79.27,79.265,79.27,55,12,4359.735
2021-08-17 23:09:00-04:00,79.27,79.275,79.27,79.275,40,11,3170.905
2021-08-17 23:10:00-04:00,79.275,79.275,79.275,79.275,19,11,1506.225
2021-08-17 23:11:00-04:00,79.28,79.29,79.275,79.28,56,11,4439.73
2021-08-17 23:12:00-04:00,79.28,79.285,79.28,79.285,34,10,2695.68
2021-08-17 23:13:00-04:00,79.28,79.285,79.28,79.285,10,5,792.84
2021-08-17 23:14:00-04:00,79.28,79.285,79.28,79.28,11,6,872.09
2021-08-17 23:15:00-04:00,79.275,79.28,79.275,79.28,37,11,2933.22
2021-08-17 23:16:00-04:00,79.285,79.285,79.285,79.285,1,1,79.285
2021-08-17 23:17:00-04:00,79.29,79.29,79.285,79.285,7,2,555.005
2021-08-17 23:18:00-04:00,79.28,79.28,79.28,79.28,7,4,554.96
2021-08-17 23:19:00-04:00,79.275,79.28,79.275,79.28,15,3,1189.16
2021-08-17 23:20:00-04:00,79.28,79.28,79.275,79.275,7,2,554.93
2021-08-17 23:21:00-04:00,79.275,79.28,79.275,79.28,15,8,1189.15
2021-08-17 23:22:00-04:00,79.28,79.28,79.275,79.275,28,5,2219.71
2021-08-17 23:23:00-04:00,79.275,79.28,79.275,79.28,11,4,872.075
2021-08-17 23:24:00-04:00,79.275,79.275,79.275,79.275,11,2,872.025
2021-08-17 23:26:00-04:00,79.27,79.27,79.265,79.265,122,26,9670.67
2021-08-17 23:27:00-04:00,79.27,79.275,79.27,79.275,27,7,2140.4
2021-08-17 23:28:00-04:00,79.275,79.28,79.275,79.28,2,2,158.555
2021-08-17 23:30:00-04:00,79.28,79.285,79.28,79.285,59,13,4677.72
2021-08-17 23:31:00-04:00,79.285,79.285,79.285,79.285,12,3,951.42
2021-08-17 23:32:00-04:00,79.285,79.285,79.285,79.285,2,1,158.57
2021-08-17 23:33:00-04:00,79.28,79.28,79.28,79.28,5,2,396.4
2021-08-17 23:34:00-04:00,79.285,79.29,79.285,79.29,15,4,1189.28
2021-08-17 23:35:00-04:00,79.285,79.285,79.285,79.285,6,4,475.71
2021-08-17 23:36:00-04:00,79.285,79.285,79.285,79.285,1,1,79.285
2021-08-17 23:37:00-04:00,79.285,79.285,79.285,79.285,7,3,554.995
2021-08-17 23:40:00-04:00,79.285,79.285,79.285,79.285,2,2,158.57
2021-08-17 23:41:00-04:00,79.29,79.295,79.29,79.295,129,7,10229.03
2021-08-17 23:42:00-04:00,79.295,79.295,79.295,79.295,25,5,1982.375
2021-08-17 23:43:00-04:00,79.29,79.29,79.285,79.29,29,9,2299.38
2021-08-17 23:45:00-04:00,79.29,79.29,79.285,79.285,27,7,2140.735
2021-08-17 23:46:00-04:00,79.28,79.28,79.275,79.28,28,9,2219.795
2021-08-17 23:48:00-04:00,79.28,79.28,79.28,79.28,11,2,872.08
2021-08-17 23:49:00-04:00,79.285,79.285,79.285,79.285,7,2,554.995
2021-08-17 23:51:00-04:00,79.29,79.29,79.285,79.285,30,4,2378.56
2021-08-17 23:53:00-04:00,79.29,79.29,79.29,79.29,7,4,555.03
2021-08-17 23:55:00-04:00,79.295,79.295,79.29,79.29,4,3,317.165
2021-08-17 23:56:00-04:00,79.285,79.285,79.28,79.28,9,4,713.545
2021-08-17 23:58:00-04:00,79.275,79.275,79.275,79.275,42,7,3329.55
2021-08-17 23:59:00-04:00,79.275,79.275,79.27,79.27,5,3,396.37
2021-08-18 00:00:00-04:00,79.28,79.28,79.275,79.275,2,2,158.555
2021-08-18 00:01:00-04:00,79.275,79.28,79.275,79.28,2,2,158.555
2021-08-18 00:04:00-04:00,79.285,79.285,79.275,79.275,21,5,1664.865
2021-08-18 00:05:00-04:00,79.275,79.275,79.275,79.275,4,2,317.1
2021-08-18 00:08:00-04:00,79.275,79.275,79.27,79.27,2,2,158.545
2021-08-18 00:09:00-04:00,79.275,79.275,79.27,79.27,2,2,158.545
2021-08-18 00:11:00-04:00,79.27,79.28,79.27,79.28,7,4,554.95
2021-08-18 00:13:00-04:00,79.28,79.28,79.28,79.28,10,1,792.8
2021-08-18 00:14:00-04:00,79.285,79.285,79.285,79.285,10,5,792.85
2021-08-18 00:15:00-04:00,79.29,79.29,79.29,79.29,2,1,158.58
2021-08-18 00:16:00-04:00,79.29,79.29,79.29,79.29,1,1,79.29
2021-08-18 00:17:00-04:00,79.285,79.285,79.285,79.285,1,1,79.285
2021-08-18 00:18:00-04:00,79.285,79.285,79.285,79.285,11,5,872.135
2021-08-18 00:19:00-04:00,79.285,79.285,79.285,79.285,1,1,79.285
2021-08-18 00:21:00-04:00,79.29,79.29,79.29,79.29,1,1,79.29
2021-08-18 00:23:00-04:00,79.29,79.29,79.29,79.29,6,5,475.74
2021-08-18 00:24:00-04:00,79.29,79.29,79.29,79.29,1,1,79.29
2021-08-18 00:25:00-04:00,79.285,79.285,79.285,79.285,2,2,158.57
2021-08-18 00:26:00-04:00,79.285,79.285,79.285,79.285,6,2,475.71
2021-08-18 00:28:00-04:00,79.29,79.29,79.29,79.29,10,3,792.9
2021-08-18 00:29:00-04:00,79.29,79.29,79.29,79.29,1,1,79.29
2021-08-18 00:31:00-04:00,79.295,79.305,79.295,79.3,217,25,17208.6
2021-08-18 00:32:00-04:00,79.3,79.305,79.295,79.3,16,7,1268.82
2021-08-18 00:33:00-04:00,79.295,79.295,79.295,79.295,8,3,634.36
2021-08-18 00:35:00-04:00,79.285,79.285,79.285,79.285,1,1,79.285
2021-08-18 00:37:00-04:00,79.285,79.285,79.285,79.285,1,1,79.285
2021-08-18 00:38:00-04:00,79.28,79.28,79.27,79.275,64,17,5073.76
2021-08-18 00:39:00-04:00,79.275,79.275,79.275,79.275,3,1,237.825
2021-08-18 00:40:00-04:00,79.275,79.275,79.275,79.275,2,2,158.55
2021-08-18 00:41:00-04:00,79.27,79.275,79.27,79.275,46,7,3646.445
2021-08-18 00:44:00-04:00,79.265,79.265,79.265,79.265,5,4,396.325
2021-08-18 00:45:00-04:00,79.265,79.265,79.26,79.26,6,5,475.575
2021-08-18 00:47:00-04:00,79.26,79.265,79.26,79.265,15,3,1188.905
2021-08-18 00:48:00-04:00,79.265,79.27,79.265,79.27,9,3,713.41
2021-08-18 00:50:00-04:00,79.26,79.26,79.26,79.26,1,1,79.26
2021-08-18 00:53:00-04:00,79.265,79.265,79.265,79.265,2,1,158.53
2021-08-18 00:55:00-04:00,79.26,79.26,79.26,79.26,1,1,79.26
2021-08-18 00:56:00-04:00,79.265,79.275,79.265,79.275,19,6,1506.14
2021-08-18 00:57:00-04:00,79.275,79.285,79.275,79.28,27,11,2140.545
2021-08-18 00:58:00-04:00,79.285,79.285,79.28,79.28,12,3,951.415
2021-08-18 01:00:00-04:00,79.285,79.285,79.285,79.285,69,9,5470.665
2021-08-18 01:01:00-04:00,79.285,79.285,79.285,79.285,22,4,1744.27
2021-08-18 01:02:00-04:00,79.285,79.29,79.285,79.29,11,3,872.15
2021-08-18 01:03:00-04:00,79.285,79.285,79.285,79.285,1,1,79.285
2021-08-18 01:04:00-04:00,79.285,79.285,79.28,79.28,11,4,872.125
2021-08-18 01:06:00-04:00,79.285,79.285,79.28,79.28,9,6,713.56
2021-08-18 01:08:00-04:00,79.29,79.29,79.285,79.285,28,5,2220.055
2021-08-18 01:10:00-04:00,79.285,79.285,79.285,79.285,2,1,158.57
2021-08-18 01:11:00-04:00,79.29,79.29,79.29,79.29,2,2,158.58
2021-08-18 01:13:00-04:00,79.29,79.295,79.29,79.29,17,7,1347.955
2021-08-18 01:14:00-04:00,79.295,79.295,79.295,79.295,3,2,237.885
2021-08-18 01:15:00-04:00,79.29,79.29,79.29,79.29,39,12,3092.31
2021-08-18 01:18:00-04:00,79.29,79.29,79.285,79.285,57,9,4519.51
2021-08-18 01:19:00-04:00,79.28,79.28,79.28,79.28,1,1,79.28
2021-08-18 01:20:00-04:00,79.285,79.285,79.285,79.285,7,3,554.995
2021-08-18 01:21:00-04:00,79.285,79.285,79.285,79.285,6,5,475.71
2021-08-18 01:22:00-04:00,79.285,79.285,79.285,79.285,52,4,4122.82
2021-08-18 01:23:00-04:00,79.285,79.285,79.285,79.285,2,1,158.57
2021-08-18 01:27:00-04:00,79.29,79.29,79.29,79.29,1,1,79.29
2021-08-18 01:28:00-04:00,79.285,79.29,79.285,79.29,17,6,1347.88
2021-08-18 01:29:00-04:00,79.285,79.285,79.285,79.285,6,3,475.71
2021-08-18 01:30:00-04:00,79.285,79.285,79.285,79.285,8,2,634.28
2021-08-18 01:31:00-04:00,79.28,79.28,79.28,79.28,4,4,317.12
2021-08-18 01:32:00-04:00,79.28,79.28,79.28,79.28,5,4,396.4
2021-08-18 01:33:00-04:00,79.28,79.28,79.275,79.275,11,5,872.055
2021-08-18 01:34:00-04:00,79.275,79.28,79.275,79.28,5,3,396.395
2021-08-18 01:35:00-04:00,79.285,79.29,79.285,79.29,6,3,475.73
2021-08-18 01:36:00-04:00,79.285,79.285,79.285,79.285,9,2,713.565
2021-08-18 01:37:00-04:00,79.285,79.285,79.285,79.285,3,2,237.855
2021-08-18 01:40:00-04:00,79.285,79.285,79.285,79.285,10,2,792.85
2021-08-18 01:41:00-04:00,79.29,79.29,79.29,79.29,8,2,634.32
2021-08-18 01:43:00-04:00,79.285,79.29,79.285,79.285,20,7,1585.71
2021-08-18 01:44:00-04:00,79.28,79.28,79.275,79.28,24,7,1902.715
2021-08-18 01:45:00-04:00,79.275,79.275,79.27,79.27,7,2,554.895
2021-08-18 01:46:00-04:00,79.27,79.27,79.27,79.27,2,2,158.54
2021-08-18 01:47:00-04:00,79.265,79.265,79.265,79.265,9,1,713.385
2021-08-18 01:48:00-04:00,79.26,79.265,79.26,79.265,65,4,5151.915
2021-08-18 01:51:00-04:00,79.265,79.265,79.26,79.265,24,9,1902.28
2021-08-18 01:52:00-04:00,79.26,79.26,79.26,79.26,11,4,871.86
2021-08-18 01:53:00-04:00,79.26,79.26,79.26,79.26,16,3,1268.16
2021-08-18 01:54:00-04:00,79.265,79.265,79.265,79.265,11,1,871.915
2021-08-18 01:55:00-04:00,79.265,79.265,79.265,79.265,13,5,1030.445
2021-08-18 01:56:00-04:00,79.26,79.265,79.26,79.265,5,5,396.32
2021-08-18 01:58:00-04:00,79.27,79.27,79.27,79.27,1,1,79.27
2021-08-18 01:59:00-04:00,79.27,79.275,79.27,79.275,44,14,3487.895
2021-08-18 02:00:00-04:00,79.28,79.285,79.27,79.275,130,47,10306.281
2021-08-18 02:01:00-04:00,79.28,79.29,79.28,79.29,52,16,4122.715
2021-08-18 02:02:00-04:00,79.285,79.285,79.28,79.28,43,18,3409.06
2021-08-18 02:03:00-04:00,79.28,79.285,79.28,79.28,75,13,5946.11
2021-08-18 02:04:00-04:00,79.28,79.28,79.275,79.275,24,6,1902.64
2021-08-18 02:05:00-04:00,79.27,79.27,79.265,79.27,30,12,2378.03
2021-08-18 02:06:00-04:00,79.27,79.275,79.27,79.275,18,5,1426.9
2021-08-18 02:07:00-04:00,79.28,79.29,79.28,79.29,28,10,2219.96
2021-08-18 02:08:00-04:00,79.285,79.29,79.285,79.29,67,12,5312.385
2021-08-18 02:09:00-04:00,79.29,79.29,79.28,79.28,23,7,1823.58
2021-08-18 02:10:00-04:00,79.28,79.28,79.28,79.28,1,1,79.28
2021-08-18 02:11:00-04:00,79.285,79.29,79.285,79.29,17,6,1347.85
2021-08-18 02:12:00-04:00,79.29,79.29,79.29,79.29,16,9,1268.64
2021-08-18 02:13:00-04:00,79.29,79.29,79.285,79.285,19,4,1506.485
2021-08-18 02:14:00-04:00,79.28,79.285,79.28,79.28,16,6,1268.495
2021-08-18 02:15:00-04:00,79.275,79.275,79.275,79.275,11,3,872.025
2021-08-18 02:16:00-04:00,79.28,79.28,79.275,79.28,34,12,2695.48
2021-08-18 02:17:00-04:00,79.285,79.295,79.28,79.295,79,17,6263.845
2021-08-18 02:18:00-04:00,79.295,79.3,79.295,79.3,72,12,5709.555
2021-08-18 02:19:00-04:00,79.3,79.3,79.3,79.3,6,4,475.8
2021-08-18 02:20:00-04:00,79.305,79.305,79.305,79.305,22,3,1744.71
2021-08-18 02:21:00-04:00,79.305,79.31,79.3,79.305,63,18,4996.215
2021-08-18 02:22:00-04:00,79.305,79.305,79.305,79.305,21,6,1665.405
2021-08-18 02:23:00-04:00,79.3,79.305,79.3,79.305,22,5,1744.66
2021-08-18 02:24:00-04:00,79.305,79.305,79.305,79.305,14,8,1110.27
2021-08-18 02:26:00-04:00,79.305,79.31,79.305,79.305,12,9,951.675
2021-08-18 02:27:00-04:00,79.31,79.315,79.31,79.31,116,20,9200.1
2021-08-18 02:28:00-04:00,79.31,79.31,79.31,79.31,10,2,793.1
2021-08-18 02:29:00-04:00,79.305,79.305,79.305,79.305,4,3,317.22
2021-08-18 02:30:00-04:00,79.305,79.315,79.305,79.315,59,11,4679.39
2021-08-18 02:31:00-04:00,79.31,79.31,79.31,79.31,17,2,1348.27
2021-08-18 02:32:00-04:00,79.31,79.315,79.31,79.31,21,7,1665.595
2021-08-18 02:33:00-04:00,79.315,79.315,79.31,79.31,13,7,1031.075
2021-08-18 02:34:00-04:00,79.31,79.31,79.3,79.3,18,5,1427.565
2021-08-18 02:35:00-04:00,79.305,79.305,79.295,79.3,41,11,3251.28
2021-08-18 02:36:00-04:00,79.3,79.305,79.295,79.305,15,10,1189.51
2021-08-18 02:37:00-04:00,79.3,79.3,79.3,79.3,10,2,793.0
2021-08-18 02:38:00-04:00,79.3,79.3,79.3,79.3,5,1,396.5
2021-08-18 02:39:00-04:00,79.3,79.3,79.3,79.3,1,1,79.3
2021-08-18 02:40:00-04:00,79.305,79.305,79.305,79.305,7,3,555.135
2021-08-18 02:41:00-04:00,79.305,79.305,79.3,79.3,5,3,396.515
2021-08-18 02:43:00-04:00,79.305,79.305,79.305,79.305,8,3,634.44
2021-08-18 02:44:00-04:00,79.305,79.305,79.305,79.305,5,3,396.525
2021-08-18 02:45:00-04:00,79.31,79.315,79.31,79.315,5,3,396.555
2021-08-18 02:46:00-04:00,79.31,79.31,79.31,79.31,1,1,79.31
2021-08-18 02:47:00-04:00,79.315,79.315,79.315,79.315,5,4,396.575
2021-08-18 02:48:00-04:00,79.315,79.315,79.315,79.315,11,7,872.465
2021-08-18 02:49:00-04:00,79.315,79.32,79.315,79.32,23,14,1824.285
2021-08-18 02:50:00-04:00,79.32,79.32,79.315,79.315,10,5,793.165
2021-08-18 02:51:00-04:00,79.32,79.32,79.315,79.315,4,4,317.265
2021-08-18 02:53:00-04:00,79.32,79.325,79.32,79.325,124,32,9836.116
2021-08-18 02:54:00-04:00,79.33,79.33,79.325,79.325,20,4,1586.545
2021-08-18 02:55:00-04:00,79.325,79.325,79.305,79.305,45,9,3569.14
2021-08-18 02:56:00-04:00,79.31,79.31,79.31,79.31,2,1,158.62
2021-08-18 02:57:00-04:00,79.31,79.315,79.31,79.31,21,6,1665.52
2021-08-18 02:58:00-04:00,79.31,79.31,79.31,79.31,10,8,793.1
2021-08-18 02:59:00-04:00,79.31,79.31,79.3,79.305,61,24,4837.61
2021-08-18 03:00:00-04:00,79.31,79.32,79.305,79.32,196,63,15545.296
2021-08-18 03:01:00-04:00,79.32,79.335,79.32,79.32,204,41,16182.73
2021-08-18 03:02:00-04:00,79.315,79.32,79.31,79.31,55,28,4362.265
2021-08-18 03:03:00-04:00,79.31,79.32,79.31,79.32,27,12,2141.48
2021-08-18 03:04:00-04:00,79.32,79.32,79.315,79.315,14,8,1110.47
2021-08-18 03:05:00-04:00,79.315,79.315,79.315,79.315,19,6,1506.985
2021-08-18 03:06:00-04:00,79.31,79.31,79.3,79.31,72,17,5709.945
2021-08-18 03:07:00-04:00,79.31,79.31,79.3,79.31,22,10,1744.74
2021-08-18 03:08:00-04:00,79.31,79.31,79.3,79.3,30,13,2379.08
2021-08-18 03:09:00-04:00,79.305,79.305,79.305,79.305,24,6,1903.32
2021-08-18 03:10:00-04:00,79.305,79.315,79.305,79.315,94,14,7455.195
2021-08-18 03:11:00-04:00,79.32,79.335,79.32,79.325,25,10,1983.125
2021-08-18 03:12:00-04:00,79.32,79.32,79.31,79.31,46,16,3648.43
2021-08-18 03:13:00-04:00,79.305,79.305,79.3,79.305,48,17,3806.605
2021-08-18 03:14:00-04:00,79.305,79.305,79.3,79.305,94,23,7454.44
2021-08-18 03:15:00-04:00,79.305,79.305,79.275,79.275,304,56,24103.68
2021-08-18 03:16:00-04:00,79.27,79.27,79.255,79.26,330,63,26156.589
2021-08-18 03:17:00-04:00,79.26,79.28,79.26,79.275,22,14,1743.9
2021-08-18 03:18:00-04:00,79.28,79.28,79.27,79.28,50,26,3963.795
2021-08-18 03:19:00-04:00,79.28,79.285,79.28,79.285,13,11,1030.685
2021-08-18 03:20:00-04:00,79.28,79.29,79.28,79.29,38,11,3012.735
2021-08-18 03:21:00-04:00,79.29,79.29,79.28,79.28,70,19,5550.14
2021-08-18 03:22:00-04:00,79.28,79.285,79.275,79.285,36,11,2854.035
2021-08-18 03:23:00-04:00,79.285,79.29,79.28,79.29,69,31,5470.725
2021-08-18 03:24:00-04:00,79.29,79.29,79.29,79.29,21,12,1665.09
2021-08-18 03:25:00-04:00,79.285,79.285,79.28,79.28,55,21,4360.515
2021-08-18 03:26:00-04:00,79.28,79.28,79.28,79.28,20,11,1585.6
2021-08-18 03:27:00-04:00,79.28,79.28,79.275,79.275,18,7,1426.955
2021-08-18 03:28:00-04:00,79.28,79.3,79.28,79.3,19,11,1506.46
2021-08-18 03:29:00-04:00,79.3,79.3,79.3,79.3,29,12,2299.7
2021-08-18 03:30:00-04:00,79.295,79.295,79.29,79.29,23,13,1823.7
2021-08-18 03:31:00-04:00,79.29,79.29,79.28,79.285,14,7,1109.99
2021-08-18 03:32:00-04:00,79.285,79.285,79.275,79.285,71,27,5628.86
2021-08-18 03:33:00-04:00,79.285,79.285,79.28,79.28,5,4,396.42
2021-08-18 03:34:00-04:00,79.28,79.285,79.28,79.28,52,6,4122.75
2021-08-18 03:35:00-04:00,79.28,79.28,79.28,79.28,14,9,1109.92
2021-08-18 03:36:00-04:00,79.28,79.28,79.275,79.28,16,12,1268.47
2021-08-18 03:37:00-04:00,79.275,79.275,79.265,79.275,25,16,1981.76
2021-08-18 03:38:00-04:00,79.275,79.28,79.275,79.28,31,9,2457.625
2021-08-18 03:39:00-04:00,79.285,79.29,79.285,79.29,19,7,1506.46
2021-08-18 03:40:00-04:00,79.29,79.295,79.29,79.29,24,13,1903.01
2021-08-18 03:41:00-04:00,79.29,79.29,79.28,79.28,17,8,1347.83
2021-08-18 03:42:00-04:00,79.28,79.28,79.275,79.28,43,15,3408.865
2021-08-18 03:43:00-04:00,79.28,79.28,79.265,79.275,43,23,3408.7
2021-08-18 03:44:00-04:00,79.275,79.28,79.275,79.28,15,9,1189.17
2021-08-18 03:45:00-04:00,79.285,79.285,79.275,79.275,18,6,1427.04
2021-08-18 03:46:00-04:00,79.275,79.275,79.27,79.27,11,5,871.985
2021-08-18 03:47:00-04:00,79.27,79.275,79.265,79.27,22,12,1743.95
2021-08-18 03:48:00-04:00,79.265,79.265,79.265,79.265,7,2,554.855
2021-08-18 03:49:00-04:00,79.265,79.265,79.26,79.26,14,10,1109.685
2021-08-18 03:50:00-04:00,79.26,79.265,79.255,79.265,45,17,3566.71
2021-08-18 03:51:00-04:00,79.265,79.265,79.255,79.26,76,28,6024.004
2021-08-18 03:52:00-04:00,79.25,79.255,79.25,79.255,28,20,2219.11
2021-08-18 03:53:00-04:00,79.255,79.255,79.235,79.235,91,25,7211.265
2021-08-18 03:54:00-04:00,79.24,79.25,79.24,79.25,79,30,6260.27
2021-08-18 03:55:00-04:00,79.25,79.25,79.23,79.23,107,28,8478.365
2021-08-18 03:56:00-04:00,79.235,79.235,79.235,79.235,17,13,1346.995
2021-08-18 03:57:00-04:00,79.23,79.235,79.23,79.235,31,12,2456.185
2021-08-18 03:58:00-04:00,79.235,79.235,79.235,79.235,6,5,475.41
2021-08-18 03:59:00-04:00,79.235,79.24,79.23,79.24,61,24,4833.4
2021-08-18 04:00:00-04:00,79.235,79.245,79.235,79.24,39,12,3090.345
2021-08-18 04:01:00-04:00,79.24,79.24,79.225,79.225,85,15,6734.6
2021-08-18 04:02:00-04:00,79.225,79.23,79.225,79.225,80,27,6338.034
2021-08-18 04:03:00-04:00,79.23,79.235,79.23,79.235,31,9,2456.14
2021-08-18 04:04:00-04:00,79.235,79.255,79.235,79.255,88,22,6973.985
2021-08-18 04:05:00-04:00,79.26,79.275,79.26,79.275,73,32,5786.74
2021-08-18 04:06:00-04:00,79.28,79.28,79.27,79.275,32,20,2536.795
2021-08-18 04:07:00-04:00,79.275,79.28,79.26,79.26,24,7,1902.425
2021-08-18 04:08:00-04:00,79.265,79.28,79.265,79.28,17,8,1347.595
2021-08-18 04:09:00-04:00,79.28,79.28,79.27,79.27,24,15,1902.67
2021-08-18 04:10:00-04:00,79.27,79.27,79.265,79.27,13,8,1030.485
2021-08-18 04:11:00-04:00,79.275,79.275,79.275,79.275,5,4,396.375
2021-08-18 04:12:00-04:00,79.275,79.275,79.265,79.265,40,11,3170.755
2021-08-18 04:13:00-04:00,79.265,79.265,79.26,79.26,3,2,237.79
2021-08-18 04:14:00-04:00,79.26,79.26,79.255,79.255,7,4,554.81
2021-08-18 04:15:00-04:00,79.25,79.25,79.25,79.25,1,1,79.25
2021-08-18 04:16:00-04:00,79.25,79.25,79.245,79.25,16,11,1267.97
2021-08-18 04:17:00-04:00,79.25,79.25,79.24,79.24,18,9,1426.365
2021-08-18 04:18:00-04:00,79.24,79.24,79.24,79.24,8,3,633.92
2021-08-18 04:19:00-04:00,79.24,79.245,79.235,79.245,19,11,1505.595
2021-08-18 04:20:00-04:00,79.25,79.25,79.24,79.245,24,7,1901.91
2021-08-18 04:21:00-04:00,79.255,79.265,79.255,79.265,26,12,2060.765
2021-08-18 04:22:00-04:00,79.27,79.28,79.27,79.27,15,10,1189.11
2021-08-18 04:23:00-04:00,79.27,79.28,79.27,79.275,33,13,2616.085
2021-08-18 04:24:00-04:00,79.28,79.285,79.26,79.26,86,17,6817.52
2021-08-18 04:25:00-04:00,79.26,79.26,79.25,79.25,13,7,1030.32
2021-08-18 04:26:00-04:00,79.25,79.25,79.24,79.245,12,7,950.945
2021-08-18 04:27:00-04:00,79.25,79.26,79.25,79.26,12,5,951.08
2021-08-18 04:28:00-04:00,79.255,79.265,79.255,79.265,15,7,1188.89
2021-08-18 04:29:00-04:00,79.26,79.26,79.25,79.25,10,5,792.53
2021-08-18 04:30:00-04:00,79.245,79.25,79.235,79.235,22,14,1743.36
2021-08-18 04:31:00-04:00,79.235,79.235,79.23,79.23,12,6,950.785
2021-08-18 04:32:00-04:00,79.225,79.235,79.225,79.23,91,19,7209.731
2021-08-18 04:33:00-04:00,79.23,79.24,79.225,79.24,16,9,1267.735
2021-08-18 04:34:00-04:00,79.235,79.245,79.235,79.24,12,9,950.875
2021-08-18 04:35:00-04:00,79.24,79.24,79.235,79.235,8,6,633.915
2021-08-18 04:36:00-04:00,79.235,79.245,79.235,79.24,39,14,3090.385
2021-08-18 04:37:00-04:00,79.245,79.25,79.245,79.25,8,5,633.975
2021-08-18 04:38:00-04:00,79.245,79.245,79.24,79.24,6,4,475.46
2021-08-18 04:39:00-04:00,79.235,79.235,79.235,79.235,4,4,316.94
2021-08-18 04:40:00-04:00,79.24,79.24,79.24,79.24,7,5,554.68
2021-08-18 04:41:00-04:00,79.24,79.24,79.235,79.235,11,8,871.6
2021-08-18 04:42:00-04:00,79.235,79.235,79.22,79.225,58,23,4595.01
2021-08-18 04:43:00-04:00,79.22,79.22,79.215,79.22,98,18,7763.315
2021-08-18 04:44:00-04:00,79.22,79.22,79.21,79.22,58,20,4594.41
2021-08-18 04:45:00-04:00,79.22,79.22,79.21,79.21,59,25,4673.67
2021-08-18 04:46:00-04:00,79.21,79.225,79.21,79.22,113,27,8951.614
2021-08-18 04:47:00-04:00,79.22,79.225,79.22,79.225,45,17,3565.035
2021-08-18 04:48:00-04:00,79.23,79.23,79.22,79.225,13,11,1029.905
2021-08-18 04:49:00-04:00,79.225,79.23,79.225,79.225,9,5,713.06
2021-08-18 04:50:00-04:00,79.23,79.23,79.22,79.225,22,9,1742.965
2021-08-18 04:51:00-04:00,79.225,79.23,79.225,79.23,17,10,1346.855
2021-08-18 04:52:00-04:00,79.23,79.23,79.23,79.23,2,2,158.46
2021-08-18 04:53:00-04:00,79.235,79.25,79.235,79.25,30,11,2377.24
2021-08-18 04:54:00-04:00,79.245,79.245,79.245,79.245,7,4,554.715
2021-08-18 04:55:00-04:00,79.245,79.245,79.235,79.24,50,15,3961.9
2021-08-18 04:56:00-04:00,79.235,79.24,79.235,79.24,44,12,3486.4
2021-08-18 04:57:00-04:00,79.245,79.245,79.24,79.24,47,10,3724.445
2021-08-18 04:58:00-04:00,79.24,79.24,79.235,79.24,26,12,2060.195
2021-08-18 04:59:00-04:00,79.245,79.25,79.245,79.25,29,10,2298.24
2021-08-18 05:00:00-04:00,79.25,79.25,79.235,79.24,110,25,8716.52
2021-08-18 05:01:00-04:00,79.24,79.25,79.24,79.24,45,14,3566.0
2021-08-18 05:02:00-04:00,79.24,79.245,79.24,79.245,19,10,1505.575
2021-08-18 05:03:00-04:00,79.25,79.25,79.25,79.25,8,4,634.0
2021-08-18 05:04:00-04:00,79.245,79.245,79.24,79.24,34,8,2694.28
2021-08-18 05:05:00-04:00,79.24,79.24,79.24,79.24,19,10,1505.56
2021-08-18 05:06:00-04:00,79.24,79.24,79.235,79.235,16,6,1267.765
2021-08-18 05:07:00-04:00,79.23,79.235,79.225,79.225,46,14,3644.64
2021-08-18 05:08:00-04:00,79.225,79.235,79.225,79.23,53,19,4199.015
2021-08-18 05:09:00-04:00,79.23,79.23,79.225,79.23,18,7,1426.1
2021-08-18 05:10:00-04:00,79.225,79.225,79.215,79.22,44,12,3485.755
2021-08-18 05:11:00-04:00,79.23,79.23,79.22,79.22,71,16,5624.71
2021-08-18 05:12:00-04:00,79.225,79.225,79.225,79.225,4,2,316.9
2021-08-18 05:13:00-04:00,79.225,79.23,79.225,79.23,40,4,3169.065
2021-08-18 05:14:00-04:00,79.225,79.235,79.225,79.235,42,10,3327.645
2021-08-18 05:15:00-04:00,79.23,79.23,79.225,79.225,26,8,2059.885
2021-08-18 05:16:00-04:00,79.22,79.22,79.22,79.22,44,19,3485.68
2021-08-18 05:17:00-04:00,79.22,79.22,79.22,79.22,7,5,554.54
2021-08-18 05:18:00-04:00,79.22,79.22,79.215,79.22,34,15,2693.385
2021-08-18 05:19:00-04:00,79.22,79.23,79.22,79.23,20,10,1584.49
2021-08-18 05:20:00-04:00,79.23,79.23,79.23,79.23,5,2,396.15
2021-08-18 05:21:00-04:00,79.235,79.235,79.225,79.225,21,10,1663.825
2021-08-18 05:22:00-04:00,79.23,79.23,79.23,79.23,14,10,1109.22
2021-08-18 05:23:00-04:00,79.23,79.23,79.23,79.23,13,7,1029.99
2021-08-18 05:24:00-04:00,79.23,79.23,79.22,79.22,67,17,5307.94
2021-08-18 05:25:00-04:00,79.225,79.225,79.225,79.225,28,7,2218.3
2021-08-18 05:26:00-04:00,79.225,79.225,79.225,79.225,6,4,475.35
2021-08-18 05:27:00-04:00,79.225,79.225,79.22,79.225,38,12,3010.395
2021-08-18 05:28:00-04:00,79.23,79.23,79.225,79.225,43,8,3406.785
2021-08-18 05:29:00-04:00,79.225,79.23,79.22,79.23,39,21,3089.645
2021-08-18 05:30:00-04:00,79.225,79.225,79.21,79.21,38,21,3010.27
2021-08-18 05:31:00-04:00,79.215,79.225,79.215,79.225,32,11,2535.03
2021-08-18 05:32:00-04:00,79.22,79.22,79.22,79.22,17,8,1346.74
2021-08-18 05:33:00-04:00,79.22,79.22,79.21,79.215,51,23,4040.07
2021-08-18 05:34:00-04:00,79.21,79.22,79.21,79.22,34,14,2693.245
2021-08-18 05:36:00-04:00,79.22,79.22,79.215,79.215,7,4,554.52
2021-08-18 05:37:00-04:00,79.22,79.225,79.22,79.225,20,5,1584.455
2021-08-18 05:38:00-04:00,79.225,79.225,79.22,79.22,9,4,713.02
2021-08-18 05:39:00-04:00,79.22,79.225,79.22,79.225,6,6,475.33
2021-08-18 05:40:00-04:00,79.225,79.225,79.225,79.225,21,14,1663.725
2021-08-18 05:41:00-04:00,79.22,79.22,79.215,79.215,16,5,1267.485
2021-08-18 05:42:00-04:00,79.22,79.22,79.22,79.22,8,6,633.76
2021-08-18 05:43:00-04:00,79.225,79.225,79.225,79.225,18,4,1426.05
2021-08-18 05:44:00-04:00,79.225,79.23,79.225,79.23,37,11,2931.39
2021-08-18 05:45:00-04:00,79.23,79.23,79.23,79.23,19,8,1505.37
2021-08-18 05:46:00-04:00,79.23,79.235,79.23,79.23,40,16,3169.32
2021-08-18 05:47:00-04:00,79.23,79.23,79.225,79.225,19,10,1505.29
2021-08-18 05:48:00-04:00,79.23,79.23,79.22,79.22,38,15,3010.43
2021-08-18 05:49:00-04:00,79.22,79.22,79.215,79.215,26,9,2059.655
2021-08-18 05:50:00-04:00,79.22,79.225,79.22,79.22,13,4,1029.87
2021-08-18 05:51:00-04:00,79.225,79.225,79.225,79.225,6,2,475.35
2021-08-18 05:52:00-04:00,79.225,79.225,79.22,79.22,10,8,792.21
2021-08-18 05:53:00-04:00,79.22,79.22,79.215,79.215,15,5,1188.265
2021-08-18 05:54:00-04:00,79.21,79.215,79.21,79.21,19,7,1505.005
2021-08-18 05:55:00-04:00,79.21,79.21,79.21,79.21,17,6,1346.57
2021-08-18 05:56:00-04:00,79.21,79.21,79.205,79.205,82,25,6494.939
2021-08-18 05:57:00-04:00,79.21,79.21,79.21,79.21,7,3,554.47
2021-08-18 05:58:00-04:00,79.21,79.21,79.21,79.21,16,5,1267.36
2021-08-18 05:59:00-04:00,79.205,79.205,79.205,79.205,5,4,396.025
2021-08-18 06:00:00-04:00,79.21,79.215,79.21,79.21,69,18,5465.63
2021-08-18 06:01:00-04:00,79.21,79.21,79.2,79.2,79,28,6256.95
2021-08-18 06:02:00-04:00,79.2,79.205,79.195,79.205,32,10,2534.455
2021-08-18 06:03:00-04:00,79.205,79.215,79.205,79.215,56,14,4435.741
2021-08-18 06:04:00-04:00,79.21,79.21,79.205,79.21,32,15,2534.68
2021-08-18 06:05:00-04:00,79.2,79.2,79.19,79.19,142,22,11245.3
2021-08-18 06:06:00-04:00,79.195,79.195,79.19,79.19,11,6,871.11
2021-08-18 06:07:00-04:00,79.195,79.205,79.195,79.205,27,9,2138.36
2021-08-18 06:08:00-04:00,79.195,79.195,79.195,79.195,5,2,395.975
2021-08-18 06:09:00-04:00,79.19,79.19,79.185,79.185,10,8,791.875
2021-08-18 06:10:00-04:00,79.185,79.19,79.18,79.19,64,15,5067.775
2021-08-18 06:11:00-04:00,79.19,79.195,79.19,79.195,33,9,2613.38
2021-08-18 06:12:00-04:00,79.195,79.2,79.195,79.2,8,6,633.58
2021-08-18 06:13:00-04:00,79.195,79.195,79.185,79.185,35,10,2771.73
2021-08-18 06:14:00-04:00,79.185,79.19,79.185,79.19,8,5,633.49
2021-08-18 06:15:00-04:00,79.19,79.19,79.185,79.185,16,4,1266.975
2021-08-18 06:16:00-04:00,79.18,79.18,79.18,79.18,19,5,1504.42
2021-08-18 06:17:00-04:00,79.175,79.18,79.175,79.18,35,11,2771.255
2021-08-18 06:19:00-04:00,79.18,79.18,79.175,79.175,28,16,2216.925
2021-08-18 06:20:00-04:00,79.17,79.175,79.165,79.17,55,12,4354.41
2021-08-18 06:21:00-04:00,79.17,79.17,79.165,79.165,23,4,1820.8
2021-08-18 06:22:00-04:00,79.165,79.165,79.165,79.165,17,7,1345.805
2021-08-18 06:23:00-04:00,79.165,79.165,79.155,79.155,38,10,3008.19
2021-08-18 06:24:00-04:00,79.16,79.175,79.16,79.175,48,13,3799.975
2021-08-18 06:25:00-04:00,79.18,79.19,79.18,79.19,19,11,1504.525
2021-08-18 06:26:00-04:00,79.195,79.195,79.19,79.195,22,8,1742.275
2021-08-18 06:27:00-04:00,79.19,79.19,79.19,79.19,4,2,316.76
2021-08-18 06:28:00-04:00,79.19,79.19,79.19,79.19,17,9,1346.23
2021-08-18 06:29:00-04:00,79.19,79.195,79.18,79.18,69,22,5463.86
2021-08-18 06:30:00-04:00,79.18,79.185,79.18,79.185,9,4,712.66
2021-08-18 06:31:00-04:00,79.185,79.185,79.18,79.18,9,3,712.625
2021-08-18 06:32:00-04:00,79.18,79.18,79.175,79.175,13,8,1029.285
2021-08-18 06:33:00-04:00,79.175,79.185,79.175,79.185,35,11,2771.3
2021-08-18 06:34:00-04:00,79.185,79.19,79.185,79.19,19,10,1504.555
2021-08-18 06:35:00-04:00,79.19,79.21,79.19,79.195,39,16,3088.79
2021-08-18 06:36:00-04:00,79.19,79.195,79.19,79.195,6,6,475.155
2021-08-18 06:37:00-04:00,79.195,79.195,79.19,79.19,12,7,950.295
2021-08-18 06:38:00-04:00,79.195,79.195,79.19,79.19,3,2,237.575
2021-08-18 06:39:00-04:00,79.19,79.19,79.19,79.19,5,5,395.95
2021-08-18 06:40:00-04:00,79.2,79.2,79.2,79.2,10,3,792.0
2021-08-18 06:41:00-04:00,79.205,79.215,79.2,79.2,25,13,1980.15
2021-08-18 06:42:00-04:00,79.205,79.205,79.2,79.2,6,3,475.205
2021-08-18 06:43:00-04:00,79.205,79.205,79.195,79.195,11,5,871.225
2021-08-18 06:44:00-04:00,79.2,79.205,79.2,79.2,69,27,5464.805
2021-08-18 06:45:00-04:00,79.2,79.205,79.2,79.205,30,13,2376.11
2021-08-18 06:46:00-04:00,79.205,79.205,79.205,79.205,2,2,158.41
2021-08-18 06:47:00-04:00,79.2,79.2,79.19,79.19,62,13,4910.135
2021-08-18 06:48:00-04:00,79.195,79.205,79.195,79.205,11,8,871.205
2021-08-18 06:49:00-04:00,79.205,79.205,79.2,79.2,24,9,1900.84
2021-08-18 06:50:00-04:00,79.2,79.2,79.195,79.195,95,13,7523.69
2021-08-18 06:51:00-04:00,79.195,79.195,79.19,79.19,25,7,1979.77
2021-08-18 06:52:00-04:00,79.19,79.2,79.19,79.2,90,24,7127.685
2021-08-18 06:53:00-04:00,79.195,79.195,79.19,79.19,33,8,2613.345
2021-08-18 06:54:00-04:00,79.195,79.2,79.19,79.2,49,20,3880.555
2021-08-18 06:55:00-04:00,79.19,79.19,79.18,79.185,49,8,3880.125
2021-08-18 06:56:00-04:00,79.185,79.195,79.185,79.195,59,18,4672.325
2021-08-18 06:57:00-04:00,79.2,79.205,79.195,79.195,33,7,2613.575
2021-08-18 06:58:00-04:00,79.2,79.205,79.2,79.205,21,10,1663.25
2021-08-18 06:59:00-04:00,79.205,79.205,79.205,79.205,29,16,2296.945
2021-08-18 07:00:00-04:00,79.21,79.21,79.2,79.2,47,10,3722.675
2021-08-18 07:01:00-04:00,79.2,79.21,79.2,79.21,30,16,2376.11
2021-08-18 07:02:00-04:00,79.21,79.22,79.21,79.21,69,19,5465.775
2021-08-18 07:03:00-04:00,79.21,79.21,79.21,79.21,13,3,1029.73
2021-08-18 07:04:00-04:00,79.215,79.235,79.215,79.235,80,27,6337.91
2021-08-18 07:05:00-04:00,79.235,79.235,79.225,79.225,51,18,4040.645
2021-08-18 07:06:00-04:00,79.225,79.225,79.22,79.225,75,18,5941.71
2021-08-18 07:07:00-04:00,79.22,79.235,79.22,79.235,37,10,2931.445
2021-08-18 07:08:00-04:00,79.23,79.23,79.23,79.23,53,10,4199.19
2021-08-18 07:09:00-04:00,79.23,79.235,79.225,79.235,26,9,2059.965
2021-08-18 07:10:00-04:00,79.23,79.23,79.21,79.21,36,16,2851.91
2021-08-18 07:11:00-04:00,79.21,79.21,79.195,79.2,56,18,4435.285
2021-08-18 07:12:00-04:00,79.2,79.205,79.2,79.205,28,8,2217.64
2021-08-18 07:13:00-04:00,79.205,79.21,79.205,79.21,23,4,1821.745
2021-08-18 07:14:00-04:00,79.205,79.21,79.2,79.2,12,8,950.45
2021-08-18 07:15:00-04:00,79.2,79.2,79.2,79.2,12,5,950.4
2021-08-18 07:16:00-04:00,79.2,79.2,79.195,79.2,24,13,1900.79
2021-08-18 07:17:00-04:00,79.2,79.2,79.195,79.2,29,8,2296.78
2021-08-18 07:18:00-04:00,79.205,79.21,79.205,79.21,25,7,1980.165
2021-08-18 07:19:00-04:00,79.205,79.205,79.205,79.205,3,1,237.615
2021-08-18 07:20:00-04:00,79.205,79.205,79.2,79.205,24,11,1900.85
2021-08-18 07:21:00-04:00,79.2,79.205,79.2,79.2,41,18,3247.37
2021-08-18 07:22:00-04:00,79.2,79.2,79.2,79.2,14,8,1108.8
2021-08-18 07:23:00-04:00,79.205,79.205,79.195,79.195,16,7,1267.2
2021-08-18 07:24:00-04:00,79.195,79.205,79.195,79.205,45,8,3564.21
2021-08-18 07:25:00-04:00,79.205,79.205,79.195,79.195,14,4,1108.785
2021-08-18 07:26:00-04:00,79.2,79.2,79.19,79.19,18,10,1425.48
2021-08-18 07:27:00-04:00,79.195,79.195,79.19,79.19,13,3,1029.525
2021-08-18 07:28:00-04:00,79.19,79.195,79.185,79.195,25,16,1979.82
2021-08-18 07:29:00-04:00,79.2,79.205,79.2,79.2,63,12,4989.82
2021-08-18 07:30:00-04:00,79.205,79.205,79.2,79.205,26,12,2059.29
2021-08-18 07:31:00-04:00,79.21,79.21,79.205,79.21,38,17,3009.965
2021-08-18 07:32:00-04:00,79.21,79.21,79.2,79.2,13,6,1029.655
2021-08-18 07:33:00-04:00,79.2,79.2,79.195,79.2,18,10,1425.59
2021-08-18 07:34:00-04:00,79.2,79.2,79.195,79.195,32,10,2534.335
2021-08-18 07:35:00-04:00,79.2,79.2,79.2,79.2,30,6,2376.0
2021-08-18 07:36:00-04:00,79.2,79.2,79.2,79.2,9,8,712.8
2021-08-18 07:37:00-04:00,79.2,79.2,79.19,79.19,8,6,633.55
2021-08-18 07:38:00-04:00,79.19,79.19,79.185,79.19,13,8,1029.445
2021-08-18 07:39:00-04:00,79.195,79.195,79.195,79.195,2,2,158.39
2021-08-18 07:40:00-04:00,79.195,79.195,79.19,79.19,17,9,1346.235
2021-08-18 07:41:00-04:00,79.19,79.2,79.19,79.2,24,9,1900.775
2021-08-18 07:42:00-04:00,79.2,79.2,79.2,79.2,21,8,1663.2
2021-08-18 07:43:00-04:00,79.195,79.205,79.195,79.2,38,10,3009.655
2021-08-18 07:44:00-04:00,79.2,79.2,79.2,79.2,26,12,2059.2
2021-08-18 07:45:00-04:00,79.205,79.205,79.2,79.2,10,3,792.005
2021-08-18 07:46:00-04:00,79.2,79.21,79.2,79.21,41,18,3247.45
2021-08-18 07:47:00-04:00,79.205,79.215,79.205,79.215,4,3,316.835
2021-08-18 07:48:00-04:00,79.215,79.225,79.215,79.225,22,8,1742.83
2021-08-18 07:49:00-04:00,79.22,79.225,79.22,79.225,38,16,3010.545
2021-08-18 07:50:00-04:00,79.23,79.235,79.23,79.235,36,14,2852.38
2021-08-18 07:51:00-04:00,79.24,79.24,79.23,79.23,79,21,6259.776
2021-08-18 07:52:00-04:00,79.23,79.24,79.23,79.235,76,22,6021.84
2021-08-18 07:53:00-04:00,79.235,79.24,79.235,79.235,33,10,2614.82
2021-08-18 07:54:00-04:00,79.235,79.245,79.23,79.245,35,22,2773.47
2021-08-18 07:55:00-04:00,79.245,79.25,79.24,79.24,94,12,7449.315
2021-08-18 07:56:00-04:00,79.245,79.265,79.245,79.255,87,27,6895.36
2021-08-18 07:57:00-04:00,79.255,79.265,79.255,79.265,47,10,3725.405
2021-08-18 07:58:00-04:00,79.265,79.275,79.26,79.27,43,24,3408.475
2021-08-18 07:59:00-04:00,79.27,79.28,79.27,79.28,73,19,5787.23
2021-08-18 08:00:00-04:00,79.27,79.28,79.265,79.275,63,26,4994.365
2021-08-18 08:01:00-04:00,79.275,79.275,79.27,79.27,20,8,1585.485
2021-08-18 08:02:00-04:00,79.275,79.275,79.27,79.275,23,12,1823.27
2021-08-18 08:03:00-04:00,79.275,79.285,79.275,79.285,60,21,4756.785
2021-08-18 08:04:00-04:00,79.28,79.28,79.275,79.275,51,11,4043.175
2021-08-18 08:05:00-04:00,79.275,79.28,79.275,79.28,34,15,2695.375
2021-08-18 08:06:00-04:00,79.28,79.285,79.275,79.275,60,14,4756.975
2021-08-18 08:07:00-04:00,79.28,79.285,79.28,79.28,32,14,2537.04
2021-08-18 08:08:00-04:00,79.28,79.28,79.26,79.265,16,6,1268.28
2021-08-18 08:09:00-04:00,79.27,79.275,79.25,79.275,316,53,25048.399
2021-08-18 08:10:00-04:00,79.275,79.275,79.265,79.265,53,12,4201.185
2021-08-18 08:11:00-04:00,79.27,79.27,79.27,79.27,18,11,1426.86
2021-08-18 08:12:00-04:00,79.27,79.27,79.26,79.26,21,12,1664.58
2021-08-18 08:13:00-04:00,79.26,79.26,79.26,79.26,6,4,475.56
2021-08-18 08:14:00-04:00,79.255,79.255,79.24,79.24,45,15,3566.04
2021-08-18 08:15:00-04:00,79.24,79.25,79.24,79.24,136,44,10776.986
2021-08-18 08:16:00-04:00,79.24,79.24,79.235,79.235,28,12,2218.66
2021-08-18 08:17:00-04:00,79.235,79.245,79.235,79.245,60,17,4754.27
2021-08-18 08:18:00-04:00,79.25,79.26,79.25,79.255,59,29,4676.06
2021-08-18 08:19:00-04:00,79.25,79.255,79.25,79.25,69,26,5468.415
2021-08-18 08:20:00-04:00,79.25,79.255,79.24,79.24,145,26,11490.916
2021-08-18 08:21:00-04:00,79.24,79.245,79.235,79.24,63,23,4992.04
2021-08-18 08:22:00-04:00,79.24,79.25,79.24,79.25,77,28,6101.645
2021-08-18 08:23:00-04:00,79.25,79.25,79.245,79.25,29,8,2298.135
2021-08-18 08:24:00-04:00,79.25,79.255,79.25,79.25,36,11,2853.015
2021-08-18 08:25:00-04:00,79.25,79.255,79.245,79.245,23,6,1822.7
2021-08-18 08:26:00-04:00,79.245,79.255,79.245,79.25,39,11,3090.66
2021-08-18 08:27:00-04:00,79.25,79.25,79.24,79.245,80,13,6339.84
2021-08-18 08:28:00-04:00,79.25,79.26,79.25,79.25,84,16,6657.24
2021-08-18 08:29:00-04:00,79.25,79.25,79.24,79.25,64,15,5071.505
2021-08-18 08:30:00-04:00,79.255,79.37,79.245,79.325,1471,333,116668.335
2021-08-18 08:31:00-04:00,79.32,79.33,79.295,79.305,272,49,21573.634
2021-08-18 08:32:00-04:00,79.305,79.32,79.3,79.3,198,48,15702.751
2021-08-18 08:33:00-04:00,79.305,79.325,79.305,79.32,258,37,20463.705
2021-08-18 08:34:00-04:00,79.32,79.32,79.29,79.29,135,51,10706.01
2021-08-18 08:35:00-04:00,79.295,79.295,79.275,79.285,202,55,16014.966
2021-08-18 08:36:00-04:00,79.285,79.3,79.285,79.3,68,33,5391.68
2021-08-18 08:37:00-04:00,79.305,79.305,79.295,79.295,16,7,1268.815
2021-08-18 08:38:00-04:00,79.295,79.295,79.285,79.29,56,28,4440.155
2021-08-18 08:39:00-04:00,79.285,79.285,79.27,79.28,39,12,3091.81
2021-08-18 08:40:00-04:00,79.28,79.28,79.255,79.255,152,43,12047.914
2021-08-18 08:41:00-04:00,79.26,79.27,79.255,79.26,107,35,8481.0
2021-08-18 08:42:00-04:00,79.26,79.285,79.26,79.285,50,15,3963.665
2021-08-18 08:43:00-04:00,79.29,79.295,79.285,79.295,53,18,4202.3
2021-08-18 08:44:00-04:00,79.295,79.3,79.29,79.29,19,8,1506.58
2021-08-18 08:45:00-04:00,79.29,79.295,79.285,79.29,64,15,5074.36
2021-08-18 08:46:00-04:00,79.29,79.29,79.275,79.28,56,20,4439.76
2021-08-18 08:47:00-04:00,79.28,79.28,79.275,79.275,44,12,3488.115
2021-08-18 08:48:00-04:00,79.28,79.285,79.275,79.275,62,19,4915.32
2021-08-18 08:49:00-04:00,79.275,79.275,79.265,79.265,207,37,16407.979
2021-08-18 08:50:00-04:00,79.26,79.265,79.24,79.255,287,69,22746.129
2021-08-18 08:51:00-04:00,79.255,79.26,79.255,79.255,38,13,3011.805
2021-08-18 08:52:00-04:00,79.26,79.265,79.255,79.26,217,49,17199.68
2021-08-18 08:53:00-04:00,79.265,79.265,79.255,79.255,54,10,4280.24
2021-08-18 08:54:00-04:00,79.255,79.265,79.255,79.26,169,30,13395.135
2021-08-18 08:55:00-04:00,79.265,79.285,79.265,79.275,222,43,17598.926
2021-08-18 08:56:00-04:00,79.275,79.275,79.27,79.275,36,11,2853.835
2021-08-18 08:57:00-04:00,79.275,79.285,79.275,79.285,22,8,1744.16
2021-08-18 08:58:00-04:00,79.285,79.29,79.28,79.285,81,24,6422.15
2021-08-18 08:59:00-04:00,79.285,79.315,79.285,79.3,137,40,10864.14
2021-08-18 09:00:00-04:00,79.3,79.32,79.3,79.315,176,38,13958.171
2021-08-18 09:01:00-04:00,79.315,79.32,79.295,79.295,226,48,17923.215
2021-08-18 09:02:00-04:00,79.295,79.315,79.285,79.305,219,55,17366.306
2021-08-18 09:03:00-04:00,79.31,79.32,79.305,79.315,245,56,19431.467
2021-08-18 09:04:00-04:00,79.31,79.32,79.305,79.31,56,24,4441.435
2021-08-18 09:05:00-04:00,79.3,79.3,79.29,79.3,104,37,8246.849
2021-08-18 09:06:00-04:00,79.3,79.3,79.28,79.28,11,8,872.215
2021-08-18 09:07:00-04:00,79.28,79.29,79.275,79.28,90,30,7135.316
2021-08-18 09:08:00-04:00,79.285,79.29,79.285,79.285,30,9,2378.645
2021-08-18 09:09:00-04:00,79.29,79.3,79.29,79.295,49,17,3885.39
2021-08-18 09:10:00-04:00,79.295,79.3,79.29,79.295,51,21,4044.06
2021-08-18 09:11:00-04:00,79.295,79.295,79.28,79.28,51,20,4043.795
2021-08-18 09:12:00-04:00,79.275,79.28,79.26,79.26,72,25,5707.49
2021-08-18 09:13:00-04:00,79.26,79.265,79.255,79.265,66,22,5230.94
2021-08-18 09:14:00-04:00,79.265,79.27,79.26,79.26,67,20,5310.64
2021-08-18 09:15:00-04:00,79.26,79.26,79.245,79.245,120,36,9510.49
2021-08-18 09:16:00-04:00,79.245,79.245,79.235,79.24,115,35,9112.766
2021-08-18 09:17:00-04:00,79.25,79.26,79.25,79.26,57,20,4517.495
2021-08-18 09:18:00-04:00,79.265,79.28,79.26,79.265,40,22,3170.75
2021-08-18 09:19:00-04:00,79.265,79.275,79.265,79.27,54,17,4280.53
2021-08-18 09:20:00-04:00,79.275,79.28,79.27,79.27,54,26,4280.835
2021-08-18 09:21:00-04:00,79.265,79.265,79.26,79.26,13,8,1030.41
2021-08-18 09:22:00-04:00,79.26,79.26,79.255,79.26,27,13,2139.955
2021-08-18 09:23:00-04:00,79.255,79.255,79.245,79.255,21,10,1664.265
2021-08-18 09:24:00-04:00,79.255,79.255,79.24,79.25,30,14,2377.39
2021-08-18 09:25:00-04:00,79.25,79.25,79.235,79.235,27,12,2139.62
2021-08-18 09:26:00-04:00,79.24,79.24,79.235,79.235,36,15,2852.625
2021-08-18 09:27:00-04:00,79.235,79.235,79.225,79.23,62,20,4912.105
2021-08-18 09:28:00-04:00,79.23,79.235,79.23,79.235,9,7,713.105
2021-08-18 09:29:00-04:00,79.235,79.235,79.225,79.235,100,37,7923.255
2021-08-18 09:30:00-04:00,79.23,79.24,79.225,79.235,142,59,11251.125
2021-08-18 09:31:00-04:00,79.235,79.255,79.23,79.23,91,39,7211.025
2021-08-18 09:32:00-04:00,79.23,79.245,79.22,79.22,187,61,14816.521
2021-08-18 09:33:00-04:00,79.225,79.255,79.225,79.245,126,33,9984.004
2021-08-18 09:34:00-04:00,79.245,79.245,79.23,79.23,50,20,3961.785
2021-08-18 09:35:00-04:00,79.235,79.255,79.235,79.255,141,38,11173.51
2021-08-18 09:36:00-04:00,79.255,79.27,79.255,79.26,149,40,11810.394
2021-08-18 09:37:00-04:00,79.26,79.265,79.25,79.255,90,27,7133.31
2021-08-18 09:38:00-04:00,79.25,79.25,79.24,79.25,110,33,8717.22
2021-08-18 09:39:00-04:00,79.25,79.25,79.23,79.23,77,34,6101.435
2021-08-18 09:40:00-04:00,79.225,79.235,79.225,79.23,66,26,5229.22
2021-08-18 09:41:00-04:00,79.235,79.25,79.235,79.235,43,20,3407.375
2021-08-18 09:42:00-04:00,79.235,79.24,79.235,79.235,50,18,3961.89
2021-08-18 09:43:00-04:00,79.24,79.245,79.235,79.24,50,13,3962.01
2021-08-18 09:44:00-04:00,79.24,79.25,79.24,79.245,55,15,4358.58
2021-08-18 09:45:00-04:00,79.25,79.25,79.235,79.24,72,26,5705.31
2021-08-18 09:46:00-04:00,79.235,79.24,79.23,79.235,37,13,2931.71
2021-08-18 09:47:00-04:00,79.23,79.235,79.225,79.23,99,24,7843.784
2021-08-18 09:48:00-04:00,79.23,79.25,79.23,79.25,80,26,6338.82
2021-08-18 09:49:00-04:00,79.245,79.245,79.24,79.24,49,15,3882.895
2021-08-18 09:50:00-04:00,79.24,79.24,79.23,79.23,55,22,4357.775
2021-08-18 09:51:00-04:00,79.23,79.25,79.23,79.25,77,28,6101.845
2021-08-18 09:52:00-04:00,79.25,79.25,79.25,79.25,28,10,2219.0
2021-08-18 09:53:00-04:00,79.245,79.245,79.22,79.225,177,37,14023.54
2021-08-18 09:54:00-04:00,79.23,79.245,79.23,79.245,113,34,8953.535
2021-08-18 09:55:00-04:00,79.245,79.25,79.24,79.25,96,32,7607.54
2021-08-18 09:56:00-04:00,79.255,79.27,79.255,79.265,111,35,8797.71
2021-08-18 09:57:00-04:00,79.26,79.265,79.255,79.255,105,28,8321.99
2021-08-18 09:58:00-04:00,79.255,79.275,79.255,79.275,93,24,7371.719
2021-08-18 09:59:00-04:00,79.28,79.29,79.275,79.28,93,32,7373.36
2021-08-18 10:00:00-04:00,79.28,79.28,79.265,79.265,82,33,6500.05
2021-08-18 10:01:00-04:00,79.265,79.265,79.26,79.26,52,21,4121.71
2021-08-18 10:02:00-04:00,79.26,79.275,79.26,79.27,96,23,7609.745
2021-08-18 10:03:00-04:00,79.265,79.275,79.26,79.275,36,12,2853.695
2021-08-18 10:04:00-04:00,79.27,79.27,79.265,79.27,40,14,3170.725
2021-08-18 10:05:00-04:00,79.265,79.28,79.265,79.275,35,13,2774.55
2021-08-18 10:06:00-04:00,79.275,79.275,79.27,79.27,31,14,2457.395
2021-08-18 10:07:00-04:00,79.27,79.27,79.265,79.265,42,16,3329.235
2021-08-18 10:08:00-04:00,79.265,79.265,79.25,79.26,47,20,3725.09
2021-08-18 10:09:00-04:00,79.26,79.26,79.245,79.25,28,12,2219.04
2021-08-18 10:10:00-04:00,79.255,79.255,79.25,79.255,43,21,3407.86
2021-08-18 10:11:00-04:00,79.255,79.255,79.25,79.25,47,13,3724.86
2021-08-18 10:12:00-04:00,79.25,79.25,79.23,79.24,65,20,5150.56
2021-08-18 10:13:00-04:00,79.24,79.26,79.24,79.255,47,20,3724.74
2021-08-18 10:14:00-04:00,79.255,79.255,79.245,79.25,47,27,3724.71
2021-08-18 10:15:00-04:00,79.245,79.245,79.225,79.225,67,29,5308.535
2021-08-18 10:16:00-04:00,79.225,79.23,79.215,79.23,238,72,18854.915
2021-08-18 10:17:00-04:00,79.225,79.24,79.225,79.225,100,26,7923.43
2021-08-18 10:18:00-04:00,79.225,79.235,79.22,79.235,85,17,6734.12
2021-08-18 10:19:00-04:00,79.24,79.24,79.22,79.22,51,15,4041.06
2021-08-18 10:20:00-04:00,79.22,79.225,79.21,79.225,97,25,7684.32
2021-08-18 10:21:00-04:00,79.225,79.225,79.225,79.225,27,13,2139.075
2021-08-18 10:22:00-04:00,79.225,79.225,79.215,79.215,44,21,3485.585
2021-08-18 10:23:00-04:00,79.22,79.225,79.22,79.22,21,7,1663.665
2021-08-18 10:24:00-04:00,79.215,79.22,79.215,79.22,35,15,2772.595
2021-08-18 10:25:00-04:00,79.22,79.22,79.215,79.215,2,2,158.435
2021-08-18 10:26:00-04:00,79.215,79.215,79.21,79.21,64,15,5069.49
2021-08-18 10:27:00-04:00,79.205,79.205,79.19,79.195,192,53,15205.075
2021-08-18 10:28:00-04:00,79.195,79.195,79.18,79.19,244,48,19321.915
2021-08-18 10:29:00-04:00,79.19,79.205,79.19,79.205,204,52,16156.621
2021-08-18 10:30:00-04:00,79.205,79.22,79.205,79.215,154,45,12198.78
2021-08-18 10:31:00-04:00,79.215,79.22,79.21,79.21,68,19,5386.755
2021-08-18 10:32:00-04:00,79.21,79.21,79.19,79.2,248,53,19641.4
2021-08-18 10:33:00-04:00,79.205,79.22,79.205,79.21,123,39,9743.423
2021-08-18 10:34:00-04:00,79.215,79.225,79.205,79.205,55,20,4356.96
2021-08-18 10:35:00-04:00,79.205,79.205,79.195,79.205,83,22,6573.87
2021-08-18 10:36:00-04:00,79.205,79.215,79.205,79.215,60,15,4752.55
2021-08-18 10:37:00-04:00,79.215,79.215,79.21,79.21,18,11,1425.805
2021-08-18 10:38:00-04:00,79.205,79.205,79.185,79.19,143,39,11324.38
2021-08-18 10:39:00-04:00,79.185,79.2,79.185,79.195,33,21,2613.44
2021-08-18 10:40:00-04:00,79.19,79.2,79.18,79.195,57,23,4513.75
2021-08-18 10:41:00-04:00,79.19,79.19,79.18,79.18,32,16,2533.985
2021-08-18 10:42:00-04:00,79.175,79.185,79.17,79.185,136,40,10767.841
2021-08-18 10:43:00-04:00,79.185,79.185,79.18,79.18,61,24,4830.05
2021-08-18 10:44:00-04:00,79.18,79.185,79.18,79.18,48,21,3800.77
2021-08-18 10:45:00-04:00,79.175,79.19,79.17,79.19,81,27,6413.435
2021-08-18 10:46:00-04:00,79.19,79.205,79.19,79.2,66,23,5227.07
2021-08-18 10:47:00-04:00,79.2,79.205,79.2,79.205,105,18,8316.105
2021-08-18 10:48:00-04:00,79.21,79.22,79.21,79.215,105,23,8317.645
2021-08-18 10:49:00-04:00,79.215,79.215,79.205,79.205,28,9,2217.85
2021-08-18 10:50:00-04:00,79.2,79.2,79.135,79.165,1158,231,91664.038
2021-08-18 10:51:00-04:00,79.165,79.18,79.15,79.15,169,47,13378.659
2021-08-18 10:52:00-04:00,79.145,79.16,79.125,79.16,439,99,34741.534
2021-08-18 10:53:00-04:00,79.165,79.165,79.125,79.125,116,31,9179.855
2021-08-18 10:54:00-04:00,79.13,79.145,79.13,79.14,99,33,7834.795
2021-08-18 10:55:00-04:00,79.14,79.155,79.135,79.145,432,84,34192.566
2021-08-18 10:56:00-04:00,79.15,79.18,79.15,79.17,391,100,30954.303
2021-08-18 10:57:00-04:00,79.17,79.205,79.17,79.2,335,82,26530.396
2021-08-18 10:58:00-04:00,79.195,79.2,79.185,79.185,197,48,15600.575
2021-08-18 10:59:00-04:00,79.185,79.195,79.18,79.19,169,66,13382.15
2021-08-18 11:00:00-04:00,79.19,79.205,79.175,79.2,448,100,35477.649
2021-08-18 11:01:00-04:00,79.2,79.215,79.195,79.205,627,120,49663.434
2021-08-18 11:02:00-04:00,79.205,79.215,79.2,79.21,281,60,22257.364
2021-08-18 11:03:00-04:00,79.205,79.205,79.195,79.2,85,14,6732.009
2021-08-18 11:04:00-04:00,79.2,79.215,79.2,79.21,170,31,13466.01
2021-08-18 11:05:00-04:00,79.21,79.225,79.21,79.21,168,46,13308.646
2021-08-18 11:06:00-04:00,79.205,79.215,79.205,79.21,78,17,6178.205
2021-08-18 11:07:00-04:00,79.215,79.225,79.2,79.205,179,37,14179.88
2021-08-18 11:08:00-04:00,79.205,79.215,79.205,79.215,53,13,4198.205
2021-08-18 11:09:00-04:00,79.21,79.21,79.205,79.21,79,27,6257.45
2021-08-18 11:10:00-04:00,79.215,79.22,79.205,79.205,80,18,6337.055
2021-08-18 11:11:00-04:00,79.2,79.205,79.19,79.205,61,19,4831.095
2021-08-18 11:12:00-04:00,79.2,79.2,79.16,79.165,432,99,34203.009
2021-08-18 11:13:00-04:00,79.16,79.16,79.15,79.155,58,21,4590.92
2021-08-18 11:14:00-04:00,79.155,79.165,79.145,79.145,60,13,4749.425
2021-08-18 11:15:00-04:00,79.14,79.145,79.13,79.14,96,39,7597.435
2021-08-18 11:16:00-04:00,79.14,79.14,79.125,79.14,219,40,17329.712
2021-08-18 11:17:00-04:00,79.14,79.155,79.135,79.155,116,20,9180.481
2021-08-18 11:18:00-04:00,79.16,79.16,79.14,79.145,106,25,8389.605
2021-08-18 11:19:00-04:00,79.15,79.15,79.145,79.15,53,11,4194.805
2021-08-18 11:20:00-04:00,79.145,79.155,79.145,79.155,49,18,3878.33
2021-08-18 11:21:00-04:00,79.16,79.165,79.155,79.155,104,32,8232.639
2021-08-18 11:22:00-04:00,79.155,79.17,79.15,79.15,107,23,8470.025
2021-08-18 11:23:00-04:00,79.15,79.15,79.145,79.15,98,19,7756.435
2021-08-18 11:24:00-04:00,79.145,79.145,79.14,79.14,36,13,2849.085
2021-08-18 11:25:00-04:00,79.135,79.14,79.13,79.135,50,13,3956.765
2021-08-18 11:26:00-04:00,79.14,79.14,79.115,79.13,108,45,8545.73
2021-08-18 11:27:00-04:00,79.13,79.135,79.12,79.125,147,33,11631.34
2021-08-18 11:28:00-04:00,79.125,79.165,79.125,79.165,99,20,7835.435
2021-08-18 11:29:00-04:00,79.165,79.17,79.155,79.155,138,31,10924.94
2021-08-18 11:30:00-04:00,79.155,79.16,79.15,79.155,69,18,5461.645
2021-08-18 11:31:00-04:00,79.15,79.15,79.135,79.14,28,10,2215.98
2021-08-18 11:32:00-04:00,79.14,79.145,79.135,79.135,43,15,3403.015
2021-08-18 11:33:00-04:00,79.13,79.135,79.125,79.135,20,7,1582.6
2021-08-18 11:34:00-04:00,79.14,79.145,79.115,79.12,88,25,6962.895
2021-08-18 11:35:00-04:00,79.115,79.14,79.115,79.13,63,29,4985.24
2021-08-18 11:36:00-04:00,79.13,79.13,79.125,79.125,57,18,4510.245
2021-08-18 11:37:00-04:00,79.125,79.135,79.125,79.135,23,14,1819.975
2021-08-18 11:38:00-04:00,79.135,79.14,79.13,79.13,33,11,2611.465
2021-08-18 11:39:00-04:00,79.13,79.13,79.125,79.125,44,21,3481.585
2021-08-18 11:40:00-04:00,79.12,79.125,79.115,79.12,48,13,3797.86
2021-08-18 11:41:00-04:00,79.115,79.12,79.11,79.115,23,14,1819.635
2021-08-18 11:42:00-04:00,79.11,79.12,79.09,79.115,113,37,8938.84
2021-08-18 11:43:00-04:00,79.115,79.115,79.1,79.1,38,16,3005.885
2021-08-18 11:44:00-04:00,79.105,79.105,79.095,79.095,73,25,5774.4
2021-08-18 11:45:00-04:00,79.095,79.11,79.09,79.11,86,30,6803.14
2021-08-18 11:46:00-04:00,79.11,79.135,79.11,79.125,41,19,3244.015
2021-08-18 11:47:00-04:00,79.13,79.135,79.11,79.115,84,21,6646.04
2021-08-18 11:48:00-04:00,79.12,79.125,79.115,79.12,94,23,7437.285
2021-08-18 11:49:00-04:00,79.125,79.13,79.105,79.105,32,10,2531.875
2021-08-18 11:50:00-04:00,79.105,79.105,79.085,79.1,103,17,8147.18
2021-08-18 11:51:00-04:00,79.095,79.11,79.095,79.1,86,25,6802.831
2021-08-18 11:52:00-04:00,79.11,79.11,79.105,79.105,68,19,5379.34
2021-08-18 11:53:00-04:00,79.105,79.115,79.105,79.11,76,16,6012.43
2021-08-18 11:54:00-04:00,79.115,79.125,79.115,79.125,38,14,3006.69
2021-08-18 11:55:00-04:00,79.12,79.13,79.115,79.125,69,20,5459.515
2021-08-18 11:56:00-04:00,79.125,79.125,79.115,79.115,66,20,5222.045
2021-08-18 11:57:00-04:00,79.115,79.12,79.115,79.12,85,25,6724.915
2021-08-18 11:58:00-04:00,79.12,79.125,79.115,79.115,96,27,7595.65
2021-08-18 11:59:00-04:00,79.115,79.12,79.11,79.12,32,13,2531.7
2021-08-18 12:00:00-04:00,79.115,79.125,79.115,79.12,57,17,4509.715
2021-08-18 12:01:00-04:00,79.12,79.12,79.105,79.11,102,18,8069.5
2021-08-18 12:02:00-04:00,79.11,79.11,79.1,79.105,133,32,10520.8
2021-08-18 12:03:00-04:00,79.11,79.115,79.11,79.115,19,8,1503.105
2021-08-18 12:04:00-04:00,79.12,79.12,79.105,79.105,33,12,2610.64
2021-08-18 12:05:00-04:00,79.105,79.115,79.105,79.115,67,12,5300.11
2021-08-18 12:06:00-04:00,79.12,79.12,79.11,79.11,38,12,3006.385
2021-08-18 12:07:00-04:00,79.11,79.11,79.105,79.105,63,22,4983.77
2021-08-18 12:08:00-04:00,79.11,79.115,79.105,79.115,50,20,3955.525
2021-08-18 12:09:00-04:00,79.11,79.11,79.095,79.095,33,20,2610.3
2021-08-18 12:10:00-04:00,79.1,79.1,79.095,79.095,38,10,3005.77
2021-08-18 12:11:00-04:00,79.095,79.095,79.075,79.08,62,23,4903.1
2021-08-18 12:12:00-04:00,79.08,79.08,79.07,79.075,62,28,4902.715
2021-08-18 12:13:00-04:00,79.075,79.08,79.075,79.08,15,6,1186.19
2021-08-18 12:14:00-04:00,79.075,79.075,79.065,79.075,86,26,6800.275
2021-08-18 12:15:00-04:00,79.075,79.08,79.07,79.075,104,21,8223.565
2021-08-18 12:16:00-04:00,79.075,79.075,79.065,79.065,60,17,4744.235
2021-08-18 12:17:00-04:00,79.06,79.065,79.055,79.06,144,53,11384.675
2021-08-18 12:18:00-04:00,79.065,79.075,79.065,79.075,71,22,5613.96
2021-08-18 12:19:00-04:00,79.075,79.075,79.07,79.07,80,17,6325.965
2021-08-18 12:20:00-04:00,79.065,79.065,79.055,79.06,25,12,1976.51
2021-08-18 12:21:00-04:00,79.06,79.06,79.035,79.055,521,116,41182.288
2021-08-18 12:22:00-04:00,79.055,79.055,79.04,79.04,65,17,5138.465
2021-08-18 12:23:00-04:00,79.04,79.045,79.04,79.04,88,19,6955.665
2021-08-18 12:24:00-04:00,79.04,79.045,79.03,79.035,74,34,5848.725
2021-08-18 12:25:00-04:00,79.035,79.04,79.025,79.04,85,23,6717.595
2021-08-18 12:26:00-04:00,79.04,79.065,79.04,79.06,282,64,22294.0
2021-08-18 12:27:00-04:00,79.06,79.075,79.05,79.05,129,29,10199.926
2021-08-18 12:28:00-04:00,79.045,79.06,79.045,79.055,97,26,7668.015
2021-08-18 12:29:00-04:00,79.06,79.065,79.055,79.065,44,20,3478.68
2021-08-18 12:30:00-04:00,79.065,79.08,79.06,79.075,65,26,5139.775
2021-08-18 12:31:00-04:00,79.075,79.08,79.07,79.08,69,22,5456.06
2021-08-18 12:32:00-04:00,79.08,79.085,79.075,79.085,93,27,7354.565
2021-08-18 12:33:00-04:00,79.085,79.1,79.085,79.1,144,35,11389.5
2021-08-18 12:34:00-04:00,79.095,79.1,79.075,79.085,63,22,4982.485
2021-08-18 12:35:00-04:00,79.085,79.085,79.075,79.085,64,26,5061.245
2021-08-18 12:36:00-04:00,79.08,79.085,79.08,79.085,22,9,1739.81
2021-08-18 12:37:00-04:00,79.085,79.09,79.085,79.09,75,14,5931.495
2021-08-18 12:38:00-04:00,79.095,79.1,79.095,79.095,13,8,1028.25
2021-08-18 12:39:00-04:00,79.1,79.105,79.095,79.095,64,19,5062.515
2021-08-18 12:40:00-04:00,79.105,79.115,79.095,79.115,254,48,20092.915
2021-08-18 12:41:00-04:00,79.115,79.115,79.11,79.11,36,10,2848.075
2021-08-18 12:42:00-04:00,79.11,79.11,79.11,79.11,1,1,79.11
2021-08-18 12:43:00-04:00,79.11,79.115,79.11,79.115,79,16,6250.04
2021-08-18 12:44:00-04:00,79.115,79.12,79.105,79.11,37,15,2927.285
2021-08-18 12:45:00-04:00,79.11,79.11,79.11,79.11,9,5,711.99
2021-08-18 12:46:00-04:00,79.115,79.12,79.115,79.12,13,5,1028.53
2021-08-18 12:47:00-04:00,79.115,79.115,79.11,79.11,28,10,2215.135
2021-08-18 12:48:00-04:00,79.115,79.125,79.115,79.125,25,6,1977.99
2021-08-18 12:49:00-04:00,79.125,79.13,79.12,79.12,25,9,1978.08
2021-08-18 12:50:00-04:00,79.12,79.12,79.115,79.115,17,7,1344.98
2021-08-18 12:51:00-04:00,79.12,79.125,79.12,79.125,55,15,4351.78
2021-08-18 12:52:00-04:00,79.13,79.13,79.115,79.115,121,30,9573.575
2021-08-18 12:53:00-04:00,79.115,79.12,79.115,79.12,15,8,1186.795
2021-08-18 12:54:00-04:00,79.12,79.12,79.105,79.11,69,10,5458.795
2021-08-18 12:55:00-04:00,79.105,79.105,79.1,79.1,35,13,2768.615
2021-08-18 12:56:00-04:00,79.105,79.105,79.095,79.095,37,13,2926.67
2021-08-18 12:57:00-04:00,79.09,79.09,79.075,79.09,59,27,4665.825
2021-08-18 12:58:00-04:00,79.085,79.085,79.085,79.085,20,9,1581.7
2021-08-18 12:59:00-04:00,79.085,79.095,79.085,79.095,48,16,3796.415
2021-08-18 13:00:00-04:00,79.09,79.09,79.075,79.075,49,20,3874.99
2021-08-18 13:01:00-04:00,79.075,79.08,79.06,79.07,246,33,19450.639
2021-08-18 13:02:00-04:00,79.075,79.075,79.065,79.07,101,22,7986.186
2021-08-18 13:03:00-04:00,79.075,79.08,79.075,79.08,56,11,4428.415
2021-08-18 13:04:00-04:00,79.08,79.09,79.075,79.09,24,12,1897.92
2021-08-18 13:05:00-04:00,79.09,79.1,79.09,79.09,43,15,3400.915
2021-08-18 13:06:00-04:00,79.085,79.085,79.085,79.085,11,2,869.935
2021-08-18 13:07:00-04:00,79.09,79.115,79.09,79.115,99,30,7831.295
2021-08-18 13:08:00-04:00,79.115,79.12,79.115,79.12,3,2,237.35
2021-08-18 13:09:00-04:00,79.115,79.125,79.115,79.125,19,12,1503.275
2021-08-18 13:10:00-04:00,79.12,79.125,79.115,79.125,21,9,1661.49
2021-08-18 13:11:00-04:00,79.125,79.13,79.12,79.13,66,14,5222.255
2021-08-18 13:12:00-04:00,79.125,79.13,79.125,79.125,19,7,1503.38
2021-08-18 13:13:00-04:00,79.125,79.125,79.125,79.125,5,3,395.625
2021-08-18 13:14:00-04:00,79.12,79.125,79.12,79.125,17,5,1345.085
2021-08-18 13:15:00-04:00,79.13,79.135,79.13,79.13,26,10,2057.39
2021-08-18 13:17:00-04:00,79.13,79.135,79.13,79.135,25,10,1978.305
2021-08-18 13:18:00-04:00,79.135,79.135,79.135,79.135,59,8,4668.965
2021-08-18 13:19:00-04:00,79.135,79.14,79.135,79.14,30,8,2374.11
2021-08-18 13:20:00-04:00,79.145,79.145,79.145,79.145,21,5,1662.045
2021-08-18 13:21:00-04:00,79.14,79.14,79.135,79.135,25,7,1978.455
2021-08-18 13:22:00-04:00,79.135,79.145,79.135,79.14,42,20,3323.87
2021-08-18 13:23:00-04:00,79.145,79.145,79.14,79.145,39,13,3086.545
2021-08-18 13:24:00-04:00,79.15,79.16,79.15,79.15,46,10,3641.085
2021-08-18 13:25:00-04:00,79.145,79.145,79.14,79.145,94,22,7439.59
2021-08-18 13:26:00-04:00,79.145,79.145,79.135,79.135,18,4,1424.485
2021-08-18 13:27:00-04:00,79.13,79.13,79.12,79.13,108,26,8545.259
2021-08-18 13:28:00-04:00,79.13,79.13,79.125,79.125,111,18,8782.909
2021-08-18 13:29:00-04:00,79.12,79.12,79.12,79.12,10,3,791.2
2021-08-18 13:30:00-04:00,79.115,79.115,79.115,79.115,18,4,1424.07
2021-08-18 13:31:00-04:00,79.11,79.125,79.11,79.125,29,8,2294.41
2021-08-18 13:32:00-04:00,79.12,79.12,79.115,79.12,29,6,2294.465
2021-08-18 13:33:00-04:00,79.12,79.12,79.12,79.12,6,1,474.72
2021-08-18 13:34:00-04:00,79.12,79.125,79.12,79.125,3,2,237.365
2021-08-18 13:35:00-04:00,79.12,79.12,79.115,79.115,19,8,1503.245
2021-08-18 13:36:00-04:00,79.115,79.12,79.115,79.12,13,7,1028.515
2021-08-18 13:37:00-04:00,79.115,79.12,79.115,79.12,9,6,712.06
2021-08-18 13:38:00-04:00,79.115,79.12,79.115,79.12,23,6,1819.72
2021-08-18 13:39:00-04:00,79.115,79.115,79.11,79.11,67,12,5300.465
2021-08-18 13:40:00-04:00,79.105,79.105,79.105,79.105,39,11,3085.095
2021-08-18 13:41:00-04:00,79.1,79.105,79.1,79.105,29,6,2293.93
2021-08-18 13:42:00-04:00,79.11,79.115,79.11,79.115,13,2,1028.435
2021-08-18 13:43:00-04:00,79.115,79.115,79.115,79.115,11,5,870.265
2021-08-18 13:44:00-04:00,79.115,79.115,79.115,79.115,1,1,79.115
2021-08-18 13:45:00-04:00,79.115,79.115,79.115,79.115,4,2,316.46
2021-08-18 13:46:00-04:00,79.11,79.11,79.105,79.105,22,11,1740.335
2021-08-18 13:47:00-04:00,79.105,79.105,79.105,79.105,3,3,237.315
2021-08-18 13:48:00-04:00,79.11,79.11,79.11,79.11,15,4,1186.65
2021-08-18 13:49:00-04:00,79.11,79.11,79.11,79.11,26,10,2056.86
2021-08-18 13:51:00-04:00,79.105,79.105,79.105,79.105,2,1,158.21
2021-08-18 13:52:00-04:00,79.105,79.11,79.105,79.11,21,7,1661.305
2021-08-18 13:53:00-04:00,79.11,79.11,79.11,79.11,6,1,474.66
2021-08-18 13:55:00-04:00,79.105,79.105,79.1,79.1,14,6,1107.46
2021-08-18 13:56:00-04:00,79.1,79.1,79.08,79.085,102,16,8067.13
2021-08-18 13:57:00-04:00,79.09,79.09,79.085,79.085,18,5,1423.58
2021-08-18 13:58:00-04:00,79.085,79.085,79.08,79.08,54,16,4270.36
2021-08-18 13:59:00-04:00,79.075,79.105,79.075,79.105,58,18,4587.14
2021-08-18 14:00:00-04:00,79.105,79.105,79.1,79.105,27,12,2135.715
2021-08-18 14:01:00-04:00,79.095,79.175,79.095,79.13,251,62,19863.77
2021-08-18 14:02:00-04:00,79.14,79.19,79.14,79.185,212,68,16784.355
2021-08-18 14:03:00-04:00,79.18,79.225,79.18,79.22,319,119,25266.832
2021-08-18 14:04:00-04:00,79.225,79.29,79.22,79.26,639,221,50649.677
2021-08-18 14:05:00-04:00,79.255,79.27,79.24,79.24,251,100,19892.914
2021-08-18 14:06:00-04:00,79.24,79.26,79.19,79.205,236,72,18698.299
2021-08-18 14:07:00-04:00,79.205,79.23,79.195,79.215,115,55,9109.295
2021-08-18 14:08:00-04:00,79.22,79.225,79.185,79.19,104,47,8237.575
2021-08-18 14:09:00-04:00,79.19,79.215,79.18,79.215,70,36,5543.795
2021-08-18 14:10:00-04:00,79.215,79.235,79.205,79.205,66,37,5228.845
2021-08-18 14:11:00-04:00,79.205,79.215,79.205,79.205,51,23,4039.59
2021-08-18 14:12:00-04:00,79.2,79.2,79.155,79.155,157,56,12430.76
2021-08-18 14:13:00-04:00,79.15,79.15,79.13,79.14,164,83,12979.437
2021-08-18 14:14:00-04:00,79.14,79.17,79.14,79.155,105,56,8311.62
2021-08-18 14:15:00-04:00,79.15,79.16,79.145,79.145,56,29,4432.69
2021-08-18 14:16:00-04:00,79.14,79.145,79.12,79.125,46,29,3640.265
2021-08-18 14:17:00-04:00,79.12,79.13,79.105,79.11,115,47,9098.1
2021-08-18 14:18:00-04:00,79.11,79.125,79.1,79.125,90,39,7120.695
2021-08-18 14:19:00-04:00,79.12,79.14,79.12,79.135,109,35,8625.63
2021-08-18 14:20:00-04:00,79.135,79.15,79.135,79.14,102,39,8072.555
2021-08-18 14:21:00-04:00,79.14,79.14,79.12,79.135,28,18,2215.69
2021-08-18 14:22:00-04:00,79.135,79.16,79.135,79.15,74,31,5856.81
2021-08-18 14:23:00-04:00,79.155,79.155,79.15,79.155,24,17,1899.695
2021-08-18 14:24:00-04:00,79.155,79.17,79.155,79.165,89,25,7045.375
2021-08-18 14:25:00-04:00,79.17,79.195,79.165,79.185,113,31,8947.705
2021-08-18 14:26:00-04:00,79.19,79.21,79.185,79.195,251,50,19879.12
2021-08-18 14:27:00-04:00,79.19,79.2,79.185,79.195,170,27,13462.79
2021-08-18 14:28:00-04:00,79.19,79.19,79.175,79.19,170,28,13461.02
2021-08-18 14:29:00-04:00,79.19,79.205,79.19,79.205,221,51,17502.205
2021-08-18 14:30:00-04:00,79.21,79.235,79.2,79.235,203,40,16080.865
2021-08-18 14:31:00-04:00,79.23,79.23,79.21,79.22,119,32,9426.91
2021-08-18 14:32:00-04:00,79.215,79.225,79.205,79.21,237,37,18773.924
2021-08-18 14:33:00-04:00,79.21,79.235,79.205,79.235,166,35,13151.631
2021-08-18 14:34:00-04:00,79.23,79.24,79.225,79.23,103,35,8160.99
2021-08-18 14:35:00-04:00,79.23,79.235,79.22,79.23,137,51,10853.986
2021-08-18 14:36:00-04:00,79.23,79.235,79.195,79.2,141,50,11169.569
2021-08-18 14:37:00-04:00,79.205,79.21,79.2,79.21,70,27,5544.445
2021-08-18 14:38:00-04:00,79.21,79.215,79.2,79.2,41,17,3247.495
2021-08-18 14:39:00-04:00,79.205,79.205,79.185,79.19,50,18,3959.68
2021-08-18 14:40:00-04:00,79.195,79.195,79.18,79.185,34,21,2692.39
2021-08-18 14:41:00-04:00,79.19,79.19,79.175,79.175,59,22,4671.71
2021-08-18 14:42:00-04:00,79.175,79.175,79.16,79.165,226,42,17892.061
2021-08-18 14:43:00-04:00,79.165,79.175,79.165,79.17,33,13,2612.63
2021-08-18 14:44:00-04:00,79.175,79.18,79.17,79.17,40,11,3166.915
2021-08-18 14:45:00-04:00,79.17,79.175,79.155,79.155,77,28,6096.08
2021-08-18 14:46:00-04:00,79.155,79.155,79.14,79.145,61,25,4828.185
2021-08-18 14:47:00-04:00,79.15,79.155,79.14,79.15,67,17,5302.9
2021-08-18 14:48:00-04:00,79.15,79.15,79.13,79.135,52,20,4115.181
2021-08-18 14:49:00-04:00,79.135,79.16,79.135,79.155,102,21,8073.005
2021-08-18 14:50:00-04:00,79.15,79.155,79.15,79.15,46,13,3640.95
2021-08-18 14:51:00-04:00,79.155,79.155,79.135,79.135,34,22,2690.995
2021-08-18 14:52:00-04:00,79.14,79.14,79.125,79.13,47,15,3719.395
2021-08-18 14:53:00-04:00,79.13,79.14,79.13,79.14,56,25,4431.51
2021-08-18 14:54:00-04:00,79.135,79.14,79.13,79.13,52,20,4114.945
2021-08-18 14:55:00-04:00,79.135,79.14,79.13,79.13,53,20,4194.135
2021-08-18 14:56:00-04:00,79.13,79.135,79.125,79.135,81,24,6409.695
2021-08-18 14:57:00-04:00,79.135,79.165,79.135,79.165,232,56,18362.886
2021-08-18 14:58:00-04:00,79.165,79.18,79.165,79.18,308,72,24385.406
2021-08-18 14:59:00-04:00,79.175,79.175,79.145,79.15,949,224,75121.838
2021-08-18 15:00:00-04:00,79.15,79.16,79.15,79.16,245,45,19393.144
2021-08-18 15:01:00-04:00,79.16,79.16,79.145,79.155,121,24,9578.075
2021-08-18 15:02:00-04:00,79.15,79.155,79.145,79.145,147,41,11635.175
2021-08-18 15:03:00-04:00,79.145,79.145,79.13,79.13,30,16,2374.165
2021-08-18 15:04:00-04:00,79.135,79.14,79.135,79.14,24,15,1899.26
2021-08-18 15:05:00-04:00,79.14,79.14,79.13,79.135,41,17,3244.44
2021-08-18 15:06:00-04:00,79.135,79.145,79.135,79.14,15,9,1187.085
2021-08-18 15:07:00-04:00,79.14,79.14,79.14,79.14,11,6,870.54
2021-08-18 15:08:00-04:00,79.145,79.155,79.14,79.14,81,26,6410.94
2021-08-18 15:09:00-04:00,79.14,79.145,79.14,79.14,13,7,1028.84
2021-08-18 15:10:00-04:00,79.14,79.14,79.135,79.14,32,13,2532.435
2021-08-18 15:11:00-04:00,79.14,79.14,79.135,79.135,70,8,5539.76
2021-08-18 15:12:00-04:00,79.135,79.14,79.135,79.14,16,8,1266.21
2021-08-18 15:13:00-04:00,79.14,79.14,79.14,79.14,2,1,158.28
2021-08-18 15:14:00-04:00,79.135,79.14,79.135,79.135,18,10,1424.455
2021-08-18 15:15:00-04:00,79.135,79.135,79.12,79.135,110,31,8703.974
2021-08-18 15:16:00-04:00,79.13,79.14,79.13,79.14,19,10,1503.575
2021-08-18 15:17:00-04:00,79.145,79.145,79.14,79.145,23,11,1820.27
2021-08-18 15:18:00-04:00,79.145,79.145,79.145,79.145,5,4,395.725
2021-08-18 15:19:00-04:00,79.145,79.15,79.145,79.15,17,11,1345.47
2021-08-18 15:20:00-04:00,79.15,79.15,79.145,79.145,53,29,4194.85
2021-08-18 15:21:00-04:00,79.145,79.145,79.14,79.145,17,11,1345.46
2021-08-18 15:22:00-04:00,79.145,79.145,79.13,79.14,40,23,3165.58
2021-08-18 15:23:00-04:00,79.14,79.14,79.13,79.13,21,12,1661.83
2021-08-18 15:24:00-04:00,79.13,79.13,79.125,79.125,25,15,1978.16
2021-08-18 15:25:00-04:00,79.125,79.125,79.12,79.12,8,4,632.97
2021-08-18 15:26:00-04:00,79.12,79.12,79.12,79.12,3,2,237.36
2021-08-18 15:27:00-04:00,79.12,79.12,79.115,79.115,27,10,2136.23
2021-08-18 15:28:00-04:00,79.115,79.115,79.115,79.115,22,12,1740.53
2021-08-18 15:29:00-04:00,79.115,79.115,79.105,79.11,83,24,6566.02
2021-08-18 15:30:00-04:00,79.105,79.11,79.105,79.11,23,16,1819.485
2021-08-18 15:31:00-04:00,79.11,79.11,79.08,79.08,82,36,6485.246
2021-08-18 15:32:00-04:00,79.08,79.09,79.08,79.09,38,16,3005.28
2021-08-18 15:33:00-04:00,79.085,79.095,79.08,79.08,35,20,2768.005
2021-08-18 15:34:00-04:00,79.085,79.09,79.08,79.08,49,20,3875.18
2021-08-18 15:35:00-04:00,79.08,79.085,79.075,79.075,37,14,2925.94
2021-08-18 15:36:00-04:00,79.07,79.07,79.06,79.065,246,52,19449.95
2021-08-18 15:37:00-04:00,79.065,79.065,79.05,79.055,64,16,5059.625
2021-08-18 15:38:00-04:00,79.055,79.06,79.05,79.06,44,11,3478.47
2021-08-18 15:39:00-04:00,79.065,79.065,79.065,79.065,53,20,4190.445
2021-08-18 15:40:00-04:00,79.065,79.075,79.06,79.075,50,23,3953.3
2021-08-18 15:41:00-04:00,79.08,79.095,79.08,79.09,65,25,5140.58
2021-08-18 15:42:00-04:00,79.09,79.09,79.08,79.085,20,9,1581.68
2021-08-18 15:43:00-04:00,79.085,79.09,79.08,79.08,33,14,2609.84
2021-08-18 15:44:00-04:00,79.08,79.085,79.075,79.075,20,7,1581.565
2021-08-18 15:45:00-04:00,79.08,79.08,79.065,79.065,30,13,2372.285
2021-08-18 15:46:00-04:00,79.065,79.065,79.05,79.055,44,25,3478.385
2021-08-18 15:47:00-04:00,79.055,79.06,79.05,79.06,33,15,2608.785
2021-08-18 15:48:00-04:00,79.06,79.06,79.055,79.06,53,18,4190.015
2021-08-18 15:49:00-04:00,79.06,79.065,79.06,79.06,120,35,9487.3
2021-08-18 15:50:00-04:00,79.055,79.06,79.045,79.045,56,27,4426.97
2021-08-18 15:51:00-04:00,79.05,79.055,79.045,79.055,35,15,2766.645
2021-08-18 15:52:00-04:00,79.06,79.07,79.06,79.065,63,12,4981.105
2021-08-18 15:53:00-04:00,79.06,79.06,79.055,79.055,29,17,2292.735
2021-08-18 15:54:00-04:00,79.06,79.07,79.06,79.065,85,23,6720.386
2021-08-18 15:55:00-04:00,79.065,79.065,79.045,79.045,76,25,6007.655
2021-08-18 15:56:00-04:00,79.05,79.055,79.045,79.05,82,28,6482.125
2021-08-18 15:57:00-04:00,79.05,79.05,79.04,79.045,53,13,4189.31
2021-08-18 15:58:00-04:00,79.04,79.05,79.04,79.04,99,31,7825.325
2021-08-18 15:59:00-04:00,79.04,79.045,79.03,79.04,181,52,14305.446
