,CDM1 Curncy,CDM1 Curncy,CDM1 Curncy,CDM1 Curncy,CDM1 Curncy,CDM1 Curncy,CDM1 Curncy
,open,high,low,close,volume,num_trds,value
2021-06-02 18:00:00-04:00,83.07,83.08,83.07,83.08,25,8,2076.88
2021-06-02 18:01:00-04:00,83.075,83.08,83.075,83.08,24,5,1993.905
2021-06-02 18:02:00-04:00,83.075,83.075,83.075,83.075,1,1,83.075
2021-06-02 18:03:00-04:00,83.075,83.075,83.075,83.075,1,1,83.075
2021-06-02 18:04:00-04:00,83.075,83.075,83.075,83.075,9,4,747.675
2021-06-02 18:10:00-04:00,83.075,83.075,83.075,83.075,1,1,83.075
2021-06-02 18:11:00-04:00,83.075,83.075,83.075,83.075,2,1,166.15
2021-06-02 18:13:00-04:00,83.07,83.07,83.07,83.07,1,1,83.07
2021-06-02 18:14:00-04:00,83.075,83.075,83.075,83.075,5,2,415.375
2021-06-02 18:16:00-04:00,83.075,83.075,83.075,83.075,1,1,83.075
2021-06-02 18:23:00-04:00,83.075,83.075,83.075,83.075,6,3,498.45
2021-06-02 18:24:00-04:00,83.075,83.075,83.075,83.075,2,1,166.15
2021-06-02 18:25:00-04:00,83.075,83.075,83.075,83.075,1,1,83.075
2021-06-02 18:26:00-04:00,83.075,83.08,83.075,83.08,11,4,913.85
2021-06-02 18:27:00-04:00,83.08,83.08,83.08,83.08,2,2,166.16
2021-06-02 18:30:00-04:00,83.08,83.08,83.08,83.08,4,1,332.32
2021-06-02 18:31:00-04:00,83.08,83.085,83.08,83.085,14,3,1163.155
2021-06-02 18:32:00-04:00,83.08,83.08,83.08,83.08,1,1,83.08
2021-06-02 18:36:00-04:00,83.085,83.09,83.085,83.09,10,3,830.885
2021-06-02 18:37:00-04:00,83.09,83.09,83.09,83.09,4,1,332.36
2021-06-02 18:38:00-04:00,83.09,83.09,83.09,83.09,2,1,166.18
2021-06-02 18:41:00-04:00,83.09,83.09,83.09,83.09,1,1,83.09
2021-06-02 18:42:00-04:00,83.09,83.09,83.085,83.085,4,4,332.345
2021-06-02 18:43:00-04:00,83.09,83.09,83.09,83.09,1,1,83.09
2021-06-02 18:44:00-04:00,83.085,83.085,83.085,83.085,27,3,2243.295
2021-06-02 18:45:00-04:00,83.09,83.09,83.09,83.09,1,1,83.09
2021-06-02 18:46:00-04:00,83.09,83.09,83.085,83.085,12,3,997.025
2021-06-02 18:47:00-04:00,83.08,83.08,83.08,83.08,1,1,83.08
2021-06-02 18:48:00-04:00,83.08,83.085,83.08,83.085,15,11,1246.27
2021-06-02 18:50:00-04:00,83.085,83.085,83.085,83.085,12,2,997.02
2021-06-02 18:51:00-04:00,83.085,83.085,83.085,83.085,4,4,332.34
2021-06-02 18:52:00-04:00,83.085,83.085,83.065,83.08,120,36,9968.859
2021-06-02 18:55:00-04:00,83.08,83.09,83.08,83.09,11,3,913.92
2021-06-02 18:56:00-04:00,83.085,83.085,83.085,83.085,14,3,1163.19
2021-06-02 18:57:00-04:00,83.08,83.08,83.08,83.08,11,3,913.88
2021-06-02 18:58:00-04:00,83.075,83.075,83.06,83.06,52,12,4319.51
2021-06-02 18:59:00-04:00,83.065,83.07,83.065,83.07,17,4,1412.125
2021-06-02 19:00:00-04:00,83.07,83.07,83.065,83.07,5,5,415.34
2021-06-02 19:01:00-04:00,83.065,83.065,83.06,83.06,99,10,8223.051
2021-06-02 19:02:00-04:00,83.055,83.055,83.055,83.055,2,2,166.11
2021-06-02 19:03:00-04:00,83.06,83.06,83.06,83.06,30,5,2491.8
2021-06-02 19:04:00-04:00,83.065,83.065,83.065,83.065,2,2,166.13
2021-06-02 19:05:00-04:00,83.065,83.065,83.065,83.065,2,2,166.13
2021-06-02 19:07:00-04:00,83.065,83.065,83.065,83.065,6,4,498.39
2021-06-02 19:10:00-04:00,83.065,83.065,83.065,83.065,1,1,83.065
2021-06-02 19:13:00-04:00,83.065,83.065,83.065,83.065,1,1,83.065
2021-06-02 19:14:00-04:00,83.065,83.065,83.065,83.065,1,1,83.065
2021-06-02 19:16:00-04:00,83.06,83.065,83.06,83.065,2,2,166.125
2021-06-02 19:17:00-04:00,83.065,83.065,83.065,83.065,11,3,913.715
2021-06-02 19:22:00-04:00,83.065,83.065,83.065,83.065,1,1,83.065
2021-06-02 19:23:00-04:00,83.07,83.07,83.07,83.07,10,4,830.7
2021-06-02 19:25:00-04:00,83.07,83.07,83.07,83.07,1,1,83.07
2021-06-02 19:29:00-04:00,83.065,83.065,83.065,83.065,6,3,498.39
2021-06-02 19:31:00-04:00,83.06,83.06,83.06,83.06,15,2,1245.9
2021-06-02 19:32:00-04:00,83.055,83.055,83.055,83.055,6,1,498.33
2021-06-02 19:33:00-04:00,83.055,83.055,83.055,83.055,48,6,3986.64
2021-06-02 19:34:00-04:00,83.05,83.05,83.05,83.05,1,1,83.05
2021-06-02 19:35:00-04:00,83.05,83.05,83.05,83.05,12,3,996.6
2021-06-02 19:36:00-04:00,83.05,83.05,83.05,83.05,8,2,664.4
2021-06-02 19:37:00-04:00,83.05,83.05,83.05,83.05,3,2,249.15
2021-06-02 19:38:00-04:00,83.05,83.05,83.05,83.05,1,1,83.05
2021-06-02 19:39:00-04:00,83.05,83.05,83.05,83.05,1,1,83.05
2021-06-02 19:41:00-04:00,83.05,83.05,83.05,83.05,21,4,1744.05
2021-06-02 19:42:00-04:00,83.045,83.045,83.045,83.045,1,1,83.045
2021-06-02 19:43:00-04:00,83.05,83.05,83.045,83.045,48,3,3986.395
2021-06-02 19:44:00-04:00,83.045,83.055,83.045,83.055,15,6,1245.805
2021-06-02 19:48:00-04:00,83.055,83.055,83.055,83.055,9,2,747.495
2021-06-02 19:49:00-04:00,83.06,83.065,83.06,83.06,14,6,1162.86
2021-06-02 19:51:00-04:00,83.06,83.06,83.06,83.06,3,1,249.18
2021-06-02 19:52:00-04:00,83.06,83.06,83.06,83.06,1,1,83.06
2021-06-02 19:56:00-04:00,83.055,83.055,83.055,83.055,5,2,415.275
2021-06-02 19:57:00-04:00,83.055,83.055,83.055,83.055,7,1,581.385
2021-06-02 20:00:00-04:00,83.055,83.055,83.055,83.055,1,1,83.055
2021-06-02 20:01:00-04:00,83.055,83.06,83.055,83.06,5,2,415.295
2021-06-02 20:02:00-04:00,83.06,83.06,83.06,83.06,9,5,747.54
2021-06-02 20:03:00-04:00,83.06,83.065,83.055,83.055,32,7,2657.91
2021-06-02 20:04:00-04:00,83.055,83.055,83.05,83.05,20,6,1661.09
2021-06-02 20:06:00-04:00,83.05,83.05,83.05,83.05,32,2,2657.6
2021-06-02 20:07:00-04:00,83.05,83.06,83.05,83.055,63,15,5232.36
2021-06-02 20:08:00-04:00,83.06,83.07,83.06,83.065,55,12,4568.555
2021-06-02 20:09:00-04:00,83.065,83.065,83.065,83.065,5,2,415.325
2021-06-02 20:12:00-04:00,83.065,83.07,83.065,83.07,21,4,1744.395
2021-06-02 20:13:00-04:00,83.065,83.065,83.065,83.065,22,3,1827.43
2021-06-02 20:14:00-04:00,83.07,83.07,83.07,83.07,2,2,166.14
2021-06-02 20:15:00-04:00,83.065,83.065,83.065,83.065,6,2,498.39
2021-06-02 20:17:00-04:00,83.065,83.075,83.065,83.075,8,3,664.57
2021-06-02 20:18:00-04:00,83.07,83.08,83.07,83.08,9,5,747.67
2021-06-02 20:19:00-04:00,83.08,83.08,83.08,83.08,2,2,166.16
2021-06-02 20:20:00-04:00,83.08,83.08,83.08,83.08,24,17,1993.92
2021-06-02 20:21:00-04:00,83.075,83.075,83.075,83.075,214,30,17778.047
2021-06-02 20:23:00-04:00,83.075,83.075,83.075,83.075,1,1,83.075
2021-06-02 20:25:00-04:00,83.08,83.08,83.08,83.08,13,3,1080.04
2021-06-02 20:26:00-04:00,83.08,83.085,83.08,83.085,6,3,498.5
2021-06-02 20:28:00-04:00,83.08,83.09,83.08,83.09,5,4,415.42
2021-06-02 20:29:00-04:00,83.09,83.095,83.09,83.095,13,6,1080.22
2021-06-02 20:30:00-04:00,83.095,83.1,83.095,83.1,6,4,498.585
2021-06-02 20:31:00-04:00,83.095,83.095,83.095,83.095,29,7,2409.755
2021-06-02 20:32:00-04:00,83.095,83.095,83.095,83.095,6,3,498.57
2021-06-02 20:33:00-04:00,83.095,83.1,83.095,83.1,31,4,2575.96
2021-06-02 20:34:00-04:00,83.095,83.095,83.095,83.095,67,10,5567.366
2021-06-02 20:36:00-04:00,83.095,83.095,83.095,83.095,4,3,332.38
2021-06-02 20:37:00-04:00,83.095,83.1,83.095,83.1,6,3,498.59
2021-06-02 20:39:00-04:00,83.1,83.1,83.1,83.1,1,1,83.1
2021-06-02 20:40:00-04:00,83.1,83.11,83.1,83.11,53,19,4404.575
2021-06-02 20:41:00-04:00,83.11,83.115,83.11,83.115,8,5,664.895
2021-06-02 20:42:00-04:00,83.11,83.115,83.11,83.115,34,10,2825.795
2021-06-02 20:44:00-04:00,83.12,83.125,83.12,83.12,46,16,3823.575
2021-06-02 20:45:00-04:00,83.12,83.12,83.12,83.12,10,3,831.2
2021-06-02 20:46:00-04:00,83.12,83.12,83.115,83.115,13,4,1080.54
2021-06-02 20:47:00-04:00,83.115,83.115,83.115,83.115,46,2,3823.29
2021-06-02 20:48:00-04:00,83.12,83.12,83.12,83.12,5,4,415.6
2021-06-02 20:49:00-04:00,83.125,83.125,83.12,83.12,38,10,3158.635
2021-06-02 20:50:00-04:00,83.115,83.115,83.115,83.115,1,1,83.115
2021-06-02 20:51:00-04:00,83.115,83.115,83.115,83.115,6,2,498.69
2021-06-02 20:52:00-04:00,83.115,83.115,83.115,83.115,8,3,664.92
2021-06-02 20:53:00-04:00,83.115,83.115,83.11,83.11,38,9,3158.355
2021-06-02 20:54:00-04:00,83.115,83.125,83.115,83.115,35,11,2909.2
2021-06-02 20:55:00-04:00,83.11,83.115,83.11,83.115,19,12,1579.11
2021-06-02 20:56:00-04:00,83.11,83.115,83.11,83.115,8,5,664.895
2021-06-02 20:57:00-04:00,83.11,83.11,83.11,83.11,6,4,498.66
2021-06-02 20:59:00-04:00,83.11,83.115,83.11,83.115,3,2,249.34
2021-06-02 21:00:00-04:00,83.115,83.12,83.115,83.115,22,11,1828.56
2021-06-02 21:01:00-04:00,83.105,83.105,83.09,83.09,14,9,1163.345
2021-06-02 21:02:00-04:00,83.095,83.1,83.095,83.1,7,3,581.675
2021-06-02 21:03:00-04:00,83.1,83.105,83.1,83.105,3,3,249.305
2021-06-02 21:04:00-04:00,83.105,83.105,83.105,83.105,7,3,581.735
2021-06-02 21:05:00-04:00,83.105,83.11,83.105,83.11,10,3,831.095
2021-06-02 21:06:00-04:00,83.11,83.11,83.11,83.11,1,1,83.11
2021-06-02 21:07:00-04:00,83.115,83.115,83.115,83.115,2,2,166.23
2021-06-02 21:08:00-04:00,83.12,83.12,83.12,83.12,9,3,748.08
2021-06-02 21:09:00-04:00,83.12,83.12,83.11,83.11,11,5,914.26
2021-06-02 21:10:00-04:00,83.11,83.11,83.11,83.11,1,1,83.11
2021-06-02 21:11:00-04:00,83.115,83.115,83.115,83.115,2,1,166.23
2021-06-02 21:13:00-04:00,83.11,83.11,83.105,83.105,40,8,3324.345
2021-06-02 21:14:00-04:00,83.105,83.105,83.105,83.105,3,2,249.315
2021-06-02 21:15:00-04:00,83.1,83.1,83.095,83.095,25,7,2077.425
2021-06-02 21:16:00-04:00,83.09,83.09,83.085,83.085,18,9,1495.56
2021-06-02 21:17:00-04:00,83.08,83.08,83.075,83.075,36,6,2990.825
2021-06-02 21:18:00-04:00,83.07,83.08,83.07,83.08,15,6,1246.135
2021-06-02 21:19:00-04:00,83.08,83.08,83.075,83.075,8,2,664.605
2021-06-02 21:20:00-04:00,83.075,83.08,83.075,83.08,4,2,332.305
2021-06-02 21:21:00-04:00,83.085,83.085,83.085,83.085,4,2,332.34
2021-06-02 21:22:00-04:00,83.08,83.08,83.08,83.08,1,1,83.08
2021-06-02 21:23:00-04:00,83.085,83.09,83.085,83.09,21,5,1744.795
2021-06-02 21:24:00-04:00,83.09,83.095,83.085,83.09,42,20,3489.655
2021-06-02 21:25:00-04:00,83.085,83.085,83.08,83.08,5,4,415.42
2021-06-02 21:26:00-04:00,83.09,83.09,83.09,83.09,8,2,664.72
2021-06-02 21:27:00-04:00,83.09,83.09,83.09,83.09,2,1,166.18
2021-06-02 21:28:00-04:00,83.095,83.1,83.095,83.1,11,5,914.06
2021-06-02 21:29:00-04:00,83.1,83.11,83.1,83.105,32,11,2659.31
2021-06-02 21:30:00-04:00,83.105,83.105,83.09,83.09,41,17,3406.975
2021-06-02 21:31:00-04:00,83.09,83.095,83.09,83.095,53,13,4403.925
2021-06-02 21:32:00-04:00,83.1,83.1,83.1,83.1,21,5,1745.1
2021-06-02 21:33:00-04:00,83.105,83.105,83.105,83.105,1,1,83.105
2021-06-02 21:34:00-04:00,83.1,83.1,83.095,83.095,13,4,1080.255
2021-06-02 21:35:00-04:00,83.095,83.095,83.09,83.09,15,5,1246.355
2021-06-02 21:36:00-04:00,83.095,83.095,83.095,83.095,8,3,664.76
2021-06-02 21:37:00-04:00,83.09,83.095,83.09,83.095,4,2,332.375
2021-06-02 21:38:00-04:00,83.095,83.095,83.095,83.095,2,1,166.19
2021-06-02 21:40:00-04:00,83.095,83.095,83.085,83.085,16,7,1329.495
2021-06-02 21:41:00-04:00,83.09,83.09,83.085,83.085,11,3,913.955
2021-06-02 21:42:00-04:00,83.08,83.08,83.08,83.08,13,2,1080.04
2021-06-02 21:43:00-04:00,83.08,83.08,83.08,83.08,18,3,1495.44
2021-06-02 21:44:00-04:00,83.08,83.085,83.08,83.085,9,2,747.735
2021-06-02 21:45:00-04:00,83.085,83.085,83.07,83.07,34,8,2824.51
2021-06-02 21:46:00-04:00,83.07,83.07,83.07,83.07,16,4,1329.12
2021-06-02 21:47:00-04:00,83.07,83.07,83.065,83.065,13,5,1079.905
2021-06-02 21:48:00-04:00,83.07,83.07,83.065,83.065,37,10,3073.455
2021-06-02 21:49:00-04:00,83.065,83.065,83.065,83.065,1,1,83.065
2021-06-02 21:50:00-04:00,83.06,83.06,83.06,83.06,5,1,415.3
2021-06-02 21:51:00-04:00,83.055,83.055,83.055,83.055,5,3,415.275
2021-06-02 21:52:00-04:00,83.055,83.055,83.055,83.055,14,4,1162.77
2021-06-02 21:53:00-04:00,83.055,83.06,83.055,83.06,3,2,249.175
2021-06-02 21:55:00-04:00,83.06,83.06,83.055,83.055,22,7,1827.26
2021-06-02 21:56:00-04:00,83.055,83.055,83.055,83.055,1,1,83.055
2021-06-02 21:57:00-04:00,83.06,83.065,83.06,83.065,5,2,415.305
2021-06-02 21:58:00-04:00,83.06,83.06,83.06,83.06,7,3,581.42
2021-06-02 21:59:00-04:00,83.06,83.06,83.06,83.06,4,1,332.24
2021-06-02 22:00:00-04:00,83.06,83.065,83.06,83.065,5,3,415.305
2021-06-02 22:01:00-04:00,83.06,83.06,83.06,83.06,5,3,415.3
2021-06-02 22:02:00-04:00,83.065,83.065,83.065,83.065,1,1,83.065
2021-06-02 22:03:00-04:00,83.065,83.065,83.06,83.06,21,8,1744.305
2021-06-02 22:04:00-04:00,83.06,83.06,83.05,83.055,42,8,3488.165
2021-06-02 22:05:00-04:00,83.055,83.06,83.055,83.06,4,3,332.23
2021-06-02 22:06:00-04:00,83.055,83.055,83.055,83.055,1,1,83.055
2021-06-02 22:07:00-04:00,83.06,83.06,83.06,83.06,2,2,166.12
2021-06-02 22:08:00-04:00,83.055,83.06,83.055,83.06,31,8,2574.78
2021-06-02 22:09:00-04:00,83.055,83.055,83.055,83.055,12,1,996.66
2021-06-02 22:10:00-04:00,83.055,83.065,83.055,83.055,88,11,7309.116
2021-06-02 22:11:00-04:00,83.05,83.055,83.05,83.055,23,5,1910.2
2021-06-02 22:12:00-04:00,83.05,83.05,83.045,83.045,11,3,913.54
2021-06-02 22:13:00-04:00,83.05,83.05,83.05,83.05,11,1,913.55
2021-06-02 22:14:00-04:00,83.05,83.055,83.05,83.055,14,4,1162.715
2021-06-02 22:15:00-04:00,83.06,83.06,83.06,83.06,95,16,7890.701
2021-06-02 22:16:00-04:00,83.06,83.06,83.06,83.06,53,7,4402.18
2021-06-02 22:17:00-04:00,83.065,83.065,83.065,83.065,5,1,415.325
2021-06-02 22:18:00-04:00,83.065,83.065,83.065,83.065,6,3,498.39
2021-06-02 22:19:00-04:00,83.065,83.07,83.065,83.07,21,6,1744.395
2021-06-02 22:20:00-04:00,83.07,83.07,83.07,83.07,13,5,1079.91
2021-06-02 22:21:00-04:00,83.07,83.07,83.065,83.065,16,5,1329.085
2021-06-02 22:22:00-04:00,83.065,83.065,83.065,83.065,1,1,83.065
2021-06-02 22:23:00-04:00,83.065,83.065,83.065,83.065,18,5,1495.17
2021-06-02 22:25:00-04:00,83.065,83.065,83.06,83.065,15,6,1245.97
2021-06-02 22:26:00-04:00,83.065,83.065,83.065,83.065,6,1,498.39
2021-06-02 22:27:00-04:00,83.065,83.065,83.06,83.06,19,3,1578.155
2021-06-02 22:28:00-04:00,83.055,83.055,83.045,83.045,11,4,913.57
2021-06-02 22:29:00-04:00,83.055,83.055,83.05,83.055,16,6,1328.86
2021-06-02 22:30:00-04:00,83.055,83.055,83.055,83.055,6,2,498.33
2021-06-02 22:31:00-04:00,83.05,83.05,83.04,83.04,25,14,2076.05
2021-06-02 22:32:00-04:00,83.035,83.035,83.03,83.03,24,7,1992.795
2021-06-02 22:33:00-04:00,83.03,83.035,83.03,83.035,48,16,3985.45
2021-06-02 22:34:00-04:00,83.03,83.03,83.03,83.03,7,2,581.21
2021-06-02 22:35:00-04:00,83.03,83.035,83.025,83.03,55,12,4566.65
2021-06-02 22:36:00-04:00,83.03,83.045,83.03,83.045,15,5,1245.525
2021-06-02 22:37:00-04:00,83.04,83.04,83.025,83.025,15,8,1245.5
2021-06-02 22:38:00-04:00,83.03,83.03,83.03,83.03,11,3,913.33
2021-06-02 22:40:00-04:00,83.03,83.035,83.025,83.035,12,5,996.36
2021-06-02 22:41:00-04:00,83.035,83.035,83.02,83.03,93,23,7721.685
2021-06-02 22:42:00-04:00,83.035,83.035,83.03,83.03,14,9,1162.47
2021-06-02 22:43:00-04:00,83.03,83.03,83.03,83.03,1,1,83.03
2021-06-02 22:44:00-04:00,83.035,83.035,83.035,83.035,2,1,166.07
2021-06-02 22:45:00-04:00,83.035,83.04,83.035,83.04,18,7,1494.645
2021-06-02 22:47:00-04:00,83.04,83.04,83.04,83.04,4,2,332.16
2021-06-02 22:48:00-04:00,83.045,83.05,83.045,83.05,3,3,249.14
2021-06-02 22:49:00-04:00,83.045,83.045,83.04,83.04,12,4,996.52
2021-06-02 22:50:00-04:00,83.035,83.035,83.025,83.025,65,16,5396.76
2021-06-02 22:52:00-04:00,83.03,83.035,83.03,83.03,9,4,747.275
2021-06-02 22:53:00-04:00,83.035,83.035,83.035,83.035,2,1,166.07
2021-06-02 22:54:00-04:00,83.035,83.04,83.035,83.04,7,3,581.275
2021-06-02 22:55:00-04:00,83.045,83.045,83.045,83.045,3,2,249.135
2021-06-02 22:56:00-04:00,83.05,83.05,83.05,83.05,1,1,83.05
2021-06-02 22:57:00-04:00,83.045,83.045,83.045,83.045,12,4,996.54
2021-06-02 22:58:00-04:00,83.05,83.05,83.045,83.045,8,4,664.365
2021-06-02 22:59:00-04:00,83.045,83.045,83.045,83.045,4,3,332.18
2021-06-02 23:00:00-04:00,83.05,83.05,83.05,83.05,2,2,166.1
2021-06-02 23:01:00-04:00,83.05,83.05,83.05,83.05,4,2,332.2
2021-06-02 23:02:00-04:00,83.05,83.05,83.05,83.05,1,1,83.05
2021-06-02 23:03:00-04:00,83.055,83.055,83.055,83.055,1,1,83.055
2021-06-02 23:04:00-04:00,83.055,83.055,83.055,83.055,1,1,83.055
2021-06-02 23:05:00-04:00,83.055,83.055,83.05,83.05,32,5,2657.69
2021-06-02 23:08:00-04:00,83.045,83.045,83.045,83.045,1,1,83.045
2021-06-02 23:09:00-04:00,83.045,83.045,83.045,83.045,4,2,332.18
2021-06-02 23:10:00-04:00,83.045,83.045,83.045,83.045,1,1,83.045
2021-06-02 23:11:00-04:00,83.05,83.055,83.05,83.055,23,5,1910.22
2021-06-02 23:12:00-04:00,83.055,83.055,83.05,83.055,42,13,3488.25
2021-06-02 23:14:00-04:00,83.05,83.05,83.05,83.05,10,4,830.5
2021-06-02 23:15:00-04:00,83.055,83.055,83.055,83.055,3,2,249.165
2021-06-02 23:17:00-04:00,83.055,83.055,83.055,83.055,3,1,249.165
2021-06-02 23:19:00-04:00,83.05,83.055,83.05,83.055,17,3,1411.905
2021-06-02 23:20:00-04:00,83.05,83.055,83.05,83.055,14,5,1162.725
2021-06-02 23:21:00-04:00,83.055,83.055,83.055,83.055,1,1,83.055
2021-06-02 23:22:00-04:00,83.055,83.055,83.055,83.055,1,1,83.055
2021-06-02 23:24:00-04:00,83.05,83.055,83.05,83.055,7,3,581.38
2021-06-02 23:25:00-04:00,83.055,83.055,83.04,83.04,40,10,3321.875
2021-06-02 23:26:00-04:00,83.04,83.045,83.04,83.045,22,4,1826.885
2021-06-02 23:27:00-04:00,83.045,83.045,83.045,83.045,9,4,747.405
2021-06-02 23:28:00-04:00,83.045,83.045,83.045,83.045,6,1,498.27
2021-06-02 23:29:00-04:00,83.045,83.045,83.045,83.045,1,1,83.045
2021-06-02 23:33:00-04:00,83.05,83.05,83.05,83.05,3,1,249.15
2021-06-02 23:34:00-04:00,83.05,83.05,83.05,83.05,2,2,166.1
2021-06-02 23:35:00-04:00,83.05,83.05,83.05,83.05,1,1,83.05
2021-06-02 23:36:00-04:00,83.055,83.06,83.055,83.06,14,6,1162.83
2021-06-02 23:37:00-04:00,83.06,83.06,83.06,83.06,4,1,332.24
2021-06-02 23:38:00-04:00,83.06,83.06,83.06,83.06,1,1,83.06
2021-06-02 23:39:00-04:00,83.06,83.06,83.06,83.06,1,1,83.06
2021-06-02 23:40:00-04:00,83.06,83.065,83.06,83.065,3,3,249.185
2021-06-02 23:41:00-04:00,83.065,83.065,83.065,83.065,3,1,249.195
2021-06-02 23:42:00-04:00,83.065,83.065,83.065,83.065,2,2,166.13
2021-06-02 23:43:00-04:00,83.065,83.065,83.065,83.065,1,1,83.065
2021-06-02 23:44:00-04:00,83.06,83.06,83.06,83.06,3,1,249.18
2021-06-02 23:45:00-04:00,83.065,83.065,83.065,83.065,5,2,415.325
2021-06-02 23:46:00-04:00,83.06,83.06,83.055,83.055,23,6,1910.355
2021-06-02 23:47:00-04:00,83.06,83.06,83.06,83.06,3,1,249.18
2021-06-02 23:49:00-04:00,83.065,83.065,83.065,83.065,3,1,249.195
2021-06-02 23:51:00-04:00,83.065,83.065,83.065,83.065,2,2,166.13
2021-06-02 23:52:00-04:00,83.065,83.065,83.065,83.065,1,1,83.065
2021-06-02 23:53:00-04:00,83.07,83.07,83.065,83.065,8,5,664.545
2021-06-02 23:55:00-04:00,83.065,83.065,83.065,83.065,1,1,83.065
2021-06-02 23:56:00-04:00,83.06,83.06,83.06,83.06,1,1,83.06
2021-06-02 23:57:00-04:00,83.065,83.07,83.065,83.065,9,4,747.59
2021-06-02 23:58:00-04:00,83.065,83.065,83.065,83.065,6,1,498.39
2021-06-02 23:59:00-04:00,83.07,83.07,83.07,83.07,18,5,1495.26
2021-06-03 00:00:00-04:00,83.07,83.07,83.07,83.07,9,3,747.63
2021-06-03 00:01:00-04:00,83.07,83.07,83.07,83.07,3,1,249.21
2021-06-03 00:02:00-04:00,83.07,83.07,83.07,83.07,5,3,415.35
2021-06-03 00:03:00-04:00,83.07,83.07,83.07,83.07,2,2,166.14
2021-06-03 00:04:00-04:00,83.075,83.08,83.075,83.08,18,8,1495.385
2021-06-03 00:05:00-04:00,83.08,83.08,83.08,83.08,3,1,249.24
2021-06-03 00:08:00-04:00,83.075,83.075,83.065,83.065,40,13,3322.765
2021-06-03 00:09:00-04:00,83.06,83.06,83.055,83.055,25,8,2076.485
2021-06-03 00:10:00-04:00,83.06,83.06,83.055,83.055,34,5,2824.025
2021-06-03 00:11:00-04:00,83.055,83.055,83.055,83.055,5,4,415.275
2021-06-03 00:12:00-04:00,83.055,83.06,83.055,83.06,3,2,249.17
2021-06-03 00:13:00-04:00,83.065,83.065,83.06,83.06,7,3,581.435
2021-06-03 00:14:00-04:00,83.06,83.06,83.06,83.06,1,1,83.06
2021-06-03 00:15:00-04:00,83.06,83.06,83.06,83.06,1,1,83.06
2021-06-03 00:16:00-04:00,83.06,83.06,83.06,83.06,7,2,581.42
2021-06-03 00:17:00-04:00,83.055,83.055,83.055,83.055,1,1,83.055
2021-06-03 00:19:00-04:00,83.06,83.06,83.06,83.06,2,1,166.12
2021-06-03 00:21:00-04:00,83.065,83.065,83.065,83.065,5,2,415.325
2021-06-03 00:22:00-04:00,83.065,83.065,83.065,83.065,1,1,83.065
2021-06-03 00:24:00-04:00,83.065,83.065,83.065,83.065,1,1,83.065
2021-06-03 00:25:00-04:00,83.065,83.065,83.06,83.06,10,2,830.615
2021-06-03 00:27:00-04:00,83.055,83.055,83.055,83.055,7,2,581.385
2021-06-03 00:28:00-04:00,83.055,83.055,83.055,83.055,6,2,498.33
2021-06-03 00:29:00-04:00,83.055,83.055,83.055,83.055,1,1,83.055
2021-06-03 00:31:00-04:00,83.055,83.06,83.055,83.06,9,3,747.525
2021-06-03 00:32:00-04:00,83.06,83.06,83.06,83.06,4,1,332.24
2021-06-03 00:33:00-04:00,83.065,83.065,83.06,83.06,12,5,996.76
2021-06-03 00:34:00-04:00,83.065,83.065,83.065,83.065,2,2,166.13
2021-06-03 00:36:00-04:00,83.07,83.07,83.07,83.07,5,2,415.35
2021-06-03 00:37:00-04:00,83.065,83.065,83.065,83.065,1,1,83.065
2021-06-03 00:38:00-04:00,83.065,83.065,83.065,83.065,1,1,83.065
2021-06-03 00:39:00-04:00,83.065,83.065,83.065,83.065,1,1,83.065
2021-06-03 00:40:00-04:00,83.07,83.07,83.07,83.07,14,5,1162.98
2021-06-03 00:42:00-04:00,83.065,83.065,83.065,83.065,1,1,83.065
2021-06-03 00:43:00-04:00,83.07,83.07,83.07,83.07,1,1,83.07
2021-06-03 00:44:00-04:00,83.07,83.075,83.07,83.075,7,2,581.51
2021-06-03 00:45:00-04:00,83.07,83.07,83.055,83.055,59,20,4900.77
2021-06-03 00:46:00-04:00,83.055,83.055,83.055,83.055,1,1,83.055
2021-06-03 00:47:00-04:00,83.055,83.055,83.055,83.055,1,1,83.055
2021-06-03 00:48:00-04:00,83.055,83.06,83.055,83.06,4,2,332.235
2021-06-03 00:50:00-04:00,83.06,83.06,83.06,83.06,9,3,747.54
2021-06-03 00:52:00-04:00,83.055,83.055,83.045,83.045,28,8,2325.35
2021-06-03 00:54:00-04:00,83.045,83.045,83.045,83.045,16,6,1328.72
2021-06-03 00:55:00-04:00,83.04,83.045,83.04,83.045,5,3,415.205
2021-06-03 00:56:00-04:00,83.04,83.045,83.04,83.045,8,4,664.345
2021-06-03 00:57:00-04:00,83.04,83.04,83.03,83.035,80,25,6642.83
2021-06-03 00:58:00-04:00,83.035,83.035,83.035,83.035,16,4,1328.56
2021-06-03 00:59:00-04:00,83.035,83.035,83.025,83.025,37,8,3072.09
2021-06-03 01:00:00-04:00,83.025,83.025,83.025,83.025,16,6,1328.4
2021-06-03 01:01:00-04:00,83.025,83.025,83.015,83.025,57,21,4732.06
2021-06-03 01:02:00-04:00,83.025,83.025,83.025,83.025,11,2,913.275
2021-06-03 01:03:00-04:00,83.025,83.025,83.025,83.025,11,4,913.275
2021-06-03 01:04:00-04:00,83.03,83.03,83.025,83.025,3,2,249.08
2021-06-03 01:05:00-04:00,83.03,83.03,83.025,83.03,18,8,1494.53
2021-06-03 01:06:00-04:00,83.025,83.025,83.025,83.025,20,7,1660.5
2021-06-03 01:08:00-04:00,83.02,83.02,83.015,83.02,10,5,830.195
2021-06-03 01:10:00-04:00,83.025,83.03,83.025,83.03,2,2,166.055
2021-06-03 01:11:00-04:00,83.03,83.03,83.03,83.03,6,4,498.18
2021-06-03 01:12:00-04:00,83.025,83.03,83.025,83.03,8,2,664.205
2021-06-03 01:14:00-04:00,83.03,83.03,83.03,83.03,12,2,996.36
2021-06-03 01:15:00-04:00,83.025,83.03,83.025,83.03,16,8,1328.42
2021-06-03 01:16:00-04:00,83.025,83.025,83.02,83.02,5,2,415.12
2021-06-03 01:18:00-04:00,83.025,83.03,83.02,83.03,23,12,1909.59
2021-06-03 01:19:00-04:00,83.03,83.03,83.03,83.03,4,3,332.12
2021-06-03 01:20:00-04:00,83.03,83.035,83.03,83.03,4,3,332.13
2021-06-03 01:21:00-04:00,83.025,83.025,83.025,83.025,16,7,1328.4
2021-06-03 01:23:00-04:00,83.03,83.03,83.03,83.03,1,1,83.03
2021-06-03 01:24:00-04:00,83.03,83.03,83.02,83.02,29,8,2407.705
2021-06-03 01:25:00-04:00,83.015,83.015,83.015,83.015,10,2,830.15
2021-06-03 01:28:00-04:00,83.02,83.02,83.02,83.02,4,2,332.08
2021-06-03 01:29:00-04:00,83.015,83.015,83.005,83.005,37,12,3071.39
2021-06-03 01:30:00-04:00,83.005,83.005,83.005,83.005,42,14,3486.21
2021-06-03 01:31:00-04:00,83.01,83.01,83.01,83.01,9,6,747.09
2021-06-03 01:32:00-04:00,83.01,83.01,83.0,83.0,45,10,3735.16
2021-06-03 01:33:00-04:00,83.0,83.005,83.0,83.005,7,4,581.015
2021-06-03 01:35:00-04:00,83.0,83.0,83.0,83.0,1,1,83.0
2021-06-03 01:36:00-04:00,83.005,83.005,83.005,83.005,3,1,249.015
2021-06-03 01:37:00-04:00,83.005,83.015,83.005,83.01,27,11,2241.195
2021-06-03 01:38:00-04:00,83.01,83.01,83.01,83.01,1,1,83.01
2021-06-03 01:39:00-04:00,83.01,83.01,83.005,83.005,23,9,1909.12
2021-06-03 01:40:00-04:00,83.0,83.0,83.0,83.0,4,2,332.0
2021-06-03 01:41:00-04:00,82.995,82.995,82.995,82.995,19,10,1576.905
2021-06-03 01:42:00-04:00,82.995,83.0,82.995,83.0,15,4,1244.985
2021-06-03 01:43:00-04:00,82.995,82.995,82.995,82.995,17,5,1410.915
2021-06-03 01:44:00-04:00,82.995,82.995,82.995,82.995,3,2,248.985
2021-06-03 01:45:00-04:00,82.995,82.995,82.995,82.995,9,5,746.955
2021-06-03 01:47:00-04:00,82.995,82.995,82.985,82.99,15,6,1244.885
2021-06-03 01:48:00-04:00,82.99,82.99,82.99,82.99,3,2,248.97
2021-06-03 01:49:00-04:00,82.99,82.99,82.99,82.99,1,1,82.99
2021-06-03 01:51:00-04:00,82.995,82.995,82.995,82.995,12,1,995.94
2021-06-03 01:52:00-04:00,82.99,82.99,82.985,82.985,42,14,3485.52
2021-06-03 01:53:00-04:00,82.99,82.99,82.985,82.985,16,4,1327.77
2021-06-03 01:54:00-04:00,82.985,82.995,82.985,82.995,23,7,1908.795
2021-06-03 01:55:00-04:00,83.0,83.0,82.995,83.0,11,8,912.975
2021-06-03 01:56:00-04:00,83.0,83.005,82.995,82.995,14,4,1162.005
2021-06-03 01:57:00-04:00,82.995,82.995,82.985,82.99,5,4,414.95
2021-06-03 01:58:00-04:00,82.99,82.99,82.99,82.99,1,1,82.99
2021-06-03 01:59:00-04:00,82.995,82.995,82.99,82.99,17,5,1410.85
2021-06-03 02:00:00-04:00,82.99,82.995,82.99,82.995,10,4,829.91
2021-06-03 02:01:00-04:00,83.0,83.0,83.0,83.0,1,1,83.0
2021-06-03 02:02:00-04:00,83.0,83.0,82.985,82.99,48,17,3983.7
2021-06-03 02:03:00-04:00,82.985,82.99,82.985,82.99,6,3,497.935
2021-06-03 02:04:00-04:00,82.995,83.0,82.995,82.995,13,4,1078.94
2021-06-03 02:05:00-04:00,82.99,82.99,82.985,82.985,37,13,3070.525
2021-06-03 02:06:00-04:00,82.985,82.985,82.98,82.98,20,7,1659.615
2021-06-03 02:07:00-04:00,82.98,82.985,82.98,82.985,18,6,1493.66
2021-06-03 02:08:00-04:00,82.985,82.985,82.975,82.98,16,11,1327.665
2021-06-03 02:09:00-04:00,82.98,82.985,82.975,82.985,187,15,15517.494
2021-06-03 02:10:00-04:00,82.985,82.985,82.985,82.985,1,1,82.985
2021-06-03 02:12:00-04:00,82.98,82.98,82.97,82.97,46,9,3816.77
2021-06-03 02:13:00-04:00,82.965,82.985,82.965,82.98,39,12,3236.01
2021-06-03 02:14:00-04:00,82.985,82.99,82.985,82.99,16,6,1327.805
2021-06-03 02:15:00-04:00,82.985,82.985,82.98,82.98,34,11,2821.445
2021-06-03 02:16:00-04:00,82.98,82.98,82.98,82.98,3,2,248.94
2021-06-03 02:17:00-04:00,82.98,82.985,82.98,82.985,8,3,663.875
2021-06-03 02:18:00-04:00,82.98,82.99,82.98,82.99,9,5,746.835
2021-06-03 02:19:00-04:00,82.985,82.985,82.985,82.985,8,2,663.88
2021-06-03 02:20:00-04:00,82.98,82.98,82.98,82.98,6,4,497.88
2021-06-03 02:21:00-04:00,82.985,82.99,82.985,82.99,5,4,414.935
2021-06-03 02:22:00-04:00,82.99,82.99,82.99,82.99,6,2,497.94
2021-06-03 02:23:00-04:00,82.99,82.99,82.985,82.985,15,4,1244.825
2021-06-03 02:24:00-04:00,82.985,82.985,82.985,82.985,5,2,414.925
2021-06-03 02:25:00-04:00,82.98,82.98,82.98,82.98,12,4,995.76
2021-06-03 02:26:00-04:00,82.98,82.98,82.98,82.98,1,1,82.98
2021-06-03 02:27:00-04:00,82.985,82.985,82.985,82.985,6,2,497.91
2021-06-03 02:28:00-04:00,82.98,82.98,82.98,82.98,2,2,165.96
2021-06-03 02:29:00-04:00,82.98,82.98,82.98,82.98,2,2,165.96
2021-06-03 02:30:00-04:00,82.975,82.975,82.965,82.965,78,17,6471.46
2021-06-03 02:31:00-04:00,82.965,82.965,82.96,82.96,64,12,5309.53
2021-06-03 02:32:00-04:00,82.96,82.97,82.96,82.97,9,7,746.7
2021-06-03 02:33:00-04:00,82.965,82.97,82.965,82.97,7,4,580.76
2021-06-03 02:34:00-04:00,82.965,82.965,82.96,82.96,15,7,1244.425
2021-06-03 02:35:00-04:00,82.965,82.97,82.965,82.97,6,5,497.805
2021-06-03 02:36:00-04:00,82.975,82.975,82.975,82.975,1,1,82.975
2021-06-03 02:37:00-04:00,82.975,82.98,82.975,82.98,19,4,1576.605
2021-06-03 02:38:00-04:00,82.975,82.975,82.96,82.96,40,10,3318.725
2021-06-03 02:39:00-04:00,82.965,82.965,82.95,82.955,21,14,1742.145
2021-06-03 02:40:00-04:00,82.96,82.96,82.96,82.96,16,6,1327.36
2021-06-03 02:41:00-04:00,82.96,82.96,82.95,82.95,67,15,5557.785
2021-06-03 02:42:00-04:00,82.95,82.95,82.945,82.945,38,12,3151.915
2021-06-03 02:43:00-04:00,82.945,82.95,82.945,82.945,10,7,829.47
2021-06-03 02:44:00-04:00,82.95,82.955,82.95,82.95,13,5,1078.39
2021-06-03 02:45:00-04:00,82.945,82.945,82.945,82.945,8,4,663.56
2021-06-03 02:46:00-04:00,82.945,82.945,82.945,82.945,9,7,746.505
2021-06-03 02:47:00-04:00,82.945,82.945,82.945,82.945,4,1,331.78
2021-06-03 02:48:00-04:00,82.95,82.955,82.945,82.945,31,9,2571.43
2021-06-03 02:49:00-04:00,82.945,82.945,82.945,82.945,7,6,580.615
2021-06-03 02:50:00-04:00,82.945,82.945,82.945,82.945,12,6,995.34
2021-06-03 02:51:00-04:00,82.945,82.945,82.945,82.945,7,3,580.615
2021-06-03 02:52:00-04:00,82.95,82.95,82.95,82.95,24,10,1990.8
2021-06-03 02:53:00-04:00,82.95,82.96,82.95,82.96,17,4,1410.255
2021-06-03 02:54:00-04:00,82.965,82.975,82.965,82.965,29,13,2406.065
2021-06-03 02:55:00-04:00,82.97,82.97,82.965,82.965,7,4,580.775
2021-06-03 02:56:00-04:00,82.97,82.975,82.97,82.97,8,5,663.785
2021-06-03 02:57:00-04:00,82.97,82.97,82.97,82.97,1,1,82.97
2021-06-03 02:58:00-04:00,82.97,82.97,82.965,82.97,29,10,2406.03
2021-06-03 02:59:00-04:00,82.965,82.965,82.96,82.96,14,4,1161.495
2021-06-03 03:00:00-04:00,82.955,82.97,82.95,82.97,82,28,6802.395
2021-06-03 03:01:00-04:00,82.965,82.965,82.94,82.94,52,20,4313.34
2021-06-03 03:02:00-04:00,82.94,82.945,82.93,82.945,57,25,4727.42
2021-06-03 03:03:00-04:00,82.945,82.945,82.945,82.945,9,4,746.505
2021-06-03 03:04:00-04:00,82.94,82.945,82.93,82.935,80,26,6634.925
2021-06-03 03:05:00-04:00,82.935,82.935,82.925,82.93,70,20,5805.12
2021-06-03 03:06:00-04:00,82.935,82.935,82.93,82.935,18,9,1492.81
2021-06-03 03:07:00-04:00,82.935,82.945,82.935,82.94,40,18,3317.535
2021-06-03 03:08:00-04:00,82.94,82.94,82.935,82.935,8,5,663.49
2021-06-03 03:09:00-04:00,82.93,82.93,82.92,82.93,116,33,9619.481
2021-06-03 03:10:00-04:00,82.93,82.93,82.93,82.93,22,10,1824.46
2021-06-03 03:11:00-04:00,82.93,82.93,82.92,82.925,23,10,1907.28
2021-06-03 03:12:00-04:00,82.93,82.93,82.93,82.93,15,7,1243.95
2021-06-03 03:13:00-04:00,82.93,82.935,82.93,82.935,16,10,1326.93
2021-06-03 03:14:00-04:00,82.94,82.95,82.94,82.95,25,14,2073.685
2021-06-03 03:15:00-04:00,82.945,82.945,82.935,82.935,37,16,3068.845
2021-06-03 03:16:00-04:00,82.93,82.93,82.93,82.93,6,2,497.58
2021-06-03 03:17:00-04:00,82.935,82.95,82.935,82.95,30,7,2488.225
2021-06-03 03:18:00-04:00,82.95,82.96,82.95,82.96,44,5,3650.02
2021-06-03 03:19:00-04:00,82.96,82.965,82.955,82.955,28,11,2322.945
2021-06-03 03:20:00-04:00,82.95,82.955,82.945,82.955,15,8,1244.275
2021-06-03 03:21:00-04:00,82.96,82.96,82.945,82.945,43,11,3566.865
2021-06-03 03:22:00-04:00,82.945,82.95,82.945,82.945,8,5,663.565
2021-06-03 03:23:00-04:00,82.94,82.94,82.935,82.94,26,9,2156.4
2021-06-03 03:24:00-04:00,82.945,82.945,82.94,82.94,16,7,1327.095
2021-06-03 03:25:00-04:00,82.94,82.94,82.935,82.935,6,4,497.63
2021-06-03 03:26:00-04:00,82.935,82.94,82.935,82.94,12,9,995.23
2021-06-03 03:27:00-04:00,82.935,82.935,82.93,82.93,63,18,5224.75
2021-06-03 03:28:00-04:00,82.93,82.945,82.93,82.945,31,9,2570.975
2021-06-03 03:29:00-04:00,82.945,82.95,82.945,82.945,14,11,1161.26
2021-06-03 03:30:00-04:00,82.95,82.95,82.94,82.94,19,9,1575.915
2021-06-03 03:31:00-04:00,82.94,82.94,82.94,82.94,6,3,497.64
2021-06-03 03:32:00-04:00,82.94,82.94,82.925,82.925,19,9,1575.72
2021-06-03 03:33:00-04:00,82.925,82.935,82.92,82.935,27,12,2239.035
2021-06-03 03:34:00-04:00,82.94,82.94,82.94,82.94,1,1,82.94
2021-06-03 03:35:00-04:00,82.945,82.945,82.94,82.94,19,8,1575.885
2021-06-03 03:36:00-04:00,82.94,82.94,82.93,82.93,18,6,1492.825
2021-06-03 03:37:00-04:00,82.93,82.93,82.925,82.925,47,8,3897.57
2021-06-03 03:38:00-04:00,82.92,82.92,82.915,82.915,43,17,3565.415
2021-06-03 03:39:00-04:00,82.915,82.925,82.915,82.92,21,10,1741.315
2021-06-03 03:40:00-04:00,82.915,82.915,82.915,82.915,15,11,1243.725
2021-06-03 03:41:00-04:00,82.92,82.92,82.915,82.915,27,9,2238.83
2021-06-03 03:43:00-04:00,82.915,82.915,82.9,82.905,82,21,6798.23
2021-06-03 03:44:00-04:00,82.905,82.91,82.905,82.91,18,7,1492.375
2021-06-03 03:45:00-04:00,82.91,82.91,82.91,82.91,6,2,497.46
2021-06-03 03:46:00-04:00,82.905,82.905,82.895,82.9,29,12,2404.14
2021-06-03 03:47:00-04:00,82.9,82.9,82.885,82.89,45,18,3730.095
2021-06-03 03:48:00-04:00,82.895,82.895,82.89,82.89,21,5,1740.705
2021-06-03 03:49:00-04:00,82.89,82.9,82.89,82.9,56,20,4642.11
2021-06-03 03:50:00-04:00,82.9,82.9,82.895,82.895,11,7,911.855
2021-06-03 03:51:00-04:00,82.895,82.895,82.885,82.885,33,10,2735.4
2021-06-03 03:52:00-04:00,82.88,82.88,82.87,82.87,70,20,5801.455
2021-06-03 03:53:00-04:00,82.865,82.875,82.865,82.875,57,16,4723.595
2021-06-03 03:54:00-04:00,82.875,82.88,82.875,82.88,28,9,2320.63
2021-06-03 03:55:00-04:00,82.885,82.89,82.875,82.88,61,17,5055.99
2021-06-03 03:56:00-04:00,82.88,82.885,82.88,82.885,49,14,4061.235
2021-06-03 03:57:00-04:00,82.88,82.88,82.87,82.87,23,6,1906.055
2021-06-03 03:58:00-04:00,82.875,82.875,82.875,82.875,20,6,1657.5
2021-06-03 03:59:00-04:00,82.875,82.875,82.87,82.87,36,16,2983.415
2021-06-03 04:00:00-04:00,82.87,82.87,82.865,82.87,64,13,5303.505
2021-06-03 04:01:00-04:00,82.87,82.87,82.865,82.865,17,8,1408.73
2021-06-03 04:02:00-04:00,82.87,82.87,82.86,82.865,50,16,4143.21
2021-06-03 04:03:00-04:00,82.86,82.865,82.86,82.865,36,11,2983.065
2021-06-03 04:04:00-04:00,82.865,82.865,82.86,82.86,17,8,1408.63
2021-06-03 04:05:00-04:00,82.86,82.865,82.86,82.865,28,7,2320.19
2021-06-03 04:06:00-04:00,82.87,82.87,82.86,82.865,71,24,5883.455
2021-06-03 04:07:00-04:00,82.87,82.88,82.865,82.88,36,12,2983.395
2021-06-03 04:08:00-04:00,82.88,82.88,82.875,82.88,27,11,2237.7
2021-06-03 04:09:00-04:00,82.885,82.885,82.875,82.885,23,8,1906.28
2021-06-03 04:10:00-04:00,82.885,82.885,82.885,82.885,4,4,331.54
2021-06-03 04:11:00-04:00,82.89,82.895,82.885,82.885,69,19,5719.34
2021-06-03 04:12:00-04:00,82.885,82.89,82.88,82.89,74,17,6133.57
2021-06-03 04:13:00-04:00,82.895,82.905,82.895,82.905,40,10,3315.96
2021-06-03 04:14:00-04:00,82.9,82.9,82.89,82.89,25,9,2072.37
2021-06-03 04:15:00-04:00,82.89,82.89,82.87,82.88,72,24,5967.15
2021-06-03 04:16:00-04:00,82.885,82.9,82.885,82.895,25,8,2072.28
2021-06-03 04:17:00-04:00,82.89,82.89,82.885,82.885,25,5,2072.175
2021-06-03 04:18:00-04:00,82.885,82.885,82.885,82.885,1,1,82.885
2021-06-03 04:19:00-04:00,82.885,82.89,82.885,82.89,14,4,1160.4
2021-06-03 04:20:00-04:00,82.89,82.89,82.885,82.885,45,11,3730.005
2021-06-03 04:21:00-04:00,82.89,82.89,82.89,82.89,2,2,165.78
2021-06-03 04:22:00-04:00,82.89,82.89,82.89,82.89,7,7,580.23
2021-06-03 04:23:00-04:00,82.89,82.905,82.89,82.9,62,16,5139.65
2021-06-03 04:24:00-04:00,82.9,82.905,82.895,82.905,36,10,2984.495
2021-06-03 04:25:00-04:00,82.905,82.905,82.9,82.905,25,12,2072.565
2021-06-03 04:26:00-04:00,82.9,82.9,82.9,82.9,5,1,414.5
2021-06-03 04:28:00-04:00,82.9,82.9,82.9,82.9,3,1,248.7
2021-06-03 04:29:00-04:00,82.9,82.91,82.9,82.9,29,13,2404.175
2021-06-03 04:30:00-04:00,82.9,82.91,82.9,82.91,27,11,2238.365
2021-06-03 04:31:00-04:00,82.91,82.925,82.91,82.925,54,16,4477.5
2021-06-03 04:32:00-04:00,82.925,82.93,82.92,82.92,61,20,5058.56
2021-06-03 04:33:00-04:00,82.915,82.925,82.915,82.92,46,12,3814.325
2021-06-03 04:34:00-04:00,82.915,82.92,82.915,82.92,29,12,2404.555
2021-06-03 04:35:00-04:00,82.92,82.92,82.92,82.92,5,2,414.6
2021-06-03 04:36:00-04:00,82.925,82.925,82.925,82.925,14,5,1160.95
2021-06-03 04:37:00-04:00,82.925,82.925,82.92,82.92,7,2,580.465
2021-06-03 04:38:00-04:00,82.92,82.92,82.92,82.92,2,2,165.84
2021-06-03 04:39:00-04:00,82.915,82.915,82.91,82.91,13,3,1077.865
2021-06-03 04:40:00-04:00,82.91,82.92,82.91,82.92,11,8,912.07
2021-06-03 04:41:00-04:00,82.915,82.915,82.915,82.915,5,4,414.575
2021-06-03 04:42:00-04:00,82.915,82.915,82.915,82.915,1,1,82.915
2021-06-03 04:43:00-04:00,82.915,82.925,82.915,82.925,13,8,1077.96
2021-06-03 04:44:00-04:00,82.925,82.935,82.915,82.915,40,18,3317.02
2021-06-03 04:45:00-04:00,82.91,82.915,82.91,82.915,11,7,912.045
2021-06-03 04:46:00-04:00,82.925,82.93,82.92,82.925,40,8,3317.08
2021-06-03 04:47:00-04:00,82.925,82.925,82.925,82.925,10,6,829.25
2021-06-03 04:48:00-04:00,82.92,82.92,82.915,82.92,18,6,1492.49
2021-06-03 04:49:00-04:00,82.925,82.935,82.925,82.935,31,10,2570.835
2021-06-03 04:50:00-04:00,82.935,82.94,82.935,82.94,10,5,829.355
2021-06-03 04:51:00-04:00,82.935,82.935,82.92,82.92,20,10,1658.515
2021-06-03 04:52:00-04:00,82.92,82.92,82.92,82.92,7,4,580.44
2021-06-03 04:53:00-04:00,82.915,82.915,82.91,82.91,13,6,1077.865
2021-06-03 04:54:00-04:00,82.91,82.91,82.895,82.9,53,16,4393.775
2021-06-03 04:55:00-04:00,82.895,82.895,82.885,82.885,22,8,1823.635
2021-06-03 04:56:00-04:00,82.895,82.895,82.885,82.885,27,5,2237.935
2021-06-03 04:57:00-04:00,82.885,82.885,82.88,82.88,29,11,2403.55
2021-06-03 04:58:00-04:00,82.885,82.885,82.885,82.885,20,10,1657.7
2021-06-03 04:59:00-04:00,82.89,82.895,82.89,82.89,21,6,1740.73
2021-06-03 05:00:00-04:00,82.89,82.89,82.89,82.89,8,4,663.12
2021-06-03 05:01:00-04:00,82.89,82.89,82.885,82.885,28,10,2320.86
2021-06-03 05:02:00-04:00,82.885,82.89,82.885,82.89,27,9,2237.91
2021-06-03 05:05:00-04:00,82.895,82.895,82.895,82.895,11,1,911.845
2021-06-03 05:06:00-04:00,82.9,82.9,82.9,82.9,11,4,911.9
2021-06-03 05:07:00-04:00,82.9,82.9,82.895,82.9,10,5,828.995
2021-06-03 05:08:00-04:00,82.895,82.895,82.885,82.885,7,2,580.245
2021-06-03 05:09:00-04:00,82.885,82.895,82.885,82.895,4,4,331.565
2021-06-03 05:10:00-04:00,82.895,82.895,82.895,82.895,6,4,497.37
2021-06-03 05:11:00-04:00,82.895,82.915,82.895,82.915,42,9,3482.11
2021-06-03 05:12:00-04:00,82.915,82.915,82.91,82.91,5,3,414.565
2021-06-03 05:13:00-04:00,82.91,82.91,82.905,82.905,12,6,994.9
2021-06-03 05:14:00-04:00,82.9,82.9,82.895,82.895,33,5,2735.665
2021-06-03 05:15:00-04:00,82.89,82.89,82.885,82.885,21,9,1740.625
2021-06-03 05:16:00-04:00,82.88,82.88,82.88,82.88,11,7,911.68
2021-06-03 05:17:00-04:00,82.88,82.88,82.88,82.88,1,1,82.88
2021-06-03 05:18:00-04:00,82.875,82.875,82.87,82.87,9,2,745.87
2021-06-03 05:19:00-04:00,82.875,82.88,82.875,82.875,25,7,2071.89
2021-06-03 05:20:00-04:00,82.875,82.885,82.875,82.885,72,19,5967.635
2021-06-03 05:21:00-04:00,82.885,82.885,82.88,82.885,24,7,1989.17
2021-06-03 05:22:00-04:00,82.89,82.89,82.885,82.885,27,9,2237.93
2021-06-03 05:23:00-04:00,82.885,82.89,82.885,82.89,12,4,994.655
2021-06-03 05:24:00-04:00,82.89,82.89,82.885,82.885,10,5,828.86
2021-06-03 05:25:00-04:00,82.89,82.9,82.885,82.9,38,9,3150.065
2021-06-03 05:26:00-04:00,82.9,82.905,82.9,82.9,17,8,1409.34
2021-06-03 05:27:00-04:00,82.9,82.905,82.9,82.905,50,7,4145.06
2021-06-03 05:28:00-04:00,82.905,82.905,82.89,82.895,59,15,4890.94
2021-06-03 05:29:00-04:00,82.89,82.9,82.89,82.9,10,5,828.945
2021-06-03 05:30:00-04:00,82.895,82.905,82.89,82.905,44,13,3647.465
2021-06-03 05:31:00-04:00,82.905,82.905,82.905,82.905,74,6,6134.97
2021-06-03 05:32:00-04:00,82.91,82.915,82.91,82.915,32,10,2653.17
2021-06-03 05:33:00-04:00,82.91,82.91,82.9,82.905,17,6,1409.375
2021-06-03 05:34:00-04:00,82.905,82.905,82.905,82.905,9,4,746.145
2021-06-03 05:35:00-04:00,82.905,82.905,82.905,82.905,26,5,2155.53
2021-06-03 05:36:00-04:00,82.905,82.91,82.905,82.91,31,9,2570.065
2021-06-03 05:37:00-04:00,82.91,82.91,82.91,82.91,18,6,1492.38
2021-06-03 05:38:00-04:00,82.91,82.91,82.905,82.905,20,8,1658.165
2021-06-03 05:39:00-04:00,82.9,82.9,82.9,82.9,1,1,82.9
2021-06-03 05:41:00-04:00,82.895,82.895,82.895,82.895,3,1,248.685
2021-06-03 05:42:00-04:00,82.9,82.905,82.9,82.9,23,7,1906.705
2021-06-03 05:43:00-04:00,82.895,82.895,82.895,82.895,5,2,414.475
2021-06-03 05:44:00-04:00,82.9,82.91,82.9,82.91,42,12,3482.045
2021-06-03 05:45:00-04:00,82.91,82.91,82.905,82.905,19,6,1575.2
2021-06-03 05:47:00-04:00,82.91,82.92,82.91,82.915,32,12,2653.245
2021-06-03 05:48:00-04:00,82.91,82.91,82.905,82.91,9,5,746.165
2021-06-03 05:49:00-04:00,82.91,82.91,82.9,82.9,23,7,1906.715
2021-06-03 05:50:00-04:00,82.9,82.9,82.9,82.9,27,5,2238.3
2021-06-03 05:51:00-04:00,82.9,82.905,82.9,82.905,18,7,1492.255
2021-06-03 05:52:00-04:00,82.905,82.905,82.905,82.905,8,6,663.24
2021-06-03 05:54:00-04:00,82.905,82.905,82.895,82.895,36,7,2984.51
2021-06-03 05:55:00-04:00,82.895,82.895,82.895,82.895,24,5,1989.48
2021-06-03 05:56:00-04:00,82.9,82.9,82.895,82.9,14,9,1160.545
2021-06-03 05:57:00-04:00,82.9,82.9,82.9,82.9,18,2,1492.2
2021-06-03 05:58:00-04:00,82.9,82.9,82.9,82.9,8,1,663.2
2021-06-03 05:59:00-04:00,82.905,82.92,82.905,82.915,83,21,6881.696
2021-06-03 06:00:00-04:00,82.915,82.96,82.915,82.955,234,81,19407.21
2021-06-03 06:01:00-04:00,82.95,82.96,82.945,82.96,80,33,6636.269
2021-06-03 06:02:00-04:00,82.965,82.975,82.965,82.975,57,30,4729.17
2021-06-03 06:03:00-04:00,82.97,82.97,82.95,82.955,32,15,2654.68
2021-06-03 06:04:00-04:00,82.96,82.97,82.96,82.97,33,12,2737.8
2021-06-03 06:05:00-04:00,82.965,82.975,82.945,82.945,411,80,34099.374
2021-06-03 06:06:00-04:00,82.94,82.94,82.935,82.935,63,20,5225.074
2021-06-03 06:07:00-04:00,82.93,82.935,82.925,82.935,40,16,3317.215
2021-06-03 06:08:00-04:00,82.94,82.945,82.94,82.945,34,10,2820.045
2021-06-03 06:09:00-04:00,82.945,82.95,82.945,82.95,53,18,4396.3
2021-06-03 06:10:00-04:00,82.95,82.95,82.95,82.95,12,5,995.4
2021-06-03 06:11:00-04:00,82.95,82.955,82.95,82.955,24,9,1990.85
2021-06-03 06:12:00-04:00,82.95,82.955,82.95,82.95,40,15,3318.1
2021-06-03 06:13:00-04:00,82.95,82.95,82.95,82.95,15,4,1244.25
2021-06-03 06:14:00-04:00,82.95,82.95,82.945,82.945,29,12,2405.51
2021-06-03 06:15:00-04:00,82.945,82.945,82.94,82.94,8,6,663.53
2021-06-03 06:16:00-04:00,82.945,82.945,82.935,82.935,14,8,1161.165
2021-06-03 06:17:00-04:00,82.94,82.95,82.94,82.95,34,5,2820.08
2021-06-03 06:18:00-04:00,82.95,82.96,82.95,82.96,65,17,5392.355
2021-06-03 06:19:00-04:00,82.955,82.965,82.955,82.965,19,7,1576.255
2021-06-03 06:20:00-04:00,82.965,82.965,82.955,82.955,9,5,746.65
2021-06-03 06:21:00-04:00,82.96,82.96,82.96,82.96,12,6,995.52
2021-06-03 06:22:00-04:00,82.96,82.96,82.955,82.96,26,7,2156.89
2021-06-03 06:23:00-04:00,82.955,82.96,82.955,82.96,5,2,414.79
2021-06-03 06:24:00-04:00,82.96,82.96,82.96,82.96,15,2,1244.4
2021-06-03 06:25:00-04:00,82.965,82.965,82.965,82.965,19,6,1576.335
2021-06-03 06:26:00-04:00,82.96,82.96,82.955,82.955,6,2,497.755
2021-06-03 06:27:00-04:00,82.96,82.96,82.95,82.95,33,5,2737.525
2021-06-03 06:28:00-04:00,82.95,82.95,82.945,82.945,35,12,2903.085
2021-06-03 06:29:00-04:00,82.945,82.945,82.94,82.945,15,8,1244.16
2021-06-03 06:30:00-04:00,82.94,82.95,82.94,82.945,33,10,2737.185
2021-06-03 06:31:00-04:00,82.945,82.945,82.94,82.94,54,12,4478.86
2021-06-03 06:32:00-04:00,82.935,82.935,82.92,82.92,49,20,4063.41
2021-06-03 06:33:00-04:00,82.915,82.92,82.915,82.92,31,9,2570.445
2021-06-03 06:34:00-04:00,82.915,82.915,82.895,82.9,91,40,7544.115
2021-06-03 06:35:00-04:00,82.9,82.905,82.885,82.89,37,15,3067.05
2021-06-03 06:36:00-04:00,82.89,82.89,82.88,82.88,27,15,2237.96
2021-06-03 06:37:00-04:00,82.89,82.89,82.885,82.885,35,16,2901.045
2021-06-03 06:38:00-04:00,82.89,82.89,82.89,82.89,12,6,994.68
2021-06-03 06:39:00-04:00,82.885,82.885,82.87,82.875,39,19,3232.13
2021-06-03 06:40:00-04:00,82.875,82.88,82.875,82.88,44,11,3646.665
2021-06-03 06:41:00-04:00,82.875,82.875,82.875,82.875,11,4,911.625
2021-06-03 06:42:00-04:00,82.875,82.89,82.875,82.885,67,23,5553.175
2021-06-03 06:43:00-04:00,82.885,82.895,82.885,82.89,30,11,2486.745
2021-06-03 06:44:00-04:00,82.895,82.895,82.89,82.89,38,15,3149.875
2021-06-03 06:45:00-04:00,82.89,82.895,82.89,82.89,11,7,911.815
2021-06-03 06:46:00-04:00,82.895,82.895,82.895,82.895,13,6,1077.635
2021-06-03 06:47:00-04:00,82.89,82.89,82.89,82.89,38,5,3149.82
2021-06-03 06:48:00-04:00,82.895,82.895,82.89,82.895,15,9,1243.42
2021-06-03 06:49:00-04:00,82.895,82.895,82.89,82.89,16,7,1326.265
2021-06-03 06:50:00-04:00,82.89,82.89,82.87,82.875,24,11,1989.125
2021-06-03 06:51:00-04:00,82.875,82.875,82.87,82.87,5,3,414.355
2021-06-03 06:52:00-04:00,82.875,82.875,82.875,82.875,21,8,1740.375
2021-06-03 06:53:00-04:00,82.87,82.875,82.87,82.875,18,7,1491.665
2021-06-03 06:54:00-04:00,82.87,82.875,82.87,82.87,74,28,6132.726
2021-06-03 06:55:00-04:00,82.87,82.87,82.87,82.87,18,6,1491.66
2021-06-03 06:56:00-04:00,82.87,82.87,82.86,82.865,32,18,2651.72
2021-06-03 06:57:00-04:00,82.86,82.86,82.83,82.83,282,53,23364.287
2021-06-03 06:58:00-04:00,82.835,82.84,82.825,82.84,195,41,16152.119
2021-06-03 06:59:00-04:00,82.84,82.855,82.84,82.85,62,21,5136.545
2021-06-03 07:00:00-04:00,82.855,82.86,82.85,82.86,56,21,4639.785
2021-06-03 07:01:00-04:00,82.86,82.86,82.85,82.85,40,10,3314.26
2021-06-03 07:02:00-04:00,82.85,82.85,82.835,82.835,46,14,3810.69
2021-06-03 07:03:00-04:00,82.83,82.83,82.82,82.83,121,44,10021.876
2021-06-03 07:04:00-04:00,82.825,82.83,82.82,82.825,38,22,3147.305
2021-06-03 07:05:00-04:00,82.83,82.845,82.83,82.845,59,28,4887.245
2021-06-03 07:06:00-04:00,82.845,82.855,82.845,82.845,33,17,2733.96
2021-06-03 07:07:00-04:00,82.85,82.85,82.845,82.85,21,12,1739.815
2021-06-03 07:08:00-04:00,82.845,82.845,82.835,82.835,17,7,1408.265
2021-06-03 07:09:00-04:00,82.835,82.85,82.835,82.85,43,15,3562.2
2021-06-03 07:10:00-04:00,82.855,82.855,82.85,82.85,63,17,5219.78
2021-06-03 07:11:00-04:00,82.855,82.865,82.855,82.86,95,29,7871.455
2021-06-03 07:12:00-04:00,82.86,82.87,82.86,82.87,37,11,3065.93
2021-06-03 07:13:00-04:00,82.865,82.865,82.865,82.865,7,3,580.055
2021-06-03 07:14:00-04:00,82.865,82.865,82.86,82.86,40,13,3314.495
2021-06-03 07:15:00-04:00,82.86,82.86,82.855,82.86,65,25,5385.82
2021-06-03 07:16:00-04:00,82.855,82.855,82.84,82.84,58,18,4805.2
2021-06-03 07:17:00-04:00,82.84,82.84,82.83,82.835,64,27,5301.63
2021-06-03 07:18:00-04:00,82.84,82.84,82.835,82.835,19,8,1573.945
2021-06-03 07:19:00-04:00,82.84,82.84,82.84,82.84,41,13,3396.44
2021-06-03 07:20:00-04:00,82.83,82.835,82.825,82.83,29,12,2402.075
2021-06-03 07:21:00-04:00,82.835,82.835,82.835,82.835,17,3,1408.195
2021-06-03 07:22:00-04:00,82.835,82.845,82.835,82.845,105,21,8698.35
2021-06-03 07:23:00-04:00,82.845,82.845,82.835,82.835,14,13,1159.79
2021-06-03 07:24:00-04:00,82.835,82.84,82.825,82.84,58,22,4804.29
2021-06-03 07:25:00-04:00,82.845,82.845,82.84,82.845,40,12,3313.79
2021-06-03 07:26:00-04:00,82.84,82.845,82.84,82.845,34,9,2816.57
2021-06-03 07:27:00-04:00,82.845,82.845,82.845,82.845,5,4,414.225
2021-06-03 07:28:00-04:00,82.845,82.845,82.845,82.845,18,8,1491.21
2021-06-03 07:29:00-04:00,82.845,82.85,82.845,82.85,56,14,4639.48
2021-06-03 07:30:00-04:00,82.855,82.855,82.84,82.845,128,34,10604.195
2021-06-03 07:31:00-04:00,82.84,82.84,82.835,82.835,50,16,4141.94
2021-06-03 07:32:00-04:00,82.835,82.845,82.835,82.845,128,24,10603.429
2021-06-03 07:33:00-04:00,82.845,82.86,82.84,82.86,78,17,6462.335
2021-06-03 07:34:00-04:00,82.86,82.875,82.855,82.87,158,48,13091.989
2021-06-03 07:35:00-04:00,82.87,82.88,82.865,82.88,95,21,7873.175
2021-06-03 07:36:00-04:00,82.88,82.89,82.88,82.89,46,15,3812.745
2021-06-03 07:37:00-04:00,82.89,82.905,82.89,82.905,38,14,3149.965
2021-06-03 07:38:00-04:00,82.9,82.905,82.9,82.9,41,11,3398.925
2021-06-03 07:39:00-04:00,82.9,82.905,82.895,82.905,160,45,13263.881
2021-06-03 07:40:00-04:00,82.905,82.91,82.905,82.905,54,18,4477.095
2021-06-03 07:41:00-04:00,82.905,82.905,82.895,82.905,251,39,20807.835
2021-06-03 07:42:00-04:00,82.905,82.905,82.895,82.905,66,21,5471.535
2021-06-03 07:43:00-04:00,82.905,82.915,82.905,82.915,75,21,6218.349
2021-06-03 07:44:00-04:00,82.91,82.915,82.905,82.905,82,30,6798.67
2021-06-03 07:45:00-04:00,82.9,82.905,82.9,82.9,63,18,5222.74
2021-06-03 07:46:00-04:00,82.905,82.905,82.895,82.9,69,25,5720.025
2021-06-03 07:47:00-04:00,82.9,82.915,82.9,82.915,91,25,7544.61
2021-06-03 07:48:00-04:00,82.915,82.915,82.91,82.91,88,29,7296.315
2021-06-03 07:49:00-04:00,82.91,82.915,82.905,82.915,62,16,5140.43
2021-06-03 07:50:00-04:00,82.91,82.91,82.905,82.905,53,19,4394.04
2021-06-03 07:51:00-04:00,82.905,82.905,82.895,82.895,44,16,3647.485
2021-06-03 07:52:00-04:00,82.89,82.895,82.875,82.88,54,21,4476.01
2021-06-03 07:53:00-04:00,82.885,82.885,82.88,82.885,18,8,1491.86
2021-06-03 07:54:00-04:00,82.88,82.895,82.88,82.895,24,6,1989.34
2021-06-03 07:55:00-04:00,82.895,82.9,82.89,82.9,35,14,2901.38
2021-06-03 07:56:00-04:00,82.9,82.905,82.9,82.905,8,5,663.235
2021-06-03 07:57:00-04:00,82.905,82.905,82.885,82.885,30,9,2487.09
2021-06-03 07:58:00-04:00,82.885,82.885,82.88,82.88,23,13,1906.34
2021-06-03 07:59:00-04:00,82.88,82.88,82.875,82.875,60,17,4972.625
2021-06-03 08:00:00-04:00,82.875,82.885,82.865,82.885,103,29,8536.605
2021-06-03 08:01:00-04:00,82.885,82.89,82.88,82.88,74,21,6133.545
2021-06-03 08:02:00-04:00,82.88,82.88,82.88,82.88,25,7,2072.0
2021-06-03 08:03:00-04:00,82.875,82.875,82.845,82.85,110,34,9114.385
2021-06-03 08:04:00-04:00,82.85,82.85,82.84,82.845,86,28,7124.86
2021-06-03 08:05:00-04:00,82.85,82.85,82.835,82.835,110,28,9112.79
2021-06-03 08:06:00-04:00,82.835,82.84,82.835,82.84,41,15,3396.405
2021-06-03 08:07:00-04:00,82.84,82.845,82.83,82.83,43,15,3561.87
2021-06-03 08:08:00-04:00,82.825,82.83,82.82,82.825,58,24,4803.78
2021-06-03 08:09:00-04:00,82.825,82.835,82.825,82.835,70,24,5798.175
2021-06-03 08:10:00-04:00,82.83,82.83,82.825,82.83,44,18,3644.38
2021-06-03 08:11:00-04:00,82.83,82.83,82.825,82.83,27,15,2236.39
2021-06-03 08:12:00-04:00,82.83,82.84,82.825,82.835,42,20,3478.97
2021-06-03 08:13:00-04:00,82.835,82.835,82.83,82.83,22,11,1822.36
2021-06-03 08:14:00-04:00,82.83,82.865,82.82,82.85,273,62,22617.749
2021-06-03 08:15:00-04:00,82.84,82.845,82.805,82.805,372,125,30810.406
2021-06-03 08:16:00-04:00,82.8,82.83,82.795,82.82,237,78,19627.821
2021-06-03 08:17:00-04:00,82.815,82.815,82.795,82.8,142,74,11758.32
2021-06-03 08:18:00-04:00,82.805,82.815,82.8,82.81,147,34,12173.09
2021-06-03 08:19:00-04:00,82.81,82.815,82.8,82.8,147,61,12172.671
2021-06-03 08:20:00-04:00,82.8,82.81,82.795,82.8,251,101,20783.441
2021-06-03 08:21:00-04:00,82.805,82.805,82.795,82.8,132,51,10929.485
2021-06-03 08:22:00-04:00,82.8,82.8,82.775,82.78,209,67,17301.741
2021-06-03 08:23:00-04:00,82.785,82.795,82.78,82.785,177,70,14653.055
2021-06-03 08:24:00-04:00,82.78,82.78,82.76,82.765,147,68,12167.416
2021-06-03 08:25:00-04:00,82.76,82.77,82.745,82.75,376,125,31116.33
2021-06-03 08:26:00-04:00,82.745,82.755,82.735,82.75,159,41,13156.516
2021-06-03 08:27:00-04:00,82.745,82.775,82.745,82.775,140,38,11586.539
2021-06-03 08:28:00-04:00,82.77,82.775,82.765,82.765,55,28,4552.29
2021-06-03 08:29:00-04:00,82.76,82.765,82.75,82.755,132,40,10924.555
2021-06-03 08:30:00-04:00,82.76,82.76,82.73,82.75,255,86,21099.931
2021-06-03 08:31:00-04:00,82.75,82.755,82.74,82.75,112,48,9268.111
2021-06-03 08:32:00-04:00,82.745,82.76,82.74,82.745,136,40,11254.485
2021-06-03 08:33:00-04:00,82.75,82.755,82.745,82.745,60,27,4964.79
2021-06-03 08:34:00-04:00,82.74,82.76,82.73,82.76,154,36,12742.57
2021-06-03 08:35:00-04:00,82.76,82.77,82.745,82.76,173,61,14316.75
2021-06-03 08:36:00-04:00,82.755,82.76,82.735,82.74,57,26,4716.475
2021-06-03 08:37:00-04:00,82.745,82.765,82.745,82.76,62,22,5130.8
2021-06-03 08:38:00-04:00,82.765,82.785,82.75,82.78,155,45,12829.651
2021-06-03 08:39:00-04:00,82.78,82.79,82.775,82.785,74,26,6125.77
2021-06-03 08:40:00-04:00,82.78,82.785,82.77,82.78,103,50,8525.945
2021-06-03 08:41:00-04:00,82.78,82.79,82.775,82.78,101,30,8361.415
2021-06-03 08:42:00-04:00,82.78,82.785,82.78,82.78,43,12,3559.65
2021-06-03 08:43:00-04:00,82.785,82.795,82.785,82.795,38,20,3146.125
2021-06-03 08:44:00-04:00,82.795,82.81,82.795,82.805,57,33,4719.78
2021-06-03 08:45:00-04:00,82.8,82.8,82.79,82.8,98,34,8113.765
2021-06-03 08:46:00-04:00,82.8,82.805,82.795,82.795,69,18,5713.145
2021-06-03 08:47:00-04:00,82.79,82.79,82.78,82.78,74,19,6126.12
2021-06-03 08:48:00-04:00,82.78,82.785,82.78,82.785,52,19,4304.715
2021-06-03 08:49:00-04:00,82.785,82.79,82.785,82.79,50,16,4139.4
2021-06-03 08:50:00-04:00,82.79,82.805,82.79,82.805,72,26,5961.415
2021-06-03 08:51:00-04:00,82.805,82.805,82.8,82.8,81,15,6706.925
2021-06-03 08:52:00-04:00,82.795,82.8,82.79,82.8,32,19,2649.44
2021-06-03 08:53:00-04:00,82.79,82.79,82.78,82.785,55,15,4553.175
2021-06-03 08:54:00-04:00,82.785,82.785,82.78,82.78,15,12,1241.73
2021-06-03 08:55:00-04:00,82.78,82.785,82.76,82.76,65,21,5380.185
2021-06-03 08:56:00-04:00,82.76,82.76,82.735,82.735,152,35,12577.94
2021-06-03 08:57:00-04:00,82.74,82.755,82.715,82.72,171,46,14146.886
2021-06-03 08:58:00-04:00,82.72,82.725,82.715,82.725,90,24,7444.98
2021-06-03 08:59:00-04:00,82.725,82.725,82.67,82.7,1156,242,95597.424
2021-06-03 09:00:00-04:00,82.7,82.73,82.7,82.73,452,118,37386.432
2021-06-03 09:01:00-04:00,82.73,82.73,82.72,82.725,257,58,21260.22
2021-06-03 09:02:00-04:00,82.725,82.74,82.725,82.73,157,40,12989.23
2021-06-03 09:03:00-04:00,82.725,82.75,82.72,82.745,187,49,15472.005
2021-06-03 09:04:00-04:00,82.75,82.75,82.74,82.74,100,38,8274.515
2021-06-03 09:05:00-04:00,82.735,82.745,82.735,82.735,70,26,5791.78
2021-06-03 09:06:00-04:00,82.735,82.755,82.725,82.725,97,41,8025.726
2021-06-03 09:07:00-04:00,82.725,82.735,82.705,82.705,60,22,4962.99
2021-06-03 09:08:00-04:00,82.705,82.705,82.69,82.705,95,41,7856.664
2021-06-03 09:09:00-04:00,82.7,82.7,82.685,82.695,60,28,4961.64
2021-06-03 09:10:00-04:00,82.695,82.715,82.69,82.71,85,28,7029.895
2021-06-03 09:11:00-04:00,82.705,82.71,82.705,82.71,48,13,3970.065
2021-06-03 09:12:00-04:00,82.71,82.74,82.71,82.735,127,28,10506.231
2021-06-03 09:13:00-04:00,82.73,82.74,82.73,82.735,33,12,2730.345
2021-06-03 09:14:00-04:00,82.74,82.76,82.735,82.74,122,31,10095.3
2021-06-03 09:15:00-04:00,82.74,82.745,82.73,82.73,106,36,8770.57
2021-06-03 09:16:00-04:00,82.73,82.74,82.725,82.73,126,24,10424.495
2021-06-03 09:17:00-04:00,82.725,82.725,82.705,82.705,98,26,8106.07
2021-06-03 09:18:00-04:00,82.7,82.705,82.69,82.69,62,15,5127.33
2021-06-03 09:19:00-04:00,82.69,82.705,82.685,82.7,74,23,6119.235
2021-06-03 09:20:00-04:00,82.695,82.71,82.695,82.7,53,17,4383.27
2021-06-03 09:21:00-04:00,82.7,82.71,82.7,82.705,46,13,3804.415
2021-06-03 09:22:00-04:00,82.71,82.71,82.695,82.695,34,15,2811.895
2021-06-03 09:23:00-04:00,82.695,82.71,82.695,82.71,48,21,3969.76
2021-06-03 09:24:00-04:00,82.71,82.71,82.7,82.705,28,10,2315.735
2021-06-03 09:25:00-04:00,82.705,82.705,82.695,82.695,45,21,3721.58
2021-06-03 09:26:00-04:00,82.69,82.695,82.69,82.695,50,13,4134.585
2021-06-03 09:27:00-04:00,82.69,82.69,82.665,82.665,174,41,14385.229
2021-06-03 09:28:00-04:00,82.665,82.68,82.66,82.68,73,26,6034.715
2021-06-03 09:29:00-04:00,82.675,82.69,82.66,82.67,229,45,18931.633
2021-06-03 09:30:00-04:00,82.665,82.69,82.665,82.69,238,81,19678.447
2021-06-03 09:31:00-04:00,82.69,82.69,82.66,82.675,129,41,10665.221
2021-06-03 09:32:00-04:00,82.67,82.675,82.65,82.675,127,53,10497.959
2021-06-03 09:33:00-04:00,82.68,82.685,82.665,82.685,161,51,13310.559
2021-06-03 09:34:00-04:00,82.685,82.7,82.68,82.695,89,39,7359.44
2021-06-03 09:35:00-04:00,82.69,82.69,82.655,82.67,65,27,5373.7
2021-06-03 09:36:00-04:00,82.665,82.67,82.655,82.665,181,47,14961.85
2021-06-03 09:37:00-04:00,82.67,82.67,82.645,82.655,169,53,13968.895
2021-06-03 09:38:00-04:00,82.655,82.655,82.64,82.645,86,36,7107.475
2021-06-03 09:39:00-04:00,82.645,82.645,82.63,82.635,129,49,10660.284
2021-06-03 09:40:00-04:00,82.635,82.665,82.635,82.66,173,56,14297.984
2021-06-03 09:41:00-04:00,82.66,82.675,82.64,82.645,180,45,14877.995
2021-06-03 09:42:00-04:00,82.64,82.64,82.63,82.635,59,31,4875.45
2021-06-03 09:43:00-04:00,82.635,82.635,82.6,82.615,361,79,29824.002
2021-06-03 09:44:00-04:00,82.615,82.63,82.615,82.62,105,34,8675.536
2021-06-03 09:45:00-04:00,82.615,82.615,82.58,82.6,403,114,33287.009
2021-06-03 09:46:00-04:00,82.595,82.595,82.57,82.585,418,113,34519.44
2021-06-03 09:47:00-04:00,82.58,82.595,82.555,82.565,476,108,39306.171
2021-06-03 09:48:00-04:00,82.565,82.595,82.565,82.57,131,30,10817.404
2021-06-03 09:49:00-04:00,82.56,82.57,82.545,82.555,181,71,14942.151
2021-06-03 09:50:00-04:00,82.555,82.565,82.545,82.55,179,74,14776.967
2021-06-03 09:51:00-04:00,82.555,82.565,82.54,82.555,191,56,15767.079
2021-06-03 09:52:00-04:00,82.56,82.59,82.56,82.585,162,51,13376.956
2021-06-03 09:53:00-04:00,82.585,82.595,82.575,82.58,166,53,13708.905
2021-06-03 09:54:00-04:00,82.575,82.58,82.565,82.58,178,65,14697.629
2021-06-03 09:55:00-04:00,82.58,82.62,82.58,82.61,241,55,19906.68
2021-06-03 09:56:00-04:00,82.605,82.61,82.6,82.6,213,49,17594.615
2021-06-03 09:57:00-04:00,82.595,82.605,82.595,82.6,196,42,16189.485
2021-06-03 09:58:00-04:00,82.595,82.595,82.58,82.58,102,36,8423.815
2021-06-03 09:59:00-04:00,82.58,82.6,82.575,82.595,160,58,13214.766
2021-06-03 10:00:00-04:00,82.59,82.595,82.57,82.57,317,103,26179.187
2021-06-03 10:01:00-04:00,82.57,82.585,82.56,82.57,217,76,17917.845
2021-06-03 10:02:00-04:00,82.575,82.605,82.575,82.6,234,79,19325.83
2021-06-03 10:03:00-04:00,82.6,82.625,82.6,82.62,141,53,11647.685
2021-06-03 10:04:00-04:00,82.62,82.645,82.62,82.635,379,81,31317.035
2021-06-03 10:05:00-04:00,82.635,82.635,82.61,82.61,135,51,11154.314
2021-06-03 10:06:00-04:00,82.615,82.63,82.615,82.63,162,32,13384.566
2021-06-03 10:07:00-04:00,82.63,82.645,82.625,82.64,249,62,20576.64
2021-06-03 10:08:00-04:00,82.64,82.645,82.63,82.645,275,57,22725.929
2021-06-03 10:09:00-04:00,82.65,82.66,82.64,82.645,312,82,25786.737
2021-06-03 10:10:00-04:00,82.645,82.66,82.63,82.635,232,51,19174.19
2021-06-03 10:11:00-04:00,82.64,82.655,82.635,82.645,110,38,9090.815
2021-06-03 10:12:00-04:00,82.645,82.66,82.64,82.655,66,24,5454.93
2021-06-03 10:13:00-04:00,82.66,82.665,82.635,82.64,113,38,9340.079
2021-06-03 10:14:00-04:00,82.635,82.645,82.635,82.635,169,38,13966.425
2021-06-03 10:15:00-04:00,82.64,82.64,82.6,82.61,168,44,13879.674
2021-06-03 10:16:00-04:00,82.61,82.615,82.59,82.595,241,64,19907.845
2021-06-03 10:17:00-04:00,82.595,82.595,82.56,82.57,275,73,22708.25
2021-06-03 10:18:00-04:00,82.57,82.615,82.57,82.615,243,64,20068.576
2021-06-03 10:19:00-04:00,82.61,82.615,82.6,82.605,194,62,16025.569
2021-06-03 10:20:00-04:00,82.605,82.62,82.58,82.58,189,38,15612.52
2021-06-03 10:21:00-04:00,82.58,82.62,82.58,82.615,165,48,13628.546
2021-06-03 10:22:00-04:00,82.615,82.635,82.615,82.63,150,52,12393.626
2021-06-03 10:23:00-04:00,82.64,82.65,82.635,82.635,99,36,8181.76
2021-06-03 10:24:00-04:00,82.635,82.645,82.635,82.645,28,16,2313.895
2021-06-03 10:25:00-04:00,82.645,82.645,82.635,82.635,34,21,2809.72
2021-06-03 10:26:00-04:00,82.635,82.635,82.62,82.62,72,29,5949.055
2021-06-03 10:27:00-04:00,82.615,82.625,82.615,82.62,42,17,3469.915
2021-06-03 10:28:00-04:00,82.625,82.625,82.595,82.6,119,35,9830.19
2021-06-03 10:29:00-04:00,82.6,82.6,82.59,82.59,100,35,8259.665
2021-06-03 10:30:00-04:00,82.59,82.61,82.585,82.605,145,48,11977.135
2021-06-03 10:31:00-04:00,82.605,82.61,82.595,82.605,148,30,12225.38
2021-06-03 10:32:00-04:00,82.605,82.61,82.595,82.595,228,42,18833.411
2021-06-03 10:33:00-04:00,82.595,82.61,82.595,82.6,79,22,6525.55
2021-06-03 10:34:00-04:00,82.605,82.625,82.605,82.625,247,48,20406.165
2021-06-03 10:35:00-04:00,82.625,82.635,82.615,82.635,122,36,10079.585
2021-06-03 10:36:00-04:00,82.63,82.66,82.63,82.66,384,82,31736.765
2021-06-03 10:37:00-04:00,82.66,82.66,82.645,82.65,219,53,18101.425
2021-06-03 10:38:00-04:00,82.65,82.655,82.64,82.655,140,37,11571.295
2021-06-03 10:39:00-04:00,82.65,82.65,82.62,82.625,113,41,9337.47
2021-06-03 10:40:00-04:00,82.63,82.63,82.61,82.61,88,31,7270.19
2021-06-03 10:41:00-04:00,82.61,82.62,82.605,82.615,115,26,9500.555
2021-06-03 10:42:00-04:00,82.615,82.63,82.61,82.62,71,22,5865.98
2021-06-03 10:43:00-04:00,82.625,82.625,82.615,82.625,27,15,2230.82
2021-06-03 10:44:00-04:00,82.62,82.635,82.62,82.63,81,24,6692.91
2021-06-03 10:45:00-04:00,82.625,82.63,82.62,82.63,123,39,10162.905
2021-06-03 10:46:00-04:00,82.635,82.645,82.63,82.635,173,52,14296.545
2021-06-03 10:47:00-04:00,82.64,82.665,82.64,82.655,106,30,8761.121
2021-06-03 10:48:00-04:00,82.65,82.65,82.63,82.645,138,33,11404.895
2021-06-03 10:49:00-04:00,82.645,82.67,82.645,82.66,119,36,9836.535
2021-06-03 10:50:00-04:00,82.66,82.665,82.61,82.625,360,95,29750.278
2021-06-03 10:51:00-04:00,82.62,82.62,82.605,82.605,177,44,14622.446
2021-06-03 10:52:00-04:00,82.605,82.615,82.6,82.605,88,33,7269.455
2021-06-03 10:53:00-04:00,82.605,82.61,82.595,82.605,85,29,7021.42
2021-06-03 10:54:00-04:00,82.6,82.605,82.585,82.585,127,36,10489.5
2021-06-03 10:55:00-04:00,82.585,82.585,82.56,82.565,333,79,27495.34
2021-06-03 10:56:00-04:00,82.565,82.575,82.565,82.575,283,61,23367.174
2021-06-03 10:57:00-04:00,82.575,82.59,82.55,82.55,591,124,48797.079
2021-06-03 10:58:00-04:00,82.555,82.565,82.55,82.565,253,75,20886.211
2021-06-03 10:59:00-04:00,82.57,82.6,82.57,82.595,303,93,25024.631
2021-06-03 11:00:00-04:00,82.595,82.6,82.585,82.59,328,103,27090.03
2021-06-03 11:01:00-04:00,82.59,82.595,82.575,82.575,522,99,43108.829
2021-06-03 11:02:00-04:00,82.575,82.6,82.575,82.6,231,62,19077.56
2021-06-03 11:03:00-04:00,82.6,82.615,82.595,82.615,204,45,16851.118
2021-06-03 11:04:00-04:00,82.615,82.625,82.615,82.62,90,23,7435.655
2021-06-03 11:05:00-04:00,82.615,82.62,82.6,82.61,120,33,9913.27
2021-06-03 11:06:00-04:00,82.615,82.625,82.615,82.615,47,14,3883.005
2021-06-03 11:07:00-04:00,82.62,82.625,82.615,82.62,52,14,4296.185
2021-06-03 11:08:00-04:00,82.62,82.625,82.61,82.615,55,16,4543.765
2021-06-03 11:09:00-04:00,82.615,82.635,82.615,82.635,210,51,17351.88
2021-06-03 11:10:00-04:00,82.63,82.635,82.62,82.62,109,19,9006.25
2021-06-03 11:11:00-04:00,82.615,82.615,82.595,82.595,57,25,4708.665
2021-06-03 11:12:00-04:00,82.595,82.595,82.58,82.58,82,20,6772.3
2021-06-03 11:13:00-04:00,82.58,82.595,82.575,82.585,136,22,11231.66
2021-06-03 11:14:00-04:00,82.585,82.59,82.585,82.59,33,12,2725.31
2021-06-03 11:15:00-04:00,82.595,82.6,82.59,82.6,61,15,5038.345
2021-06-03 11:16:00-04:00,82.6,82.6,82.59,82.59,86,20,7103.14
2021-06-03 11:17:00-04:00,82.59,82.59,82.59,82.59,13,4,1073.67
2021-06-03 11:18:00-04:00,82.585,82.59,82.58,82.58,118,35,9745.091
2021-06-03 11:19:00-04:00,82.575,82.58,82.57,82.57,196,30,16184.119
2021-06-03 11:20:00-04:00,82.565,82.565,82.555,82.565,133,26,10980.704
2021-06-03 11:21:00-04:00,82.565,82.565,82.555,82.555,83,31,6852.56
2021-06-03 11:22:00-04:00,82.555,82.56,82.545,82.545,81,20,6686.591
2021-06-03 11:23:00-04:00,82.55,82.575,82.55,82.57,182,42,15027.005
2021-06-03 11:24:00-04:00,82.57,82.59,82.57,82.58,134,27,11066.299
2021-06-03 11:25:00-04:00,82.585,82.595,82.585,82.59,38,13,3138.29
2021-06-03 11:26:00-04:00,82.59,82.595,82.585,82.59,21,15,1734.39
2021-06-03 11:27:00-04:00,82.585,82.585,82.58,82.58,34,10,2807.81
2021-06-03 11:28:00-04:00,82.58,82.58,82.565,82.575,83,29,6853.516
2021-06-03 11:29:00-04:00,82.58,82.58,82.55,82.555,101,49,8339.575
2021-06-03 11:30:00-04:00,82.56,82.56,82.54,82.545,108,32,8915.746
2021-06-03 11:31:00-04:00,82.55,82.56,82.55,82.56,29,15,2394.075
2021-06-03 11:32:00-04:00,82.56,82.57,82.555,82.565,206,35,17008.35
2021-06-03 11:33:00-04:00,82.56,82.56,82.545,82.55,47,19,3879.785
2021-06-03 11:34:00-04:00,82.545,82.55,82.545,82.545,48,19,3962.17
2021-06-03 11:35:00-04:00,82.545,82.56,82.545,82.545,73,25,6026.48
2021-06-03 11:36:00-04:00,82.545,82.55,82.545,82.545,43,16,3549.54
2021-06-03 11:37:00-04:00,82.54,82.545,82.535,82.545,52,28,4292.075
2021-06-03 11:38:00-04:00,82.54,82.545,82.535,82.54,70,22,5777.96
2021-06-03 11:39:00-04:00,82.54,82.55,82.535,82.55,43,25,3549.355
2021-06-03 11:40:00-04:00,82.55,82.555,82.545,82.55,37,20,3054.47
2021-06-03 11:41:00-04:00,82.55,82.555,82.55,82.55,35,12,2889.355
2021-06-03 11:42:00-04:00,82.545,82.55,82.54,82.545,65,23,5365.49
2021-06-03 11:43:00-04:00,82.55,82.565,82.55,82.56,100,29,8255.88
2021-06-03 11:44:00-04:00,82.56,82.57,82.56,82.565,64,16,5284.224
2021-06-03 11:45:00-04:00,82.57,82.57,82.56,82.565,77,26,6357.485
2021-06-03 11:46:00-04:00,82.56,82.56,82.555,82.56,25,8,2063.975
2021-06-03 11:47:00-04:00,82.56,82.565,82.56,82.56,22,6,1816.37
2021-06-03 11:48:00-04:00,82.56,82.565,82.555,82.555,29,10,2394.25
2021-06-03 11:49:00-04:00,82.555,82.555,82.54,82.545,146,40,12052.081
2021-06-03 11:50:00-04:00,82.545,82.55,82.535,82.535,83,23,6850.995
2021-06-03 11:51:00-04:00,82.535,82.54,82.52,82.52,108,41,8913.159
2021-06-03 11:52:00-04:00,82.52,82.52,82.5,82.505,438,77,36139.709
2021-06-03 11:53:00-04:00,82.505,82.51,82.505,82.51,182,30,15016.277
2021-06-03 11:54:00-04:00,82.515,82.52,82.51,82.515,175,40,14439.92
2021-06-03 11:55:00-04:00,82.515,82.52,82.505,82.51,150,45,12376.79
2021-06-03 11:56:00-04:00,82.505,82.525,82.505,82.52,175,34,14439.819
2021-06-03 11:57:00-04:00,82.525,82.54,82.525,82.54,84,23,6932.581
2021-06-03 11:58:00-04:00,82.54,82.545,82.535,82.535,89,21,7346.025
2021-06-03 11:59:00-04:00,82.535,82.535,82.525,82.525,81,19,6684.845
2021-06-03 12:00:00-04:00,82.525,82.525,82.51,82.51,137,43,11304.974
2021-06-03 12:01:00-04:00,82.515,82.52,82.51,82.51,53,16,4373.42
2021-06-03 12:02:00-04:00,82.515,82.52,82.515,82.52,75,21,6188.855
2021-06-03 12:03:00-04:00,82.52,82.545,82.52,82.54,110,29,9078.695
2021-06-03 12:04:00-04:00,82.545,82.55,82.545,82.55,140,22,11556.886
2021-06-03 12:05:00-04:00,82.55,82.555,82.55,82.555,22,10,1816.19
2021-06-03 12:06:00-04:00,82.56,82.56,82.55,82.55,38,13,3137.17
2021-06-03 12:07:00-04:00,82.555,82.56,82.55,82.55,41,14,3384.745
2021-06-03 12:08:00-04:00,82.55,82.555,82.55,82.555,26,15,2146.355
2021-06-03 12:09:00-04:00,82.555,82.555,82.55,82.555,25,10,2063.87
2021-06-03 12:10:00-04:00,82.55,82.555,82.55,82.555,40,15,3302.035
2021-06-03 12:11:00-04:00,82.55,82.555,82.55,82.555,7,5,577.87
2021-06-03 12:12:00-04:00,82.555,82.575,82.555,82.57,63,22,5201.83
2021-06-03 12:13:00-04:00,82.575,82.58,82.57,82.58,47,13,3880.94
2021-06-03 12:14:00-04:00,82.58,82.58,82.57,82.57,43,8,3550.775
2021-06-03 12:15:00-04:00,82.575,82.58,82.575,82.575,64,15,5284.875
2021-06-03 12:16:00-04:00,82.57,82.575,82.565,82.565,104,18,8587.51
2021-06-03 12:17:00-04:00,82.57,82.575,82.57,82.57,77,26,6357.965
2021-06-03 12:18:00-04:00,82.57,82.57,82.565,82.57,104,17,8587.15
2021-06-03 12:19:00-04:00,82.575,82.575,82.57,82.575,60,17,4954.325
2021-06-03 12:20:00-04:00,82.57,82.57,82.56,82.565,115,30,9495.02
2021-06-03 12:21:00-04:00,82.57,82.57,82.56,82.56,51,15,4210.995
2021-06-03 12:22:00-04:00,82.56,82.56,82.555,82.56,70,20,5779.025
2021-06-03 12:23:00-04:00,82.56,82.56,82.555,82.56,19,7,1568.625
2021-06-03 12:24:00-04:00,82.555,82.56,82.555,82.555,39,10,3219.78
2021-06-03 12:25:00-04:00,82.555,82.555,82.55,82.555,17,10,1403.42
2021-06-03 12:26:00-04:00,82.555,82.56,82.555,82.56,35,12,2889.555
2021-06-03 12:27:00-04:00,82.56,82.565,82.56,82.565,38,12,3137.41
2021-06-03 12:28:00-04:00,82.56,82.56,82.56,82.56,26,9,2146.56
2021-06-03 12:29:00-04:00,82.555,82.56,82.55,82.55,55,15,4540.44
2021-06-03 12:30:00-04:00,82.545,82.55,82.545,82.55,37,8,3054.29
2021-06-03 12:31:00-04:00,82.55,82.55,82.545,82.545,45,15,3714.585
2021-06-03 12:32:00-04:00,82.545,82.555,82.54,82.55,56,13,4622.71
2021-06-03 12:33:00-04:00,82.555,82.555,82.55,82.555,59,12,4870.54
2021-06-03 12:34:00-04:00,82.555,82.56,82.555,82.555,51,17,4210.34
2021-06-03 12:35:00-04:00,82.555,82.56,82.555,82.555,33,17,2724.34
2021-06-03 12:36:00-04:00,82.555,82.565,82.555,82.56,41,12,3384.94
2021-06-03 12:37:00-04:00,82.565,82.58,82.565,82.575,64,15,5284.61
2021-06-03 12:38:00-04:00,82.575,82.58,82.57,82.57,69,23,5697.52
2021-06-03 12:39:00-04:00,82.57,82.58,82.57,82.58,42,15,3468.2
2021-06-03 12:40:00-04:00,82.58,82.585,82.58,82.585,64,15,5285.39
2021-06-03 12:41:00-04:00,82.585,82.585,82.585,82.585,53,13,4377.005
2021-06-03 12:42:00-04:00,82.585,82.59,82.58,82.585,72,19,5945.955
2021-06-03 12:43:00-04:00,82.58,82.585,82.58,82.585,40,18,3303.25
2021-06-03 12:44:00-04:00,82.585,82.595,82.585,82.595,105,27,8672.045
2021-06-03 12:45:00-04:00,82.595,82.595,82.59,82.595,91,24,7515.965
2021-06-03 12:46:00-04:00,82.595,82.6,82.595,82.6,72,19,5947.115
2021-06-03 12:47:00-04:00,82.6,82.6,82.595,82.595,50,17,4129.825
2021-06-03 12:48:00-04:00,82.595,82.605,82.595,82.6,35,17,2890.96
2021-06-03 12:49:00-04:00,82.605,82.61,82.605,82.61,82,33,6773.755
2021-06-03 12:50:00-04:00,82.605,82.605,82.595,82.6,32,14,2643.245
2021-06-03 12:51:00-04:00,82.595,82.595,82.58,82.58,39,15,3220.935
2021-06-03 12:52:00-04:00,82.585,82.585,82.585,82.585,16,3,1321.36
2021-06-03 12:53:00-04:00,82.585,82.585,82.575,82.575,21,9,1734.195
2021-06-03 12:54:00-04:00,82.57,82.58,82.57,82.58,56,26,4624.44
2021-06-03 12:55:00-04:00,82.575,82.58,82.575,82.575,84,23,6936.395
2021-06-03 12:56:00-04:00,82.575,82.575,82.565,82.565,31,7,2559.675
2021-06-03 12:57:00-04:00,82.565,82.565,82.56,82.56,13,3,1073.335
2021-06-03 12:58:00-04:00,82.565,82.57,82.565,82.57,20,8,1651.355
2021-06-03 12:59:00-04:00,82.57,82.57,82.565,82.57,72,27,5944.94
2021-06-03 13:00:00-04:00,82.57,82.57,82.555,82.555,39,10,3219.915
2021-06-03 13:01:00-04:00,82.555,82.555,82.55,82.55,45,18,3714.83
2021-06-03 13:02:00-04:00,82.55,82.555,82.545,82.55,97,22,8007.465
2021-06-03 13:03:00-04:00,82.55,82.555,82.55,82.555,32,14,2641.75
2021-06-03 13:04:00-04:00,82.555,82.555,82.55,82.555,9,6,742.985
2021-06-03 13:05:00-04:00,82.555,82.555,82.55,82.55,26,12,2146.34
2021-06-03 13:06:00-04:00,82.55,82.555,82.55,82.55,20,10,1651.05
2021-06-03 13:07:00-04:00,82.55,82.55,82.545,82.55,41,15,3384.54
2021-06-03 13:08:00-04:00,82.55,82.55,82.545,82.545,32,12,2641.56
2021-06-03 13:09:00-04:00,82.545,82.545,82.53,82.545,114,41,9409.475
2021-06-03 13:10:00-04:00,82.545,82.55,82.545,82.545,70,19,5778.395
2021-06-03 13:11:00-04:00,82.545,82.555,82.54,82.55,86,32,7099.53
2021-06-03 13:12:00-04:00,82.555,82.555,82.555,82.555,34,14,2806.87
2021-06-03 13:13:00-04:00,82.555,82.56,82.555,82.56,58,12,4788.41
2021-06-03 13:14:00-04:00,82.56,82.56,82.56,82.56,9,5,743.04
2021-06-03 13:15:00-04:00,82.555,82.56,82.555,82.56,39,12,3219.78
2021-06-03 13:16:00-04:00,82.555,82.56,82.555,82.56,26,10,2146.46
2021-06-03 13:17:00-04:00,82.56,82.565,82.56,82.565,32,10,2642.075
2021-06-03 13:18:00-04:00,82.565,82.565,82.56,82.56,24,8,1981.49
2021-06-03 13:19:00-04:00,82.56,82.56,82.555,82.56,26,10,2146.475
2021-06-03 13:20:00-04:00,82.565,82.565,82.56,82.565,26,8,2146.62
2021-06-03 13:21:00-04:00,82.565,82.575,82.565,82.575,25,11,2064.3
2021-06-03 13:22:00-04:00,82.575,82.575,82.57,82.575,30,11,2477.23
2021-06-03 13:23:00-04:00,82.57,82.58,82.57,82.58,22,16,1816.635
2021-06-03 13:24:00-04:00,82.58,82.58,82.575,82.575,10,3,825.795
2021-06-03 13:25:00-04:00,82.575,82.58,82.575,82.58,16,6,1321.215
2021-06-03 13:26:00-04:00,82.58,82.58,82.57,82.57,40,12,3302.87
2021-06-03 13:27:00-04:00,82.57,82.57,82.565,82.565,34,9,2807.285
2021-06-03 13:28:00-04:00,82.56,82.565,82.56,82.565,27,11,2229.245
2021-06-03 13:29:00-04:00,82.57,82.575,82.57,82.57,19,8,1568.835
2021-06-03 13:30:00-04:00,82.57,82.57,82.56,82.57,55,11,4541.135
2021-06-03 13:31:00-04:00,82.565,82.575,82.565,82.575,12,6,990.86
2021-06-03 13:32:00-04:00,82.575,82.58,82.575,82.58,49,11,4046.35
2021-06-03 13:33:00-04:00,82.585,82.585,82.58,82.58,60,27,4954.94
2021-06-03 13:34:00-04:00,82.575,82.585,82.575,82.585,76,24,6275.92
2021-06-03 13:35:00-04:00,82.585,82.585,82.57,82.58,65,25,5367.395
2021-06-03 13:36:00-04:00,82.58,82.585,82.575,82.585,61,25,5037.345
2021-06-03 13:37:00-04:00,82.58,82.595,82.58,82.59,82,31,6772.325
2021-06-03 13:38:00-04:00,82.59,82.595,82.59,82.59,13,6,1073.685
2021-06-03 13:39:00-04:00,82.59,82.6,82.59,82.595,18,6,1486.685
2021-06-03 13:40:00-04:00,82.59,82.59,82.58,82.585,65,18,5368.085
2021-06-03 13:41:00-04:00,82.59,82.6,82.59,82.595,19,9,1569.335
2021-06-03 13:42:00-04:00,82.595,82.6,82.595,82.6,9,5,743.37
2021-06-03 13:43:00-04:00,82.6,82.6,82.595,82.595,11,5,908.58
2021-06-03 13:44:00-04:00,82.595,82.595,82.57,82.57,113,20,9331.194
2021-06-03 13:45:00-04:00,82.575,82.575,82.57,82.57,65,18,5367.11
2021-06-03 13:46:00-04:00,82.57,82.57,82.565,82.565,34,10,2807.24
2021-06-03 13:47:00-04:00,82.57,82.57,82.565,82.565,15,4,1238.53
2021-06-03 13:48:00-04:00,82.565,82.575,82.565,82.575,32,12,2642.28
2021-06-03 13:49:00-04:00,82.57,82.575,82.57,82.575,14,5,1156.015
2021-06-03 13:50:00-04:00,82.58,82.58,82.575,82.575,19,7,1568.93
2021-06-03 13:51:00-04:00,82.575,82.575,82.575,82.575,6,1,495.45
2021-06-03 13:52:00-04:00,82.575,82.575,82.57,82.575,34,18,2807.525
2021-06-03 13:53:00-04:00,82.575,82.58,82.565,82.57,131,43,10816.46
2021-06-03 13:54:00-04:00,82.575,82.575,82.575,82.575,25,8,2064.375
2021-06-03 13:55:00-04:00,82.575,82.575,82.565,82.575,77,22,6357.94
2021-06-03 13:56:00-04:00,82.57,82.57,82.57,82.57,15,5,1238.55
2021-06-03 13:57:00-04:00,82.575,82.575,82.575,82.575,6,4,495.45
2021-06-03 13:58:00-04:00,82.58,82.58,82.58,82.58,15,5,1238.7
2021-06-03 13:59:00-04:00,82.585,82.585,82.58,82.58,5,2,412.905
2021-06-03 14:00:00-04:00,82.585,82.585,82.575,82.575,39,19,3220.59
2021-06-03 14:01:00-04:00,82.575,82.575,82.57,82.575,27,13,2229.51
2021-06-03 14:02:00-04:00,82.58,82.58,82.575,82.58,22,6,1816.74
2021-06-03 14:03:00-04:00,82.58,82.58,82.58,82.58,3,1,247.74
2021-06-03 14:04:00-04:00,82.58,82.58,82.58,82.58,4,2,330.32
2021-06-03 14:05:00-04:00,82.58,82.585,82.58,82.58,31,15,2559.995
2021-06-03 14:06:00-04:00,82.58,82.585,82.58,82.585,46,8,3798.87
2021-06-03 14:07:00-04:00,82.585,82.595,82.585,82.595,121,24,9993.385
2021-06-03 14:08:00-04:00,82.59,82.6,82.59,82.6,47,10,3881.97
2021-06-03 14:09:00-04:00,82.6,82.605,82.595,82.595,39,14,3221.295
2021-06-03 14:10:00-04:00,82.595,82.595,82.59,82.595,15,7,1238.92
2021-06-03 14:11:00-04:00,82.595,82.6,82.595,82.6,11,6,908.56
2021-06-03 14:12:00-04:00,82.595,82.595,82.59,82.59,37,10,3055.94
2021-06-03 14:13:00-04:00,82.585,82.59,82.585,82.59,7,4,578.12
2021-06-03 14:14:00-04:00,82.585,82.59,82.585,82.585,26,9,2147.32
2021-06-03 14:15:00-04:00,82.585,82.585,82.58,82.58,75,11,6193.625
2021-06-03 14:16:00-04:00,82.58,82.58,82.57,82.58,66,15,5449.93
2021-06-03 14:17:00-04:00,82.575,82.575,82.57,82.575,18,7,1486.315
2021-06-03 14:18:00-04:00,82.575,82.575,82.57,82.575,7,4,578.02
2021-06-03 14:19:00-04:00,82.575,82.575,82.57,82.575,30,14,2477.23
2021-06-03 14:20:00-04:00,82.58,82.585,82.58,82.58,33,17,2725.155
2021-06-03 14:21:00-04:00,82.575,82.58,82.575,82.58,13,5,1073.515
2021-06-03 14:22:00-04:00,82.575,82.59,82.575,82.59,73,23,6028.91
2021-06-03 14:23:00-04:00,82.59,82.59,82.575,82.575,47,13,3881.55
2021-06-03 14:24:00-04:00,82.58,82.58,82.57,82.575,42,13,3468.165
2021-06-03 14:25:00-04:00,82.57,82.575,82.57,82.57,18,5,1486.265
2021-06-03 14:26:00-04:00,82.57,82.585,82.57,82.585,38,10,3137.895
2021-06-03 14:27:00-04:00,82.58,82.58,82.575,82.575,28,5,2312.22
2021-06-03 14:28:00-04:00,82.58,82.585,82.575,82.575,35,11,2890.255
2021-06-03 14:29:00-04:00,82.575,82.575,82.575,82.575,10,8,825.75
2021-06-03 14:30:00-04:00,82.575,82.58,82.575,82.575,30,15,2477.275
2021-06-03 14:31:00-04:00,82.575,82.575,82.57,82.57,7,6,578.015
2021-06-03 14:32:00-04:00,82.575,82.575,82.57,82.57,10,6,825.73
2021-06-03 14:33:00-04:00,82.57,82.59,82.565,82.585,124,32,10239.671
2021-06-03 14:34:00-04:00,82.58,82.58,82.58,82.58,26,9,2147.08
2021-06-03 14:35:00-04:00,82.58,82.58,82.58,82.58,14,4,1156.12
2021-06-03 14:36:00-04:00,82.585,82.585,82.585,82.585,31,9,2560.135
2021-06-03 14:37:00-04:00,82.58,82.585,82.58,82.585,3,2,247.745
2021-06-03 14:38:00-04:00,82.58,82.585,82.58,82.585,9,7,743.24
2021-06-03 14:39:00-04:00,82.58,82.58,82.575,82.58,110,28,9083.459
2021-06-03 14:40:00-04:00,82.58,82.58,82.57,82.575,60,22,4954.35
2021-06-03 14:41:00-04:00,82.575,82.58,82.575,82.575,28,8,2312.195
2021-06-03 14:42:00-04:00,82.575,82.585,82.575,82.58,72,25,5945.8
2021-06-03 14:43:00-04:00,82.58,82.58,82.575,82.575,96,27,7927.625
2021-06-03 14:44:00-04:00,82.575,82.58,82.57,82.57,252,61,20809.114
2021-06-03 14:45:00-04:00,82.575,82.585,82.575,82.58,52,21,4294.15
2021-06-03 14:46:00-04:00,82.58,82.58,82.58,82.58,17,5,1403.86
2021-06-03 14:47:00-04:00,82.58,82.58,82.58,82.58,6,3,495.48
2021-06-03 14:48:00-04:00,82.58,82.59,82.58,82.59,128,28,10571.36
2021-06-03 14:49:00-04:00,82.59,82.59,82.585,82.59,12,6,991.07
2021-06-03 14:50:00-04:00,82.585,82.59,82.585,82.59,44,11,3633.855
2021-06-03 14:51:00-04:00,82.595,82.595,82.59,82.59,6,5,495.555
2021-06-03 14:52:00-04:00,82.59,82.59,82.59,82.59,35,16,2890.65
2021-06-03 14:53:00-04:00,82.59,82.59,82.585,82.585,43,13,3551.27
2021-06-03 14:54:00-04:00,82.585,82.585,82.58,82.585,8,3,660.675
2021-06-03 14:55:00-04:00,82.585,82.6,82.585,82.595,120,31,9911.22
2021-06-03 14:56:00-04:00,82.59,82.595,82.59,82.59,44,16,3634.09
2021-06-03 14:57:00-04:00,82.59,82.595,82.59,82.59,154,42,12719.37
2021-06-03 14:58:00-04:00,82.59,82.6,82.585,82.6,61,14,5038.08
2021-06-03 14:59:00-04:00,82.595,82.605,82.59,82.595,611,163,50466.891
2021-06-03 15:00:00-04:00,82.595,82.6,82.59,82.595,307,56,25357.053
2021-06-03 15:01:00-04:00,82.595,82.6,82.595,82.6,67,13,5533.995
2021-06-03 15:02:00-04:00,82.6,82.605,82.6,82.6,91,15,7516.805
2021-06-03 15:03:00-04:00,82.605,82.605,82.605,82.605,7,1,578.235
2021-06-03 15:04:00-04:00,82.605,82.605,82.6,82.6,10,5,826.005
2021-06-03 15:05:00-04:00,82.6,82.6,82.595,82.595,7,2,578.195
2021-06-03 15:06:00-04:00,82.6,82.605,82.6,82.6,34,12,2808.455
2021-06-03 15:07:00-04:00,82.605,82.605,82.605,82.605,12,2,991.26
2021-06-03 15:08:00-04:00,82.6,82.6,82.6,82.6,2,2,165.2
2021-06-03 15:10:00-04:00,82.605,82.605,82.605,82.605,1,1,82.605
2021-06-03 15:11:00-04:00,82.6,82.6,82.6,82.6,5,4,413.0
2021-06-03 15:12:00-04:00,82.6,82.6,82.6,82.6,16,5,1321.6
2021-06-03 15:13:00-04:00,82.6,82.6,82.6,82.6,9,4,743.4
2021-06-03 15:15:00-04:00,82.6,82.605,82.6,82.605,4,3,330.41
2021-06-03 15:16:00-04:00,82.6,82.6,82.6,82.6,22,8,1817.2
2021-06-03 15:17:00-04:00,82.605,82.605,82.605,82.605,1,1,82.605
2021-06-03 15:18:00-04:00,82.605,82.605,82.605,82.605,64,24,5286.72
2021-06-03 15:19:00-04:00,82.6,82.605,82.6,82.6,54,21,4460.41
2021-06-03 15:20:00-04:00,82.6,82.605,82.595,82.595,82,23,6773.165
2021-06-03 15:21:00-04:00,82.595,82.6,82.595,82.6,16,8,1321.57
2021-06-03 15:22:00-04:00,82.605,82.605,82.6,82.605,50,14,4130.235
2021-06-03 15:23:00-04:00,82.61,82.615,82.605,82.615,112,24,9252.575
2021-06-03 15:24:00-04:00,82.615,82.615,82.61,82.61,17,8,1404.395
2021-06-03 15:25:00-04:00,82.61,82.61,82.6,82.6,95,25,7847.244
2021-06-03 15:26:00-04:00,82.6,82.6,82.59,82.595,84,24,6938.035
2021-06-03 15:27:00-04:00,82.595,82.595,82.595,82.595,42,16,3468.99
2021-06-03 15:28:00-04:00,82.595,82.6,82.59,82.595,56,14,4625.335
2021-06-03 15:29:00-04:00,82.595,82.6,82.595,82.6,20,6,1651.98
2021-06-03 15:30:00-04:00,82.605,82.605,82.605,82.605,1,1,82.605
2021-06-03 15:31:00-04:00,82.6,82.605,82.6,82.605,41,13,3386.78
2021-06-03 15:32:00-04:00,82.605,82.605,82.605,82.605,12,5,991.26
2021-06-03 15:33:00-04:00,82.61,82.615,82.61,82.615,19,7,1569.605
2021-06-03 15:34:00-04:00,82.615,82.615,82.615,82.615,20,14,1652.3
2021-06-03 15:35:00-04:00,82.61,82.615,82.61,82.615,4,2,330.455
2021-06-03 15:36:00-04:00,82.615,82.62,82.615,82.62,15,8,1239.245
2021-06-03 15:37:00-04:00,82.62,82.62,82.62,82.62,9,5,743.58
2021-06-03 15:38:00-04:00,82.625,82.625,82.625,82.625,8,4,661.0
2021-06-03 15:39:00-04:00,82.63,82.63,82.63,82.63,4,2,330.52
2021-06-03 15:40:00-04:00,82.63,82.63,82.62,82.625,24,7,1983.005
2021-06-03 15:41:00-04:00,82.625,82.625,82.62,82.62,30,7,2478.685
2021-06-03 15:42:00-04:00,82.615,82.62,82.615,82.615,29,6,2395.895
2021-06-03 15:43:00-04:00,82.62,82.62,82.62,82.62,5,2,413.1
2021-06-03 15:44:00-04:00,82.62,82.62,82.615,82.615,32,13,2643.705
2021-06-03 15:45:00-04:00,82.615,82.62,82.615,82.62,14,6,1156.635
2021-06-03 15:46:00-04:00,82.615,82.625,82.615,82.625,12,6,991.435
2021-06-03 15:47:00-04:00,82.62,82.625,82.62,82.625,8,4,660.99
2021-06-03 15:48:00-04:00,82.625,82.625,82.62,82.62,17,5,1404.56
2021-06-03 15:49:00-04:00,82.615,82.62,82.615,82.62,32,11,2643.81
2021-06-03 15:50:00-04:00,82.625,82.625,82.61,82.61,61,18,5039.66
2021-06-03 15:51:00-04:00,82.615,82.62,82.615,82.615,23,8,1900.155
2021-06-03 15:52:00-04:00,82.61,82.615,82.61,82.615,9,6,743.51
2021-06-03 15:53:00-04:00,82.61,82.615,82.61,82.61,30,17,2478.32
2021-06-03 15:54:00-04:00,82.61,82.61,82.61,82.61,20,7,1652.2
2021-06-03 15:55:00-04:00,82.61,82.615,82.605,82.61,28,14,2313.085
2021-06-03 15:56:00-04:00,82.615,82.615,82.61,82.615,42,14,3469.73
2021-06-03 15:57:00-04:00,82.615,82.625,82.615,82.62,40,15,3304.8
2021-06-03 15:58:00-04:00,82.62,82.625,82.62,82.62,32,12,2643.845
2021-06-03 15:59:00-04:00,82.62,82.625,82.615,82.615,194,57,16028.61
