,CHF Curncy,CHF Curncy,CHF Curncy,CHF Curncy,CHF Curncy,CHF Curncy,CHF Curncy
,open,high,low,close,volume,num_trds,value
2021-08-05 17:00:00-04:00,0.907,0.9072,0.907,0.907,0,346,0.0
2021-08-05 17:01:00-04:00,0.9071,0.9072,0.9069,0.907,0,497,0.0
2021-08-05 17:02:00-04:00,0.907,0.9076,0.907,0.907,0,490,0.0
2021-08-05 17:03:00-04:00,0.907,0.9073,0.907,0.907,0,480,0.0
2021-08-05 17:04:00-04:00,0.907,0.9072,0.907,0.907,0,506,0.0
2021-08-05 17:05:00-04:00,0.907,0.9072,0.907,0.9071,0,512,0.0
2021-08-05 17:06:00-04:00,0.9071,0.9072,0.9071,0.9072,0,487,0.0
2021-08-05 17:07:00-04:00,0.9072,0.9072,0.9072,0.9072,0,493,0.0
2021-08-05 17:08:00-04:00,0.9072,0.9072,0.9072,0.9072,0,475,0.0
2021-08-05 17:09:00-04:00,0.9072,0.9072,0.9072,0.9072,0,484,0.0
2021-08-05 17:10:00-04:00,0.9072,0.9072,0.9071,0.9071,0,490,0.0
2021-08-05 17:11:00-04:00,0.9071,0.9071,0.9071,0.9071,0,495,0.0
2021-08-05 17:12:00-04:00,0.9071,0.9072,0.9071,0.9072,0,515,0.0
2021-08-05 17:13:00-04:00,0.9072,0.9072,0.9068,0.9068,0,563,0.0
2021-08-05 17:14:00-04:00,0.9068,0.9068,0.9067,0.9068,0,546,0.0
2021-08-05 17:15:00-04:00,0.9068,0.9071,0.9067,0.9069,0,562,0.0
2021-08-05 17:16:00-04:00,0.9069,0.9069,0.9068,0.9069,0,499,0.0
2021-08-05 17:17:00-04:00,0.9069,0.9069,0.9068,0.9068,0,481,0.0
2021-08-05 17:18:00-04:00,0.9068,0.9069,0.9068,0.9069,0,501,0.0
2021-08-05 17:19:00-04:00,0.9069,0.9069,0.9068,0.9069,0,480,0.0
2021-08-05 17:20:00-04:00,0.9069,0.9069,0.9068,0.9069,0,487,0.0
2021-08-05 17:21:00-04:00,0.9069,0.9069,0.9068,0.9069,0,490,0.0
2021-08-05 17:22:00-04:00,0.9069,0.9069,0.9068,0.9069,0,487,0.0
2021-08-05 17:23:00-04:00,0.9069,0.9069,0.9069,0.9069,0,478,0.0
2021-08-05 17:24:00-04:00,0.9069,0.9069,0.9068,0.9068,0,495,0.0
2021-08-05 17:25:00-04:00,0.9068,0.9069,0.9068,0.9069,0,497,0.0
2021-08-05 17:26:00-04:00,0.9069,0.9069,0.9068,0.9069,0,522,0.0
2021-08-05 17:27:00-04:00,0.9069,0.9069,0.9068,0.9069,0,528,0.0
2021-08-05 17:28:00-04:00,0.9069,0.9069,0.9068,0.9069,0,526,0.0
2021-08-05 17:29:00-04:00,0.9069,0.9069,0.9065,0.9065,0,522,0.0
2021-08-05 17:30:00-04:00,0.9065,0.907,0.9064,0.9069,0,689,0.0
2021-08-05 17:31:00-04:00,0.9069,0.907,0.9069,0.9069,0,552,0.0
2021-08-05 17:32:00-04:00,0.9069,0.9069,0.9069,0.9069,0,533,0.0
2021-08-05 17:33:00-04:00,0.9069,0.9069,0.9068,0.9069,0,533,0.0
2021-08-05 17:34:00-04:00,0.9069,0.9069,0.9068,0.9069,0,502,0.0
2021-08-05 17:35:00-04:00,0.9069,0.9069,0.9069,0.9069,0,509,0.0
2021-08-05 17:36:00-04:00,0.9069,0.9069,0.9069,0.9069,0,491,0.0
2021-08-05 17:37:00-04:00,0.9069,0.9069,0.9069,0.9069,0,488,0.0
2021-08-05 17:38:00-04:00,0.9069,0.907,0.9069,0.907,0,517,0.0
2021-08-05 17:39:00-04:00,0.907,0.9071,0.9069,0.9071,0,538,0.0
2021-08-05 17:40:00-04:00,0.9071,0.9071,0.9066,0.9068,0,619,0.0
2021-08-05 17:41:00-04:00,0.9068,0.9068,0.9067,0.9067,0,527,0.0
2021-08-05 17:42:00-04:00,0.9067,0.9067,0.9067,0.9067,0,512,0.0
2021-08-05 17:43:00-04:00,0.9067,0.9068,0.9067,0.9067,0,518,0.0
2021-08-05 17:44:00-04:00,0.9067,0.9067,0.9067,0.9067,0,506,0.0
2021-08-05 17:45:00-04:00,0.9067,0.9067,0.9067,0.9067,0,491,0.0
2021-08-05 17:46:00-04:00,0.9067,0.9068,0.9067,0.9067,0,482,0.0
2021-08-05 17:47:00-04:00,0.9067,0.9067,0.9067,0.9067,0,489,0.0
2021-08-05 17:48:00-04:00,0.9067,0.9067,0.9067,0.9067,0,490,0.0
2021-08-05 17:49:00-04:00,0.9067,0.9067,0.9067,0.9067,0,481,0.0
2021-08-05 17:50:00-04:00,0.9067,0.9067,0.9067,0.9067,0,514,0.0
2021-08-05 17:51:00-04:00,0.9067,0.9067,0.9067,0.9067,0,484,0.0
2021-08-05 17:52:00-04:00,0.9067,0.9067,0.9067,0.9067,0,476,0.0
2021-08-05 17:53:00-04:00,0.9067,0.9067,0.9067,0.9067,0,507,0.0
2021-08-05 17:54:00-04:00,0.9067,0.9067,0.9067,0.9067,0,497,0.0
2021-08-05 17:55:00-04:00,0.9067,0.9067,0.9067,0.9067,0,489,0.0
2021-08-05 17:56:00-04:00,0.9067,0.9067,0.9067,0.9067,0,497,0.0
2021-08-05 17:57:00-04:00,0.9067,0.9067,0.9067,0.9067,0,475,0.0
2021-08-05 17:58:00-04:00,0.9067,0.907,0.9067,0.907,0,543,0.0
2021-08-05 17:59:00-04:00,0.907,0.907,0.9069,0.9069,0,666,0.0
2021-08-05 18:00:00-04:00,0.9069,0.9071,0.9066,0.9066,0,711,0.0
2021-08-05 18:01:00-04:00,0.9066,0.9066,0.9066,0.9066,0,519,0.0
2021-08-05 18:02:00-04:00,0.9066,0.9067,0.9066,0.9066,0,541,0.0
2021-08-05 18:03:00-04:00,0.9066,0.9066,0.9066,0.9066,0,516,0.0
2021-08-05 18:04:00-04:00,0.9066,0.9066,0.9066,0.9066,0,506,0.0
2021-08-05 18:05:00-04:00,0.9066,0.9066,0.9066,0.9066,0,517,0.0
2021-08-05 18:06:00-04:00,0.9066,0.9066,0.9066,0.9066,0,493,0.0
2021-08-05 18:07:00-04:00,0.9066,0.9066,0.9066,0.9066,0,520,0.0
2021-08-05 18:08:00-04:00,0.9066,0.9067,0.9066,0.9066,0,534,0.0
2021-08-05 18:09:00-04:00,0.9066,0.9067,0.9066,0.9067,0,556,0.0
2021-08-05 18:10:00-04:00,0.9067,0.9067,0.9067,0.9067,0,530,0.0
2021-08-05 18:11:00-04:00,0.9067,0.9068,0.9067,0.9067,0,545,0.0
2021-08-05 18:12:00-04:00,0.9067,0.9068,0.9067,0.9067,0,529,0.0
2021-08-05 18:13:00-04:00,0.9067,0.9068,0.9067,0.9068,0,504,0.0
2021-08-05 18:14:00-04:00,0.9068,0.9068,0.9067,0.9067,0,512,0.0
2021-08-05 18:15:00-04:00,0.9067,0.9067,0.9067,0.9067,0,513,0.0
2021-08-05 18:16:00-04:00,0.9067,0.9067,0.9067,0.9067,0,507,0.0
2021-08-05 18:17:00-04:00,0.9067,0.9067,0.9067,0.9067,0,497,0.0
2021-08-05 18:18:00-04:00,0.9067,0.9067,0.9067,0.9067,0,506,0.0
2021-08-05 18:19:00-04:00,0.9067,0.9067,0.9067,0.9067,0,493,0.0
2021-08-05 18:20:00-04:00,0.9067,0.9067,0.9067,0.9067,0,525,0.0
2021-08-05 18:21:00-04:00,0.9067,0.9067,0.9067,0.9067,0,498,0.0
2021-08-05 18:22:00-04:00,0.9067,0.9067,0.9067,0.9067,0,499,0.0
2021-08-05 18:23:00-04:00,0.9067,0.9067,0.9067,0.9067,0,505,0.0
2021-08-05 18:24:00-04:00,0.9067,0.9067,0.9067,0.9067,0,491,0.0
2021-08-05 18:25:00-04:00,0.9067,0.9067,0.9067,0.9067,0,511,0.0
2021-08-05 18:26:00-04:00,0.9067,0.9067,0.9067,0.9067,0,496,0.0
2021-08-05 18:27:00-04:00,0.9067,0.9067,0.9066,0.9067,0,526,0.0
2021-08-05 18:28:00-04:00,0.9067,0.9067,0.9066,0.9066,0,520,0.0
2021-08-05 18:29:00-04:00,0.9066,0.9066,0.9066,0.9066,0,507,0.0
2021-08-05 18:30:00-04:00,0.9066,0.9066,0.9066,0.9066,0,506,0.0
2021-08-05 18:31:00-04:00,0.9066,0.9066,0.9066,0.9066,0,501,0.0
2021-08-05 18:32:00-04:00,0.9066,0.9066,0.9066,0.9066,0,481,0.0
2021-08-05 18:33:00-04:00,0.9066,0.9066,0.9066,0.9066,0,500,0.0
2021-08-05 18:34:00-04:00,0.9066,0.9066,0.9066,0.9066,0,496,0.0
2021-08-05 18:35:00-04:00,0.9066,0.9066,0.9066,0.9066,0,526,0.0
2021-08-05 18:36:00-04:00,0.9066,0.9066,0.9066,0.9066,0,535,0.0
2021-08-05 18:37:00-04:00,0.9066,0.9066,0.9066,0.9066,0,525,0.0
2021-08-05 18:38:00-04:00,0.9066,0.9066,0.9066,0.9066,0,487,0.0
2021-08-05 18:39:00-04:00,0.9066,0.9066,0.9066,0.9066,0,522,0.0
2021-08-05 18:40:00-04:00,0.9066,0.9066,0.9066,0.9066,0,504,0.0
2021-08-05 18:41:00-04:00,0.9066,0.9066,0.9066,0.9066,0,519,0.0
2021-08-05 18:42:00-04:00,0.9066,0.9066,0.9066,0.9066,0,498,0.0
2021-08-05 18:43:00-04:00,0.9066,0.9066,0.9066,0.9066,0,492,0.0
2021-08-05 18:44:00-04:00,0.9066,0.9066,0.9066,0.9066,0,549,0.0
2021-08-05 18:45:00-04:00,0.9066,0.9066,0.9066,0.9066,0,506,0.0
2021-08-05 18:46:00-04:00,0.9066,0.9067,0.9066,0.9066,0,533,0.0
2021-08-05 18:47:00-04:00,0.9066,0.9067,0.9066,0.9067,0,552,0.0
2021-08-05 18:48:00-04:00,0.9067,0.9067,0.9067,0.9067,0,482,0.0
2021-08-05 18:49:00-04:00,0.9067,0.9067,0.9067,0.9067,0,491,0.0
2021-08-05 18:50:00-04:00,0.9067,0.9067,0.9067,0.9067,0,512,0.0
2021-08-05 18:51:00-04:00,0.9067,0.9067,0.9067,0.9067,0,515,0.0
2021-08-05 18:52:00-04:00,0.9067,0.9068,0.9067,0.9067,0,526,0.0
2021-08-05 18:53:00-04:00,0.9067,0.9068,0.9067,0.9067,0,475,0.0
2021-08-05 18:54:00-04:00,0.9067,0.9068,0.9067,0.9067,0,500,0.0
2021-08-05 18:55:00-04:00,0.9067,0.9068,0.9067,0.9067,0,496,0.0
2021-08-05 18:56:00-04:00,0.9067,0.9067,0.9067,0.9067,0,490,0.0
2021-08-05 18:57:00-04:00,0.9067,0.9068,0.9067,0.9067,0,493,0.0
2021-08-05 18:58:00-04:00,0.9067,0.9068,0.9067,0.9067,0,488,0.0
2021-08-05 18:59:00-04:00,0.9067,0.9068,0.9067,0.9067,0,503,0.0
2021-08-05 19:00:00-04:00,0.9067,0.9068,0.9067,0.9068,0,503,0.0
2021-08-05 19:01:00-04:00,0.9068,0.9068,0.9067,0.9067,0,485,0.0
2021-08-05 19:02:00-04:00,0.9067,0.9068,0.9067,0.9067,0,499,0.0
2021-08-05 19:03:00-04:00,0.9067,0.9068,0.9067,0.9067,0,514,0.0
2021-08-05 19:04:00-04:00,0.9067,0.9067,0.9067,0.9067,0,513,0.0
2021-08-05 19:05:00-04:00,0.9067,0.9067,0.9067,0.9067,0,488,0.0
2021-08-05 19:06:00-04:00,0.9067,0.9067,0.9067,0.9067,0,483,0.0
2021-08-05 19:07:00-04:00,0.9067,0.9067,0.9067,0.9067,0,488,0.0
2021-08-05 19:08:00-04:00,0.9067,0.9067,0.9067,0.9067,0,475,0.0
2021-08-05 19:09:00-04:00,0.9067,0.9067,0.9067,0.9067,0,481,0.0
2021-08-05 19:10:00-04:00,0.9067,0.9067,0.9067,0.9067,0,509,0.0
2021-08-05 19:11:00-04:00,0.9067,0.9067,0.9067,0.9067,0,491,0.0
2021-08-05 19:12:00-04:00,0.9067,0.9067,0.9067,0.9067,0,478,0.0
2021-08-05 19:13:00-04:00,0.9067,0.9067,0.9067,0.9067,0,474,0.0
2021-08-05 19:14:00-04:00,0.9067,0.9067,0.9067,0.9067,0,492,0.0
2021-08-05 19:15:00-04:00,0.9067,0.9067,0.9067,0.9067,0,495,0.0
2021-08-05 19:16:00-04:00,0.9067,0.9067,0.9067,0.9067,0,512,0.0
2021-08-05 19:17:00-04:00,0.9067,0.9067,0.9067,0.9067,0,496,0.0
2021-08-05 19:18:00-04:00,0.9067,0.9067,0.9067,0.9067,0,497,0.0
2021-08-05 19:19:00-04:00,0.9067,0.9067,0.9067,0.9067,0,490,0.0
2021-08-05 19:20:00-04:00,0.9067,0.9067,0.9067,0.9067,0,487,0.0
2021-08-05 19:21:00-04:00,0.9067,0.9067,0.9067,0.9067,0,490,0.0
2021-08-05 19:22:00-04:00,0.9067,0.9067,0.9067,0.9067,0,493,0.0
2021-08-05 19:23:00-04:00,0.9067,0.9067,0.9067,0.9067,0,495,0.0
2021-08-05 19:24:00-04:00,0.9067,0.9067,0.9067,0.9067,0,491,0.0
2021-08-05 19:25:00-04:00,0.9067,0.9067,0.9067,0.9067,0,494,0.0
2021-08-05 19:26:00-04:00,0.9067,0.9067,0.9067,0.9067,0,490,0.0
2021-08-05 19:27:00-04:00,0.9067,0.9067,0.9067,0.9067,0,501,0.0
2021-08-05 19:28:00-04:00,0.9067,0.9067,0.9067,0.9067,0,476,0.0
2021-08-05 19:29:00-04:00,0.9067,0.9067,0.9067,0.9067,0,492,0.0
2021-08-05 19:30:00-04:00,0.9067,0.9067,0.9067,0.9067,0,492,0.0
2021-08-05 19:31:00-04:00,0.9067,0.9067,0.9067,0.9067,0,485,0.0
2021-08-05 19:32:00-04:00,0.9067,0.9067,0.9067,0.9067,0,494,0.0
2021-08-05 19:33:00-04:00,0.9067,0.9067,0.9067,0.9067,0,501,0.0
2021-08-05 19:34:00-04:00,0.9067,0.9067,0.9067,0.9067,0,481,0.0
2021-08-05 19:35:00-04:00,0.9067,0.9067,0.9067,0.9067,0,491,0.0
2021-08-05 19:36:00-04:00,0.9067,0.9067,0.9066,0.9066,0,539,0.0
2021-08-05 19:37:00-04:00,0.9066,0.9066,0.9066,0.9066,0,497,0.0
2021-08-05 19:38:00-04:00,0.9066,0.9066,0.9066,0.9066,0,540,0.0
2021-08-05 19:39:00-04:00,0.9066,0.9066,0.9066,0.9066,0,493,0.0
2021-08-05 19:40:00-04:00,0.9066,0.9066,0.9066,0.9066,0,494,0.0
2021-08-05 19:41:00-04:00,0.9066,0.9066,0.9066,0.9066,0,531,0.0
2021-08-05 19:42:00-04:00,0.9066,0.9066,0.9066,0.9066,0,500,0.0
2021-08-05 19:43:00-04:00,0.9066,0.9066,0.9066,0.9066,0,507,0.0
2021-08-05 19:44:00-04:00,0.9066,0.9066,0.9066,0.9066,0,510,0.0
2021-08-05 19:45:00-04:00,0.9066,0.9066,0.9066,0.9066,0,487,0.0
2021-08-05 19:46:00-04:00,0.9066,0.9066,0.9066,0.9066,0,517,0.0
2021-08-05 19:47:00-04:00,0.9066,0.9066,0.9066,0.9066,0,478,0.0
2021-08-05 19:48:00-04:00,0.9066,0.9067,0.9066,0.9067,0,524,0.0
2021-08-05 19:49:00-04:00,0.9067,0.9067,0.9066,0.9066,0,512,0.0
2021-08-05 19:50:00-04:00,0.9066,0.9067,0.9066,0.9066,0,498,0.0
2021-08-05 19:51:00-04:00,0.9066,0.9067,0.9066,0.9066,0,494,0.0
2021-08-05 19:52:00-04:00,0.9066,0.9066,0.9066,0.9066,0,513,0.0
2021-08-05 19:53:00-04:00,0.9066,0.9066,0.9066,0.9066,0,517,0.0
2021-08-05 19:54:00-04:00,0.9066,0.9067,0.9066,0.9066,0,553,0.0
2021-08-05 19:55:00-04:00,0.9066,0.9067,0.9066,0.9067,0,543,0.0
2021-08-05 19:56:00-04:00,0.9067,0.9067,0.9067,0.9067,0,507,0.0
2021-08-05 19:57:00-04:00,0.9067,0.9067,0.9067,0.9067,0,535,0.0
2021-08-05 19:58:00-04:00,0.9067,0.9067,0.9067,0.9067,0,534,0.0
2021-08-05 19:59:00-04:00,0.9067,0.9067,0.9067,0.9067,0,518,0.0
2021-08-05 20:00:00-04:00,0.9067,0.9067,0.9067,0.9067,0,559,0.0
2021-08-05 20:01:00-04:00,0.9067,0.9067,0.9067,0.9067,0,545,0.0
2021-08-05 20:02:00-04:00,0.9067,0.9067,0.9067,0.9067,0,575,0.0
2021-08-05 20:03:00-04:00,0.9067,0.9068,0.9067,0.9068,0,566,0.0
2021-08-05 20:04:00-04:00,0.9068,0.9068,0.9067,0.9067,0,530,0.0
2021-08-05 20:05:00-04:00,0.9067,0.9068,0.9067,0.9067,0,536,0.0
2021-08-05 20:06:00-04:00,0.9067,0.9068,0.9067,0.9067,0,516,0.0
2021-08-05 20:07:00-04:00,0.9067,0.9068,0.9067,0.9068,0,565,0.0
2021-08-05 20:08:00-04:00,0.9068,0.9068,0.9068,0.9068,0,496,0.0
2021-08-05 20:09:00-04:00,0.9068,0.9068,0.9068,0.9068,0,515,0.0
2021-08-05 20:10:00-04:00,0.9068,0.9068,0.9068,0.9068,0,502,0.0
2021-08-05 20:11:00-04:00,0.9068,0.9069,0.9068,0.9069,0,520,0.0
2021-08-05 20:12:00-04:00,0.9069,0.9069,0.9069,0.9069,0,535,0.0
2021-08-05 20:13:00-04:00,0.9069,0.907,0.9069,0.907,0,556,0.0
2021-08-05 20:14:00-04:00,0.907,0.907,0.907,0.907,0,498,0.0
2021-08-05 20:15:00-04:00,0.907,0.907,0.907,0.907,0,526,0.0
2021-08-05 20:16:00-04:00,0.907,0.907,0.907,0.907,0,521,0.0
2021-08-05 20:17:00-04:00,0.907,0.9071,0.907,0.9071,0,518,0.0
2021-08-05 20:18:00-04:00,0.9071,0.9071,0.9071,0.9071,0,495,0.0
2021-08-05 20:19:00-04:00,0.9071,0.9071,0.9071,0.9071,0,493,0.0
2021-08-05 20:20:00-04:00,0.9071,0.9072,0.9071,0.9071,0,534,0.0
2021-08-05 20:21:00-04:00,0.9071,0.9071,0.9071,0.9071,0,535,0.0
2021-08-05 20:22:00-04:00,0.9071,0.9071,0.9071,0.9071,0,516,0.0
2021-08-05 20:23:00-04:00,0.9071,0.9071,0.9071,0.9071,0,507,0.0
2021-08-05 20:24:00-04:00,0.9071,0.9071,0.9071,0.9071,0,506,0.0
2021-08-05 20:25:00-04:00,0.9071,0.9071,0.9071,0.9071,0,511,0.0
2021-08-05 20:26:00-04:00,0.9071,0.9072,0.9071,0.9072,0,568,0.0
2021-08-05 20:27:00-04:00,0.9072,0.9072,0.9072,0.9072,0,534,0.0
2021-08-05 20:28:00-04:00,0.9072,0.9072,0.9072,0.9072,0,539,0.0
2021-08-05 20:29:00-04:00,0.9072,0.9072,0.9072,0.9072,0,553,0.0
2021-08-05 20:30:00-04:00,0.9072,0.9072,0.9072,0.9072,0,547,0.0
2021-08-05 20:31:00-04:00,0.9072,0.9073,0.9072,0.9072,0,595,0.0
2021-08-05 20:32:00-04:00,0.9072,0.9073,0.9072,0.9073,0,523,0.0
2021-08-05 20:33:00-04:00,0.9073,0.9073,0.9072,0.9072,0,505,0.0
2021-08-05 20:34:00-04:00,0.9072,0.9072,0.9072,0.9072,0,512,0.0
2021-08-05 20:35:00-04:00,0.9072,0.9072,0.9072,0.9072,0,503,0.0
2021-08-05 20:36:00-04:00,0.9072,0.9072,0.9072,0.9072,0,523,0.0
2021-08-05 20:37:00-04:00,0.9072,0.9072,0.9072,0.9072,0,512,0.0
2021-08-05 20:38:00-04:00,0.9072,0.9072,0.9072,0.9072,0,503,0.0
2021-08-05 20:39:00-04:00,0.9072,0.9073,0.9072,0.9073,0,540,0.0
2021-08-05 20:40:00-04:00,0.9073,0.9073,0.9073,0.9073,0,507,0.0
2021-08-05 20:41:00-04:00,0.9073,0.9073,0.9072,0.9072,0,540,0.0
2021-08-05 20:42:00-04:00,0.9072,0.9072,0.9072,0.9072,0,506,0.0
2021-08-05 20:43:00-04:00,0.9072,0.9072,0.9072,0.9072,0,512,0.0
2021-08-05 20:44:00-04:00,0.9072,0.9072,0.9072,0.9072,0,505,0.0
2021-08-05 20:45:00-04:00,0.9072,0.9072,0.9072,0.9072,0,521,0.0
2021-08-05 20:46:00-04:00,0.9072,0.9072,0.9072,0.9072,0,529,0.0
2021-08-05 20:47:00-04:00,0.9072,0.9072,0.9072,0.9072,0,536,0.0
2021-08-05 20:48:00-04:00,0.9072,0.9072,0.9072,0.9072,0,505,0.0
2021-08-05 20:49:00-04:00,0.9072,0.9072,0.9072,0.9072,0,507,0.0
2021-08-05 20:50:00-04:00,0.9072,0.9073,0.9072,0.9072,0,562,0.0
2021-08-05 20:51:00-04:00,0.9072,0.9072,0.9072,0.9072,0,561,0.0
2021-08-05 20:52:00-04:00,0.9072,0.9073,0.9072,0.9073,0,578,0.0
2021-08-05 20:53:00-04:00,0.9073,0.9073,0.9073,0.9073,0,537,0.0
2021-08-05 20:54:00-04:00,0.9073,0.9073,0.9073,0.9073,0,560,0.0
2021-08-05 20:55:00-04:00,0.9073,0.9073,0.9073,0.9073,0,616,0.0
2021-08-05 20:56:00-04:00,0.9073,0.9073,0.9073,0.9073,0,526,0.0
2021-08-05 20:57:00-04:00,0.9073,0.9073,0.9073,0.9073,0,536,0.0
2021-08-05 20:58:00-04:00,0.9073,0.9073,0.9073,0.9073,0,526,0.0
2021-08-05 20:59:00-04:00,0.9073,0.9073,0.9072,0.9073,0,549,0.0
2021-08-05 21:00:00-04:00,0.9073,0.9073,0.9072,0.9073,0,590,0.0
2021-08-05 21:01:00-04:00,0.9073,0.9073,0.9072,0.9072,0,538,0.0
2021-08-05 21:02:00-04:00,0.9072,0.9072,0.9072,0.9072,0,528,0.0
2021-08-05 21:03:00-04:00,0.9072,0.9073,0.9072,0.9072,0,502,0.0
2021-08-05 21:04:00-04:00,0.9072,0.9072,0.9072,0.9072,0,542,0.0
2021-08-05 21:05:00-04:00,0.9072,0.9073,0.9072,0.9073,0,590,0.0
2021-08-05 21:06:00-04:00,0.9073,0.9073,0.9073,0.9073,0,512,0.0
2021-08-05 21:07:00-04:00,0.9073,0.9073,0.9073,0.9073,0,531,0.0
2021-08-05 21:08:00-04:00,0.9073,0.9074,0.9073,0.9074,0,527,0.0
2021-08-05 21:09:00-04:00,0.9074,0.9074,0.9074,0.9074,0,525,0.0
2021-08-05 21:10:00-04:00,0.9074,0.9074,0.9074,0.9074,0,508,0.0
2021-08-05 21:11:00-04:00,0.9074,0.9075,0.9074,0.9074,0,538,0.0
2021-08-05 21:12:00-04:00,0.9074,0.9074,0.9074,0.9074,0,544,0.0
2021-08-05 21:13:00-04:00,0.9074,0.9074,0.9074,0.9074,0,516,0.0
2021-08-05 21:14:00-04:00,0.9074,0.9074,0.9074,0.9074,0,512,0.0
2021-08-05 21:15:00-04:00,0.9074,0.9074,0.9073,0.9073,0,541,0.0
2021-08-05 21:16:00-04:00,0.9073,0.9073,0.9073,0.9073,0,519,0.0
2021-08-05 21:17:00-04:00,0.9073,0.9073,0.9073,0.9073,0,528,0.0
2021-08-05 21:18:00-04:00,0.9073,0.9073,0.9073,0.9073,0,526,0.0
2021-08-05 21:19:00-04:00,0.9073,0.9073,0.9073,0.9073,0,500,0.0
2021-08-05 21:20:00-04:00,0.9073,0.9073,0.9073,0.9073,0,509,0.0
2021-08-05 21:21:00-04:00,0.9073,0.9073,0.9073,0.9073,0,517,0.0
2021-08-05 21:22:00-04:00,0.9073,0.9073,0.9073,0.9073,0,521,0.0
2021-08-05 21:23:00-04:00,0.9073,0.9073,0.9073,0.9073,0,501,0.0
2021-08-05 21:24:00-04:00,0.9073,0.9073,0.9073,0.9073,0,504,0.0
2021-08-05 21:25:00-04:00,0.9073,0.9074,0.9073,0.9074,0,520,0.0
2021-08-05 21:26:00-04:00,0.9074,0.9074,0.9074,0.9074,0,528,0.0
2021-08-05 21:27:00-04:00,0.9074,0.9074,0.9074,0.9074,0,506,0.0
2021-08-05 21:28:00-04:00,0.9074,0.9074,0.9074,0.9074,0,521,0.0
2021-08-05 21:29:00-04:00,0.9074,0.9074,0.9074,0.9074,0,516,0.0
2021-08-05 21:30:00-04:00,0.9074,0.9074,0.9074,0.9074,0,518,0.0
2021-08-05 21:31:00-04:00,0.9074,0.9075,0.9074,0.9074,0,534,0.0
2021-08-05 21:32:00-04:00,0.9074,0.9074,0.9074,0.9074,0,515,0.0
2021-08-05 21:33:00-04:00,0.9074,0.9074,0.9074,0.9074,0,533,0.0
2021-08-05 21:34:00-04:00,0.9074,0.9074,0.9073,0.9074,0,543,0.0
2021-08-05 21:35:00-04:00,0.9074,0.9074,0.9074,0.9074,0,518,0.0
2021-08-05 21:36:00-04:00,0.9074,0.9074,0.9074,0.9074,0,522,0.0
2021-08-05 21:37:00-04:00,0.9074,0.9074,0.9074,0.9074,0,505,0.0
2021-08-05 21:38:00-04:00,0.9074,0.9075,0.9074,0.9075,0,510,0.0
2021-08-05 21:39:00-04:00,0.9075,0.9075,0.9075,0.9075,0,503,0.0
2021-08-05 21:40:00-04:00,0.9075,0.9075,0.9075,0.9075,0,503,0.0
2021-08-05 21:41:00-04:00,0.9075,0.9075,0.9075,0.9075,0,529,0.0
2021-08-05 21:42:00-04:00,0.9075,0.9075,0.9075,0.9075,0,518,0.0
2021-08-05 21:43:00-04:00,0.9075,0.9075,0.9075,0.9075,0,509,0.0
2021-08-05 21:44:00-04:00,0.9075,0.9075,0.9074,0.9074,0,533,0.0
2021-08-05 21:45:00-04:00,0.9074,0.9075,0.9074,0.9075,0,511,0.0
2021-08-05 21:46:00-04:00,0.9075,0.9076,0.9075,0.9076,0,552,0.0
2021-08-05 21:47:00-04:00,0.9076,0.9076,0.9076,0.9076,0,526,0.0
2021-08-05 21:48:00-04:00,0.9076,0.9077,0.9076,0.9077,0,563,0.0
2021-08-05 21:49:00-04:00,0.9077,0.9077,0.9076,0.9076,0,583,0.0
2021-08-05 21:50:00-04:00,0.9076,0.9076,0.9075,0.9075,0,547,0.0
2021-08-05 21:51:00-04:00,0.9075,0.9075,0.9075,0.9075,0,538,0.0
2021-08-05 21:52:00-04:00,0.9075,0.9075,0.9075,0.9075,0,525,0.0
2021-08-05 21:53:00-04:00,0.9075,0.9075,0.9075,0.9075,0,537,0.0
2021-08-05 21:54:00-04:00,0.9075,0.9075,0.9075,0.9075,0,530,0.0
2021-08-05 21:55:00-04:00,0.9075,0.9075,0.9075,0.9075,0,515,0.0
2021-08-05 21:56:00-04:00,0.9075,0.9075,0.9075,0.9075,0,550,0.0
2021-08-05 21:57:00-04:00,0.9075,0.9076,0.9075,0.9075,0,543,0.0
2021-08-05 21:58:00-04:00,0.9075,0.9075,0.9075,0.9075,0,552,0.0
2021-08-05 21:59:00-04:00,0.9075,0.9075,0.9075,0.9075,0,562,0.0
2021-08-05 22:00:00-04:00,0.9075,0.9075,0.9075,0.9075,0,532,0.0
2021-08-05 22:01:00-04:00,0.9075,0.9075,0.9075,0.9075,0,512,0.0
2021-08-05 22:02:00-04:00,0.9075,0.9075,0.9075,0.9075,0,504,0.0
2021-08-05 22:03:00-04:00,0.9075,0.9075,0.9075,0.9075,0,525,0.0
2021-08-05 22:04:00-04:00,0.9075,0.9076,0.9075,0.9076,0,540,0.0
2021-08-05 22:05:00-04:00,0.9076,0.9076,0.9075,0.9076,0,516,0.0
2021-08-05 22:06:00-04:00,0.9076,0.9076,0.9076,0.9076,0,534,0.0
2021-08-05 22:07:00-04:00,0.9076,0.9076,0.9076,0.9076,0,492,0.0
2021-08-05 22:08:00-04:00,0.9076,0.9076,0.9076,0.9076,0,502,0.0
2021-08-05 22:09:00-04:00,0.9076,0.9076,0.9076,0.9076,0,537,0.0
2021-08-05 22:10:00-04:00,0.9076,0.9076,0.9076,0.9076,0,526,0.0
2021-08-05 22:11:00-04:00,0.9076,0.9076,0.9076,0.9076,0,509,0.0
2021-08-05 22:12:00-04:00,0.9076,0.9076,0.9076,0.9076,0,529,0.0
2021-08-05 22:13:00-04:00,0.9076,0.9076,0.9076,0.9076,0,520,0.0
2021-08-05 22:14:00-04:00,0.9076,0.9076,0.9076,0.9076,0,515,0.0
2021-08-05 22:15:00-04:00,0.9076,0.9076,0.9076,0.9076,0,545,0.0
2021-08-05 22:16:00-04:00,0.9076,0.9076,0.9076,0.9076,0,504,0.0
2021-08-05 22:17:00-04:00,0.9076,0.9076,0.9076,0.9076,0,504,0.0
2021-08-05 22:18:00-04:00,0.9076,0.9076,0.9076,0.9076,0,504,0.0
2021-08-05 22:19:00-04:00,0.9076,0.9076,0.9076,0.9076,0,528,0.0
2021-08-05 22:20:00-04:00,0.9076,0.9077,0.9076,0.9077,0,567,0.0
2021-08-05 22:21:00-04:00,0.9077,0.9078,0.9077,0.9078,0,551,0.0
2021-08-05 22:22:00-04:00,0.9078,0.9078,0.9077,0.9077,0,547,0.0
2021-08-05 22:23:00-04:00,0.9077,0.9077,0.9077,0.9077,0,506,0.0
2021-08-05 22:24:00-04:00,0.9077,0.9077,0.9077,0.9077,0,531,0.0
2021-08-05 22:25:00-04:00,0.9077,0.9077,0.9077,0.9077,0,520,0.0
2021-08-05 22:26:00-04:00,0.9077,0.9077,0.9077,0.9077,0,507,0.0
2021-08-05 22:27:00-04:00,0.9077,0.9077,0.9076,0.9076,0,533,0.0
2021-08-05 22:28:00-04:00,0.9076,0.9077,0.9076,0.9077,0,514,0.0
2021-08-05 22:29:00-04:00,0.9076,0.9077,0.9076,0.9077,0,540,0.0
2021-08-05 22:30:00-04:00,0.9077,0.9078,0.9077,0.9077,0,527,0.0
2021-08-05 22:31:00-04:00,0.9077,0.9077,0.9077,0.9077,0,510,0.0
2021-08-05 22:32:00-04:00,0.9077,0.9078,0.9077,0.9077,0,537,0.0
2021-08-05 22:33:00-04:00,0.9077,0.9078,0.9077,0.9077,0,580,0.0
2021-08-05 22:34:00-04:00,0.9077,0.9077,0.9077,0.9077,0,517,0.0
2021-08-05 22:35:00-04:00,0.9077,0.9077,0.9077,0.9077,0,514,0.0
2021-08-05 22:36:00-04:00,0.9077,0.9077,0.9077,0.9077,0,494,0.0
2021-08-05 22:37:00-04:00,0.9077,0.9078,0.9077,0.9078,0,546,0.0
2021-08-05 22:38:00-04:00,0.9078,0.9078,0.9078,0.9078,0,512,0.0
2021-08-05 22:39:00-04:00,0.9078,0.9078,0.9077,0.9078,0,571,0.0
2021-08-05 22:40:00-04:00,0.9078,0.9078,0.9078,0.9078,0,509,0.0
2021-08-05 22:41:00-04:00,0.9078,0.9078,0.9078,0.9078,0,512,0.0
2021-08-05 22:42:00-04:00,0.9078,0.9078,0.9077,0.9078,0,539,0.0
2021-08-05 22:43:00-04:00,0.9078,0.9078,0.9077,0.9077,0,547,0.0
2021-08-05 22:44:00-04:00,0.9077,0.9078,0.9077,0.9078,0,550,0.0
2021-08-05 22:45:00-04:00,0.9078,0.9078,0.9078,0.9078,0,522,0.0
2021-08-05 22:46:00-04:00,0.9078,0.9078,0.9078,0.9078,0,506,0.0
2021-08-05 22:47:00-04:00,0.9078,0.9078,0.9078,0.9078,0,524,0.0
2021-08-05 22:48:00-04:00,0.9078,0.9078,0.9078,0.9078,0,522,0.0
2021-08-05 22:49:00-04:00,0.9078,0.9078,0.9078,0.9078,0,543,0.0
2021-08-05 22:50:00-04:00,0.9078,0.9078,0.9077,0.9077,0,540,0.0
2021-08-05 22:51:00-04:00,0.9077,0.9078,0.9077,0.9078,0,537,0.0
2021-08-05 22:52:00-04:00,0.9078,0.9078,0.9078,0.9078,0,514,0.0
2021-08-05 22:53:00-04:00,0.9078,0.9078,0.9078,0.9078,0,521,0.0
2021-08-05 22:54:00-04:00,0.9078,0.9078,0.9078,0.9078,0,514,0.0
2021-08-05 22:55:00-04:00,0.9078,0.9078,0.9078,0.9078,0,532,0.0
2021-08-05 22:56:00-04:00,0.9078,0.9078,0.9078,0.9078,0,531,0.0
2021-08-05 22:57:00-04:00,0.9078,0.9078,0.9078,0.9078,0,519,0.0
2021-08-05 22:58:00-04:00,0.9078,0.9078,0.9078,0.9078,0,509,0.0
2021-08-05 22:59:00-04:00,0.9078,0.9078,0.9078,0.9078,0,540,0.0
2021-08-05 23:00:00-04:00,0.9078,0.9078,0.9078,0.9078,0,527,0.0
2021-08-05 23:01:00-04:00,0.9078,0.9078,0.9078,0.9078,0,498,0.0
2021-08-05 23:02:00-04:00,0.9078,0.9079,0.9078,0.9079,0,515,0.0
2021-08-05 23:03:00-04:00,0.9079,0.9079,0.9079,0.9079,0,519,0.0
2021-08-05 23:04:00-04:00,0.9079,0.9079,0.9079,0.9079,0,521,0.0
2021-08-05 23:05:00-04:00,0.9079,0.9079,0.9079,0.9079,0,506,0.0
2021-08-05 23:06:00-04:00,0.9079,0.9081,0.9079,0.908,0,611,0.0
2021-08-05 23:07:00-04:00,0.908,0.9081,0.908,0.908,0,551,0.0
2021-08-05 23:08:00-04:00,0.908,0.908,0.908,0.908,0,509,0.0
2021-08-05 23:09:00-04:00,0.908,0.908,0.9079,0.9079,0,530,0.0
2021-08-05 23:10:00-04:00,0.9079,0.9079,0.9079,0.9079,0,516,0.0
2021-08-05 23:11:00-04:00,0.9079,0.9079,0.9078,0.9079,0,537,0.0
2021-08-05 23:12:00-04:00,0.9079,0.9079,0.9079,0.9079,0,514,0.0
2021-08-05 23:13:00-04:00,0.9079,0.9079,0.9078,0.9078,0,544,0.0
2021-08-05 23:14:00-04:00,0.9078,0.9078,0.9078,0.9078,0,524,0.0
2021-08-05 23:15:00-04:00,0.9078,0.9078,0.9078,0.9078,0,502,0.0
2021-08-05 23:16:00-04:00,0.9078,0.9078,0.9078,0.9078,0,493,0.0
2021-08-05 23:17:00-04:00,0.9078,0.9078,0.9078,0.9078,0,508,0.0
2021-08-05 23:18:00-04:00,0.9078,0.9078,0.9078,0.9078,0,520,0.0
2021-08-05 23:19:00-04:00,0.9078,0.9078,0.9078,0.9078,0,489,0.0
2021-08-05 23:20:00-04:00,0.9078,0.9078,0.9078,0.9078,0,500,0.0
2021-08-05 23:21:00-04:00,0.9078,0.9078,0.9078,0.9078,0,502,0.0
2021-08-05 23:22:00-04:00,0.9078,0.9078,0.9078,0.9078,0,521,0.0
2021-08-05 23:23:00-04:00,0.9078,0.9078,0.9078,0.9078,0,508,0.0
2021-08-05 23:24:00-04:00,0.9078,0.9078,0.9078,0.9078,0,492,0.0
2021-08-05 23:25:00-04:00,0.9078,0.9078,0.9078,0.9078,0,527,0.0
2021-08-05 23:26:00-04:00,0.9078,0.9078,0.9078,0.9078,0,507,0.0
2021-08-05 23:27:00-04:00,0.9078,0.9078,0.9078,0.9078,0,514,0.0
2021-08-05 23:28:00-04:00,0.9078,0.9078,0.9078,0.9078,0,501,0.0
2021-08-05 23:29:00-04:00,0.9078,0.9078,0.9077,0.9077,0,540,0.0
2021-08-05 23:30:00-04:00,0.9077,0.9078,0.9077,0.9078,0,535,0.0
2021-08-05 23:31:00-04:00,0.9078,0.9078,0.9078,0.9078,0,515,0.0
2021-08-05 23:32:00-04:00,0.9078,0.9078,0.9078,0.9078,0,520,0.0
2021-08-05 23:33:00-04:00,0.9078,0.9078,0.9078,0.9078,0,507,0.0
2021-08-05 23:34:00-04:00,0.9078,0.9078,0.9077,0.9078,0,535,0.0
2021-08-05 23:35:00-04:00,0.9078,0.9078,0.9078,0.9078,0,512,0.0
2021-08-05 23:36:00-04:00,0.9078,0.9078,0.9078,0.9078,0,510,0.0
2021-08-05 23:37:00-04:00,0.9078,0.9078,0.9078,0.9078,0,517,0.0
2021-08-05 23:38:00-04:00,0.9078,0.9078,0.9077,0.9078,0,579,0.0
2021-08-05 23:39:00-04:00,0.9078,0.9078,0.9078,0.9078,0,518,0.0
2021-08-05 23:40:00-04:00,0.9078,0.9078,0.9078,0.9078,0,517,0.0
2021-08-05 23:41:00-04:00,0.9078,0.9078,0.9078,0.9078,0,516,0.0
2021-08-05 23:42:00-04:00,0.9078,0.9078,0.9077,0.9077,0,537,0.0
2021-08-05 23:43:00-04:00,0.9077,0.9077,0.9077,0.9077,0,508,0.0
2021-08-05 23:44:00-04:00,0.9077,0.9077,0.9077,0.9077,0,496,0.0
2021-08-05 23:45:00-04:00,0.9077,0.9078,0.9077,0.9078,0,565,0.0
2021-08-05 23:46:00-04:00,0.9078,0.9078,0.9078,0.9078,0,522,0.0
2021-08-05 23:47:00-04:00,0.9078,0.9078,0.9078,0.9078,0,500,0.0
2021-08-05 23:48:00-04:00,0.9078,0.9078,0.9078,0.9078,0,500,0.0
2021-08-05 23:49:00-04:00,0.9078,0.9078,0.9078,0.9078,0,502,0.0
2021-08-05 23:50:00-04:00,0.9078,0.9078,0.9078,0.9078,0,494,0.0
2021-08-05 23:51:00-04:00,0.9078,0.9078,0.9078,0.9078,0,510,0.0
2021-08-05 23:52:00-04:00,0.9078,0.9078,0.9078,0.9078,0,479,0.0
2021-08-05 23:53:00-04:00,0.9078,0.9078,0.9078,0.9078,0,493,0.0
2021-08-05 23:54:00-04:00,0.9078,0.9078,0.9078,0.9078,0,486,0.0
2021-08-05 23:55:00-04:00,0.9078,0.9078,0.9078,0.9078,0,489,0.0
2021-08-05 23:56:00-04:00,0.9078,0.9078,0.9078,0.9078,0,517,0.0
2021-08-05 23:57:00-04:00,0.9078,0.9078,0.9078,0.9078,0,515,0.0
2021-08-05 23:58:00-04:00,0.9078,0.9078,0.9078,0.9078,0,495,0.0
2021-08-05 23:59:00-04:00,0.9078,0.9078,0.9078,0.9078,0,516,0.0
2021-08-06 00:00:00-04:00,0.9078,0.9078,0.9078,0.9078,0,533,0.0
2021-08-06 00:01:00-04:00,0.9078,0.9078,0.9078,0.9078,0,502,0.0
2021-08-06 00:02:00-04:00,0.9078,0.9079,0.9078,0.9079,0,530,0.0
2021-08-06 00:03:00-04:00,0.9079,0.9079,0.9079,0.9079,0,533,0.0
2021-08-06 00:04:00-04:00,0.9079,0.9079,0.9079,0.9079,0,527,0.0
2021-08-06 00:05:00-04:00,0.9079,0.9079,0.9079,0.9079,0,484,0.0
2021-08-06 00:06:00-04:00,0.9079,0.908,0.9079,0.908,0,491,0.0
2021-08-06 00:07:00-04:00,0.908,0.908,0.908,0.908,0,502,0.0
2021-08-06 00:08:00-04:00,0.908,0.908,0.908,0.908,0,496,0.0
2021-08-06 00:09:00-04:00,0.908,0.908,0.908,0.908,0,519,0.0
2021-08-06 00:10:00-04:00,0.908,0.908,0.908,0.908,0,495,0.0
2021-08-06 00:11:00-04:00,0.908,0.908,0.908,0.908,0,530,0.0
2021-08-06 00:12:00-04:00,0.908,0.9081,0.908,0.9081,0,517,0.0
2021-08-06 00:13:00-04:00,0.9081,0.9081,0.9081,0.9081,0,520,0.0
2021-08-06 00:14:00-04:00,0.9081,0.9081,0.9081,0.9081,0,533,0.0
2021-08-06 00:15:00-04:00,0.9081,0.9081,0.9081,0.9081,0,520,0.0
2021-08-06 00:16:00-04:00,0.9081,0.9082,0.908,0.9081,0,552,0.0
2021-08-06 00:17:00-04:00,0.9081,0.9081,0.908,0.9081,0,505,0.0
2021-08-06 00:18:00-04:00,0.9081,0.9081,0.908,0.9081,0,488,0.0
2021-08-06 00:19:00-04:00,0.908,0.9081,0.908,0.908,0,531,0.0
2021-08-06 00:20:00-04:00,0.908,0.908,0.908,0.908,0,519,0.0
2021-08-06 00:21:00-04:00,0.908,0.908,0.908,0.908,0,513,0.0
2021-08-06 00:22:00-04:00,0.908,0.908,0.908,0.908,0,500,0.0
2021-08-06 00:23:00-04:00,0.908,0.9081,0.908,0.9081,0,493,0.0
2021-08-06 00:24:00-04:00,0.9081,0.9081,0.908,0.9081,0,501,0.0
2021-08-06 00:25:00-04:00,0.9081,0.9081,0.908,0.9081,0,536,0.0
2021-08-06 00:26:00-04:00,0.9081,0.9081,0.9081,0.9081,0,498,0.0
2021-08-06 00:27:00-04:00,0.9081,0.9081,0.9081,0.9081,0,491,0.0
2021-08-06 00:28:00-04:00,0.9081,0.9081,0.9081,0.9081,0,506,0.0
2021-08-06 00:29:00-04:00,0.9081,0.9082,0.9081,0.9081,0,496,0.0
2021-08-06 00:30:00-04:00,0.9081,0.9082,0.9081,0.9081,0,520,0.0
2021-08-06 00:31:00-04:00,0.9081,0.9081,0.9081,0.9081,0,504,0.0
2021-08-06 00:32:00-04:00,0.9081,0.9082,0.9081,0.9081,0,544,0.0
2021-08-06 00:33:00-04:00,0.9081,0.9081,0.9081,0.9081,0,505,0.0
2021-08-06 00:34:00-04:00,0.9081,0.9081,0.9081,0.9081,0,499,0.0
2021-08-06 00:35:00-04:00,0.9081,0.9081,0.9081,0.9081,0,498,0.0
2021-08-06 00:36:00-04:00,0.9081,0.9081,0.9081,0.9081,0,502,0.0
2021-08-06 00:37:00-04:00,0.9081,0.9081,0.9081,0.9081,0,514,0.0
2021-08-06 00:38:00-04:00,0.9081,0.9081,0.9081,0.9081,0,520,0.0
2021-08-06 00:39:00-04:00,0.9081,0.9081,0.9081,0.9081,0,505,0.0
2021-08-06 00:40:00-04:00,0.9081,0.9082,0.9081,0.9081,0,527,0.0
2021-08-06 00:41:00-04:00,0.9081,0.9081,0.908,0.9081,0,530,0.0
2021-08-06 00:42:00-04:00,0.9081,0.9081,0.908,0.908,0,532,0.0
2021-08-06 00:43:00-04:00,0.908,0.9081,0.908,0.908,0,534,0.0
2021-08-06 00:44:00-04:00,0.908,0.908,0.908,0.908,0,522,0.0
2021-08-06 00:45:00-04:00,0.908,0.908,0.908,0.908,0,554,0.0
2021-08-06 00:46:00-04:00,0.908,0.908,0.908,0.908,0,498,0.0
2021-08-06 00:47:00-04:00,0.908,0.908,0.908,0.908,0,513,0.0
2021-08-06 00:48:00-04:00,0.908,0.908,0.908,0.908,0,509,0.0
2021-08-06 00:49:00-04:00,0.908,0.908,0.908,0.908,0,493,0.0
2021-08-06 00:50:00-04:00,0.908,0.908,0.908,0.908,0,515,0.0
2021-08-06 00:51:00-04:00,0.908,0.908,0.908,0.908,0,502,0.0
2021-08-06 00:52:00-04:00,0.908,0.908,0.908,0.908,0,514,0.0
2021-08-06 00:53:00-04:00,0.908,0.908,0.908,0.908,0,522,0.0
2021-08-06 00:54:00-04:00,0.908,0.908,0.9079,0.9079,0,533,0.0
2021-08-06 00:55:00-04:00,0.9079,0.9079,0.9079,0.9079,0,489,0.0
2021-08-06 00:56:00-04:00,0.9079,0.9079,0.9079,0.9079,0,479,0.0
2021-08-06 00:57:00-04:00,0.9079,0.9079,0.9078,0.9079,0,528,0.0
2021-08-06 00:58:00-04:00,0.9079,0.9079,0.9079,0.9079,0,531,0.0
2021-08-06 00:59:00-04:00,0.9079,0.9079,0.9079,0.9079,0,521,0.0
2021-08-06 01:00:00-04:00,0.9079,0.9079,0.9079,0.9079,0,551,0.0
2021-08-06 01:01:00-04:00,0.9079,0.9079,0.9079,0.9079,0,516,0.0
2021-08-06 01:02:00-04:00,0.9079,0.9079,0.9078,0.9078,0,545,0.0
2021-08-06 01:03:00-04:00,0.9078,0.9078,0.9078,0.9078,0,506,0.0
2021-08-06 01:04:00-04:00,0.9078,0.9078,0.9078,0.9078,0,511,0.0
2021-08-06 01:05:00-04:00,0.9078,0.9078,0.9078,0.9078,0,505,0.0
2021-08-06 01:06:00-04:00,0.9078,0.9078,0.9078,0.9078,0,509,0.0
2021-08-06 01:07:00-04:00,0.9078,0.9078,0.9078,0.9078,0,510,0.0
2021-08-06 01:08:00-04:00,0.9078,0.9079,0.9078,0.9079,0,547,0.0
2021-08-06 01:09:00-04:00,0.9079,0.9079,0.9079,0.9079,0,537,0.0
2021-08-06 01:10:00-04:00,0.9079,0.9079,0.9079,0.9079,0,499,0.0
2021-08-06 01:11:00-04:00,0.9079,0.9079,0.9079,0.9079,0,522,0.0
2021-08-06 01:12:00-04:00,0.9079,0.9079,0.9078,0.9078,0,544,0.0
2021-08-06 01:13:00-04:00,0.9078,0.9078,0.9078,0.9078,0,511,0.0
2021-08-06 01:14:00-04:00,0.9078,0.9078,0.9078,0.9078,0,521,0.0
2021-08-06 01:15:00-04:00,0.9078,0.9079,0.9078,0.9079,0,533,0.0
2021-08-06 01:16:00-04:00,0.9079,0.9079,0.9079,0.9079,0,503,0.0
2021-08-06 01:17:00-04:00,0.9079,0.9079,0.9079,0.9079,0,512,0.0
2021-08-06 01:18:00-04:00,0.9079,0.9079,0.9079,0.9079,0,519,0.0
2021-08-06 01:19:00-04:00,0.9079,0.9079,0.9079,0.9079,0,512,0.0
2021-08-06 01:20:00-04:00,0.9079,0.9079,0.9079,0.9079,0,527,0.0
2021-08-06 01:21:00-04:00,0.9079,0.9079,0.9079,0.9079,0,508,0.0
2021-08-06 01:22:00-04:00,0.9079,0.908,0.9079,0.908,0,537,0.0
2021-08-06 01:23:00-04:00,0.908,0.908,0.9079,0.9079,0,557,0.0
2021-08-06 01:24:00-04:00,0.9079,0.9079,0.9079,0.9079,0,516,0.0
2021-08-06 01:25:00-04:00,0.9079,0.9079,0.9079,0.9079,0,508,0.0
2021-08-06 01:26:00-04:00,0.9079,0.9079,0.9079,0.9079,0,515,0.0
2021-08-06 01:27:00-04:00,0.9079,0.908,0.9079,0.9079,0,541,0.0
2021-08-06 01:28:00-04:00,0.9079,0.9079,0.9079,0.9079,0,520,0.0
2021-08-06 01:29:00-04:00,0.9079,0.9079,0.9079,0.9079,0,527,0.0
2021-08-06 01:30:00-04:00,0.9079,0.9079,0.9079,0.9079,0,533,0.0
2021-08-06 01:31:00-04:00,0.9079,0.9079,0.9079,0.9079,0,535,0.0
2021-08-06 01:32:00-04:00,0.9079,0.9079,0.9079,0.9079,0,528,0.0
2021-08-06 01:33:00-04:00,0.9079,0.908,0.9079,0.908,0,539,0.0
2021-08-06 01:34:00-04:00,0.908,0.908,0.908,0.908,0,552,0.0
2021-08-06 01:35:00-04:00,0.908,0.908,0.908,0.908,0,541,0.0
2021-08-06 01:36:00-04:00,0.908,0.908,0.908,0.908,0,520,0.0
2021-08-06 01:37:00-04:00,0.908,0.9081,0.908,0.9081,0,551,0.0
2021-08-06 01:38:00-04:00,0.9081,0.9081,0.9081,0.9081,0,511,0.0
2021-08-06 01:39:00-04:00,0.9081,0.9081,0.9081,0.9081,0,524,0.0
2021-08-06 01:40:00-04:00,0.9081,0.9081,0.9081,0.9081,0,519,0.0
2021-08-06 01:41:00-04:00,0.9081,0.9082,0.9081,0.9082,0,559,0.0
2021-08-06 01:42:00-04:00,0.9082,0.9082,0.9082,0.9082,0,548,0.0
2021-08-06 01:43:00-04:00,0.9082,0.9082,0.9082,0.9082,0,543,0.0
2021-08-06 01:44:00-04:00,0.9082,0.9083,0.9082,0.9082,0,613,0.0
2021-08-06 01:45:00-04:00,0.9082,0.9082,0.9081,0.9081,0,558,0.0
2021-08-06 01:46:00-04:00,0.9081,0.9081,0.9081,0.9081,0,561,0.0
2021-08-06 01:47:00-04:00,0.9081,0.9081,0.9081,0.9081,0,531,0.0
2021-08-06 01:48:00-04:00,0.9081,0.9081,0.9081,0.9081,0,543,0.0
2021-08-06 01:49:00-04:00,0.9081,0.9081,0.9081,0.9081,0,532,0.0
2021-08-06 01:50:00-04:00,0.9081,0.9081,0.908,0.908,0,561,0.0
2021-08-06 01:51:00-04:00,0.908,0.908,0.9079,0.908,0,545,0.0
2021-08-06 01:52:00-04:00,0.908,0.908,0.9079,0.9079,0,591,0.0
2021-08-06 01:53:00-04:00,0.9079,0.9079,0.9078,0.9078,0,558,0.0
2021-08-06 01:54:00-04:00,0.9078,0.9078,0.9077,0.9078,0,597,0.0
2021-08-06 01:55:00-04:00,0.9078,0.9078,0.9077,0.9078,0,602,0.0
2021-08-06 01:56:00-04:00,0.9078,0.9078,0.9076,0.9077,0,598,0.0
2021-08-06 01:57:00-04:00,0.9077,0.9078,0.9076,0.9077,0,570,0.0
2021-08-06 01:58:00-04:00,0.9077,0.9077,0.9077,0.9077,0,527,0.0
2021-08-06 01:59:00-04:00,0.9077,0.9078,0.9077,0.9077,0,549,0.0
2021-08-06 02:00:00-04:00,0.9077,0.9079,0.9077,0.9078,0,700,0.0
2021-08-06 02:01:00-04:00,0.9078,0.9079,0.9078,0.9078,0,591,0.0
2021-08-06 02:02:00-04:00,0.9078,0.9078,0.9076,0.9076,0,624,0.0
2021-08-06 02:03:00-04:00,0.9076,0.9076,0.9075,0.9075,0,598,0.0
2021-08-06 02:04:00-04:00,0.9075,0.9077,0.9075,0.9076,0,620,0.0
2021-08-06 02:05:00-04:00,0.9076,0.9077,0.9076,0.9077,0,630,0.0
2021-08-06 02:06:00-04:00,0.9077,0.9077,0.9075,0.9076,0,635,0.0
2021-08-06 02:07:00-04:00,0.9076,0.9077,0.9076,0.9076,0,586,0.0
2021-08-06 02:08:00-04:00,0.9076,0.9076,0.9076,0.9076,0,554,0.0
2021-08-06 02:09:00-04:00,0.9076,0.9076,0.9075,0.9075,0,549,0.0
2021-08-06 02:10:00-04:00,0.9075,0.9076,0.9075,0.9076,0,623,0.0
2021-08-06 02:11:00-04:00,0.9076,0.9076,0.9076,0.9076,0,549,0.0
2021-08-06 02:12:00-04:00,0.9076,0.9077,0.9076,0.9076,0,562,0.0
2021-08-06 02:13:00-04:00,0.9076,0.9076,0.9076,0.9076,0,532,0.0
2021-08-06 02:14:00-04:00,0.9076,0.9077,0.9076,0.9077,0,570,0.0
2021-08-06 02:15:00-04:00,0.9077,0.9077,0.9076,0.9076,0,581,0.0
2021-08-06 02:16:00-04:00,0.9076,0.9076,0.9075,0.9076,0,577,0.0
2021-08-06 02:17:00-04:00,0.9076,0.9077,0.9076,0.9076,0,580,0.0
2021-08-06 02:18:00-04:00,0.9076,0.9077,0.9076,0.9076,0,549,0.0
2021-08-06 02:19:00-04:00,0.9076,0.9077,0.9076,0.9077,0,597,0.0
2021-08-06 02:20:00-04:00,0.9077,0.9078,0.9077,0.9078,0,608,0.0
2021-08-06 02:21:00-04:00,0.9078,0.9079,0.9077,0.9077,0,629,0.0
2021-08-06 02:22:00-04:00,0.9077,0.9077,0.9075,0.9075,0,628,0.0
2021-08-06 02:23:00-04:00,0.9075,0.9075,0.9074,0.9075,0,599,0.0
2021-08-06 02:24:00-04:00,0.9075,0.9075,0.9075,0.9075,0,570,0.0
2021-08-06 02:25:00-04:00,0.9075,0.9076,0.9075,0.9076,0,554,0.0
2021-08-06 02:26:00-04:00,0.9076,0.9079,0.9076,0.9078,0,645,0.0
2021-08-06 02:27:00-04:00,0.9078,0.9079,0.9077,0.9077,0,661,0.0
2021-08-06 02:28:00-04:00,0.9077,0.9077,0.9076,0.9076,0,538,0.0
2021-08-06 02:29:00-04:00,0.9076,0.9077,0.9076,0.9077,0,567,0.0
2021-08-06 02:30:00-04:00,0.9077,0.9077,0.9076,0.9076,0,596,0.0
2021-08-06 02:31:00-04:00,0.9076,0.9077,0.9076,0.9076,0,657,0.0
2021-08-06 02:32:00-04:00,0.9076,0.9076,0.9076,0.9076,0,603,0.0
2021-08-06 02:33:00-04:00,0.9076,0.9077,0.9076,0.9077,0,604,0.0
2021-08-06 02:34:00-04:00,0.9077,0.9077,0.9076,0.9077,0,589,0.0
2021-08-06 02:35:00-04:00,0.9077,0.9077,0.9076,0.9076,0,555,0.0
2021-08-06 02:36:00-04:00,0.9076,0.9077,0.9076,0.9077,0,564,0.0
2021-08-06 02:37:00-04:00,0.9077,0.9077,0.9077,0.9077,0,540,0.0
2021-08-06 02:38:00-04:00,0.9077,0.9077,0.9077,0.9077,0,547,0.0
2021-08-06 02:39:00-04:00,0.9077,0.9078,0.9077,0.9077,0,557,0.0
2021-08-06 02:40:00-04:00,0.9077,0.9077,0.9076,0.9077,0,611,0.0
2021-08-06 02:41:00-04:00,0.9077,0.9077,0.9076,0.9076,0,528,0.0
2021-08-06 02:42:00-04:00,0.9076,0.9077,0.9076,0.9076,0,544,0.0
2021-08-06 02:43:00-04:00,0.9076,0.9076,0.9075,0.9075,0,576,0.0
2021-08-06 02:44:00-04:00,0.9075,0.9075,0.9075,0.9075,0,601,0.0
2021-08-06 02:45:00-04:00,0.9075,0.9075,0.9073,0.9074,0,655,0.0
2021-08-06 02:46:00-04:00,0.9074,0.9074,0.9073,0.9073,0,569,0.0
2021-08-06 02:47:00-04:00,0.9073,0.9074,0.9073,0.9074,0,620,0.0
2021-08-06 02:48:00-04:00,0.9074,0.9074,0.9073,0.9074,0,618,0.0
2021-08-06 02:49:00-04:00,0.9074,0.9074,0.9074,0.9074,0,539,0.0
2021-08-06 02:50:00-04:00,0.9074,0.9074,0.9074,0.9074,0,558,0.0
2021-08-06 02:51:00-04:00,0.9074,0.9074,0.9074,0.9074,0,544,0.0
2021-08-06 02:52:00-04:00,0.9074,0.9074,0.9073,0.9073,0,598,0.0
2021-08-06 02:53:00-04:00,0.9073,0.9074,0.9073,0.9073,0,544,0.0
2021-08-06 02:54:00-04:00,0.9073,0.9074,0.9073,0.9074,0,561,0.0
2021-08-06 02:55:00-04:00,0.9074,0.9075,0.9074,0.9075,0,563,0.0
2021-08-06 02:56:00-04:00,0.9075,0.9075,0.9075,0.9075,0,562,0.0
2021-08-06 02:57:00-04:00,0.9075,0.9076,0.9075,0.9075,0,590,0.0
2021-08-06 02:58:00-04:00,0.9075,0.9075,0.9074,0.9074,0,614,0.0
2021-08-06 02:59:00-04:00,0.9074,0.9074,0.9073,0.9073,0,625,0.0
2021-08-06 03:00:00-04:00,0.9073,0.9075,0.9073,0.9074,0,669,0.0
2021-08-06 03:01:00-04:00,0.9074,0.9074,0.9073,0.9073,0,683,0.0
2021-08-06 03:02:00-04:00,0.9073,0.9074,0.9073,0.9073,0,665,0.0
2021-08-06 03:03:00-04:00,0.9073,0.9073,0.9073,0.9073,0,616,0.0
2021-08-06 03:04:00-04:00,0.9073,0.9074,0.9073,0.9074,0,637,0.0
2021-08-06 03:05:00-04:00,0.9074,0.9075,0.9074,0.9074,0,625,0.0
2021-08-06 03:06:00-04:00,0.9074,0.9074,0.9073,0.9074,0,650,0.0
2021-08-06 03:07:00-04:00,0.9074,0.9074,0.9073,0.9074,0,579,0.0
2021-08-06 03:08:00-04:00,0.9074,0.9074,0.9073,0.9074,0,613,0.0
2021-08-06 03:09:00-04:00,0.9074,0.9075,0.9074,0.9074,0,600,0.0
2021-08-06 03:10:00-04:00,0.9074,0.9075,0.9074,0.9075,0,584,0.0
2021-08-06 03:11:00-04:00,0.9075,0.9076,0.9075,0.9076,0,622,0.0
2021-08-06 03:12:00-04:00,0.9076,0.9078,0.9076,0.9077,0,623,0.0
2021-08-06 03:13:00-04:00,0.9077,0.9077,0.9077,0.9077,0,596,0.0
2021-08-06 03:14:00-04:00,0.9077,0.9077,0.9076,0.9076,0,580,0.0
2021-08-06 03:15:00-04:00,0.9076,0.9079,0.9076,0.9078,0,688,0.0
2021-08-06 03:16:00-04:00,0.9078,0.9079,0.9077,0.9078,0,650,0.0
2021-08-06 03:17:00-04:00,0.9078,0.9078,0.9076,0.9076,0,653,0.0
2021-08-06 03:18:00-04:00,0.9076,0.9077,0.9075,0.9077,0,718,0.0
2021-08-06 03:19:00-04:00,0.9077,0.9078,0.9077,0.9077,0,630,0.0
2021-08-06 03:20:00-04:00,0.9077,0.9077,0.9076,0.9076,0,649,0.0
2021-08-06 03:21:00-04:00,0.9076,0.9078,0.9076,0.9077,0,638,0.0
2021-08-06 03:22:00-04:00,0.9077,0.9077,0.9076,0.9077,0,609,0.0
2021-08-06 03:23:00-04:00,0.9077,0.9077,0.9077,0.9077,0,602,0.0
2021-08-06 03:24:00-04:00,0.9077,0.9077,0.9076,0.9076,0,575,0.0
2021-08-06 03:25:00-04:00,0.9076,0.9076,0.9074,0.9074,0,643,0.0
2021-08-06 03:26:00-04:00,0.9074,0.9074,0.9073,0.9073,0,681,0.0
2021-08-06 03:27:00-04:00,0.9073,0.9073,0.907,0.907,0,763,0.0
2021-08-06 03:28:00-04:00,0.907,0.9071,0.907,0.9071,0,632,0.0
2021-08-06 03:29:00-04:00,0.9071,0.9072,0.907,0.9072,0,685,0.0
2021-08-06 03:30:00-04:00,0.9072,0.9072,0.9072,0.9072,0,573,0.0
2021-08-06 03:31:00-04:00,0.9072,0.9074,0.9072,0.9073,0,627,0.0
2021-08-06 03:32:00-04:00,0.9073,0.9073,0.9072,0.9072,0,612,0.0
2021-08-06 03:33:00-04:00,0.9072,0.9074,0.9071,0.9071,0,656,0.0
2021-08-06 03:34:00-04:00,0.9071,0.9071,0.907,0.9071,0,591,0.0
2021-08-06 03:35:00-04:00,0.9071,0.9072,0.9071,0.9072,0,646,0.0
2021-08-06 03:36:00-04:00,0.9072,0.9072,0.9071,0.9072,0,621,0.0
2021-08-06 03:37:00-04:00,0.9072,0.9072,0.9071,0.9072,0,594,0.0
2021-08-06 03:38:00-04:00,0.9072,0.9072,0.9072,0.9072,0,619,0.0
2021-08-06 03:39:00-04:00,0.9072,0.9072,0.9072,0.9072,0,581,0.0
2021-08-06 03:40:00-04:00,0.9072,0.9072,0.9071,0.9072,0,603,0.0
2021-08-06 03:41:00-04:00,0.9072,0.9072,0.9071,0.9071,0,616,0.0
2021-08-06 03:42:00-04:00,0.9071,0.9072,0.9071,0.9071,0,576,0.0
2021-08-06 03:43:00-04:00,0.9071,0.9071,0.9071,0.9071,0,553,0.0
2021-08-06 03:44:00-04:00,0.9071,0.9072,0.9071,0.9072,0,564,0.0
2021-08-06 03:45:00-04:00,0.9072,0.9072,0.9071,0.9072,0,600,0.0
2021-08-06 03:46:00-04:00,0.9072,0.9072,0.9071,0.9071,0,596,0.0
2021-08-06 03:47:00-04:00,0.9071,0.9072,0.9071,0.9072,0,548,0.0
2021-08-06 03:48:00-04:00,0.9072,0.9072,0.9071,0.9071,0,553,0.0
2021-08-06 03:49:00-04:00,0.9071,0.9072,0.9071,0.9072,0,616,0.0
2021-08-06 03:50:00-04:00,0.9072,0.9072,0.9071,0.9071,0,621,0.0
2021-08-06 03:51:00-04:00,0.9071,0.9071,0.907,0.907,0,591,0.0
2021-08-06 03:52:00-04:00,0.907,0.907,0.9069,0.907,0,703,0.0
2021-08-06 03:53:00-04:00,0.907,0.9071,0.9069,0.9071,0,686,0.0
2021-08-06 03:54:00-04:00,0.9071,0.9071,0.907,0.9071,0,597,0.0
2021-08-06 03:55:00-04:00,0.9071,0.9071,0.907,0.907,0,609,0.0
2021-08-06 03:56:00-04:00,0.907,0.9071,0.907,0.9071,0,629,0.0
2021-08-06 03:57:00-04:00,0.9071,0.9073,0.9071,0.9073,0,625,0.0
2021-08-06 03:58:00-04:00,0.9073,0.9073,0.9072,0.9072,0,667,0.0
2021-08-06 03:59:00-04:00,0.9072,0.9073,0.9072,0.9072,0,648,0.0
2021-08-06 04:00:00-04:00,0.9072,0.9074,0.9072,0.9074,0,684,0.0
2021-08-06 04:01:00-04:00,0.9074,0.9075,0.9074,0.9074,0,700,0.0
2021-08-06 04:02:00-04:00,0.9074,0.9074,0.9074,0.9074,0,591,0.0
2021-08-06 04:03:00-04:00,0.9074,0.9074,0.9073,0.9073,0,596,0.0
2021-08-06 04:04:00-04:00,0.9073,0.9074,0.9073,0.9074,0,661,0.0
2021-08-06 04:05:00-04:00,0.9074,0.9074,0.9073,0.9073,0,639,0.0
2021-08-06 04:06:00-04:00,0.9073,0.9073,0.9072,0.9073,0,641,0.0
2021-08-06 04:07:00-04:00,0.9072,0.9072,0.9072,0.9072,0,581,0.0
2021-08-06 04:08:00-04:00,0.9072,0.9072,0.9072,0.9072,0,579,0.0
2021-08-06 04:09:00-04:00,0.9072,0.9073,0.9072,0.9072,0,596,0.0
2021-08-06 04:10:00-04:00,0.9072,0.9073,0.9072,0.9072,0,614,0.0
2021-08-06 04:11:00-04:00,0.9072,0.9072,0.9072,0.9072,0,587,0.0
2021-08-06 04:12:00-04:00,0.9072,0.9072,0.9071,0.9072,0,588,0.0
2021-08-06 04:13:00-04:00,0.9072,0.9072,0.9071,0.9071,0,604,0.0
2021-08-06 04:14:00-04:00,0.9071,0.9072,0.9071,0.9072,0,581,0.0
2021-08-06 04:15:00-04:00,0.9072,0.9073,0.9072,0.9072,0,603,0.0
2021-08-06 04:16:00-04:00,0.9072,0.9072,0.9071,0.9071,0,561,0.0
2021-08-06 04:17:00-04:00,0.9071,0.9071,0.907,0.907,0,578,0.0
2021-08-06 04:18:00-04:00,0.907,0.9071,0.907,0.9071,0,583,0.0
2021-08-06 04:19:00-04:00,0.9071,0.9071,0.907,0.907,0,574,0.0
2021-08-06 04:20:00-04:00,0.907,0.907,0.907,0.907,0,567,0.0
2021-08-06 04:21:00-04:00,0.907,0.907,0.907,0.907,0,624,0.0
2021-08-06 04:22:00-04:00,0.907,0.9072,0.907,0.9072,0,639,0.0
2021-08-06 04:23:00-04:00,0.9072,0.9075,0.9072,0.9075,0,730,0.0
2021-08-06 04:24:00-04:00,0.9075,0.9075,0.9075,0.9075,0,690,0.0
2021-08-06 04:25:00-04:00,0.9075,0.9076,0.9075,0.9076,0,641,0.0
2021-08-06 04:26:00-04:00,0.9076,0.9077,0.9076,0.9076,0,624,0.0
2021-08-06 04:27:00-04:00,0.9076,0.9077,0.9076,0.9077,0,576,0.0
2021-08-06 04:28:00-04:00,0.9077,0.9078,0.9077,0.9078,0,681,0.0
2021-08-06 04:29:00-04:00,0.9078,0.9078,0.9078,0.9078,0,634,0.0
2021-08-06 04:30:00-04:00,0.9078,0.9078,0.9077,0.9077,0,593,0.0
2021-08-06 04:31:00-04:00,0.9077,0.9078,0.9077,0.9078,0,609,0.0
2021-08-06 04:32:00-04:00,0.9078,0.9079,0.9078,0.9079,0,647,0.0
2021-08-06 04:33:00-04:00,0.9078,0.9079,0.9078,0.9078,0,586,0.0
2021-08-06 04:34:00-04:00,0.9078,0.9079,0.9078,0.9078,0,595,0.0
2021-08-06 04:35:00-04:00,0.9078,0.9079,0.9078,0.9079,0,596,0.0
2021-08-06 04:36:00-04:00,0.9079,0.9079,0.9078,0.9079,0,603,0.0
2021-08-06 04:37:00-04:00,0.9079,0.908,0.9079,0.9079,0,600,0.0
2021-08-06 04:38:00-04:00,0.9079,0.908,0.9079,0.908,0,583,0.0
2021-08-06 04:39:00-04:00,0.908,0.908,0.9079,0.9079,0,656,0.0
2021-08-06 04:40:00-04:00,0.9079,0.908,0.9078,0.9079,0,673,0.0
2021-08-06 04:41:00-04:00,0.9079,0.9079,0.9079,0.9079,0,613,0.0
2021-08-06 04:42:00-04:00,0.9079,0.9079,0.9078,0.9078,0,611,0.0
2021-08-06 04:43:00-04:00,0.9078,0.9079,0.9077,0.9077,0,619,0.0
2021-08-06 04:44:00-04:00,0.9077,0.9078,0.9077,0.9077,0,653,0.0
2021-08-06 04:45:00-04:00,0.9077,0.9079,0.9077,0.9079,0,633,0.0
2021-08-06 04:46:00-04:00,0.9079,0.9082,0.9079,0.9082,0,637,0.0
2021-08-06 04:47:00-04:00,0.9082,0.9083,0.9082,0.9082,0,580,0.0
2021-08-06 04:48:00-04:00,0.9082,0.9082,0.9081,0.9081,0,605,0.0
2021-08-06 04:49:00-04:00,0.9081,0.9082,0.9081,0.9081,0,589,0.0
2021-08-06 04:50:00-04:00,0.9081,0.9081,0.9079,0.9079,0,605,0.0
2021-08-06 04:51:00-04:00,0.908,0.908,0.9079,0.9079,0,603,0.0
2021-08-06 04:52:00-04:00,0.9079,0.9079,0.9078,0.9079,0,615,0.0
2021-08-06 04:53:00-04:00,0.9079,0.908,0.9078,0.908,0,604,0.0
2021-08-06 04:54:00-04:00,0.908,0.9081,0.908,0.9081,0,558,0.0
2021-08-06 04:55:00-04:00,0.9081,0.9082,0.9081,0.9081,0,613,0.0
2021-08-06 04:56:00-04:00,0.9081,0.9081,0.908,0.9081,0,590,0.0
2021-08-06 04:57:00-04:00,0.9081,0.9081,0.9079,0.908,0,628,0.0
2021-08-06 04:58:00-04:00,0.908,0.9081,0.908,0.908,0,587,0.0
2021-08-06 04:59:00-04:00,0.908,0.9081,0.908,0.908,0,622,0.0
2021-08-06 05:00:00-04:00,0.908,0.908,0.9079,0.9079,0,636,0.0
2021-08-06 05:01:00-04:00,0.9079,0.9079,0.9078,0.9078,0,584,0.0
2021-08-06 05:02:00-04:00,0.9078,0.9079,0.9078,0.9079,0,609,0.0
2021-08-06 05:03:00-04:00,0.9079,0.9079,0.9078,0.9078,0,558,0.0
2021-08-06 05:04:00-04:00,0.9078,0.9079,0.9078,0.9079,0,549,0.0
2021-08-06 05:05:00-04:00,0.9079,0.9079,0.9078,0.9079,0,552,0.0
2021-08-06 05:06:00-04:00,0.9079,0.9079,0.9079,0.9079,0,556,0.0
2021-08-06 05:07:00-04:00,0.9079,0.908,0.9079,0.9079,0,558,0.0
2021-08-06 05:08:00-04:00,0.9079,0.908,0.9079,0.9079,0,571,0.0
2021-08-06 05:09:00-04:00,0.9079,0.9079,0.9079,0.9079,0,555,0.0
2021-08-06 05:10:00-04:00,0.9079,0.9079,0.9079,0.9079,0,559,0.0
2021-08-06 05:11:00-04:00,0.9079,0.9079,0.9078,0.9079,0,654,0.0
2021-08-06 05:12:00-04:00,0.9079,0.9079,0.9078,0.9078,0,576,0.0
2021-08-06 05:13:00-04:00,0.9078,0.9079,0.9078,0.9079,0,639,0.0
2021-08-06 05:14:00-04:00,0.9079,0.9079,0.9079,0.9079,0,557,0.0
2021-08-06 05:15:00-04:00,0.9079,0.908,0.9079,0.9079,0,557,0.0
2021-08-06 05:16:00-04:00,0.9079,0.9079,0.9079,0.9079,0,573,0.0
2021-08-06 05:17:00-04:00,0.9079,0.9079,0.9079,0.9079,0,614,0.0
2021-08-06 05:18:00-04:00,0.9079,0.9079,0.9079,0.9079,0,574,0.0
2021-08-06 05:19:00-04:00,0.9079,0.9081,0.9079,0.9081,0,627,0.0
2021-08-06 05:20:00-04:00,0.9081,0.9082,0.9081,0.9082,0,599,0.0
2021-08-06 05:21:00-04:00,0.9082,0.9083,0.9082,0.9083,0,619,0.0
2021-08-06 05:22:00-04:00,0.9083,0.9083,0.9082,0.9083,0,639,0.0
2021-08-06 05:23:00-04:00,0.9083,0.9084,0.9082,0.9083,0,622,0.0
2021-08-06 05:24:00-04:00,0.9083,0.9084,0.9083,0.9083,0,633,0.0
2021-08-06 05:25:00-04:00,0.9083,0.9083,0.9083,0.9083,0,579,0.0
2021-08-06 05:26:00-04:00,0.9083,0.9083,0.9082,0.9082,0,563,0.0
2021-08-06 05:27:00-04:00,0.9082,0.9082,0.908,0.908,0,570,0.0
2021-08-06 05:28:00-04:00,0.908,0.908,0.908,0.908,0,578,0.0
2021-08-06 05:29:00-04:00,0.908,0.9081,0.908,0.908,0,587,0.0
2021-08-06 05:30:00-04:00,0.908,0.908,0.9079,0.908,0,586,0.0
2021-08-06 05:31:00-04:00,0.908,0.908,0.908,0.908,0,567,0.0
2021-08-06 05:32:00-04:00,0.908,0.9081,0.9079,0.9079,0,571,0.0
2021-08-06 05:33:00-04:00,0.9079,0.9079,0.9079,0.9079,0,608,0.0
2021-08-06 05:34:00-04:00,0.9079,0.908,0.9079,0.9079,0,595,0.0
2021-08-06 05:35:00-04:00,0.9079,0.9079,0.9078,0.9079,0,551,0.0
2021-08-06 05:36:00-04:00,0.9079,0.908,0.9078,0.908,0,662,0.0
2021-08-06 05:37:00-04:00,0.908,0.9081,0.908,0.9081,0,560,0.0
2021-08-06 05:38:00-04:00,0.9081,0.9082,0.9081,0.9081,0,581,0.0
2021-08-06 05:39:00-04:00,0.9081,0.9082,0.9081,0.9082,0,592,0.0
2021-08-06 05:40:00-04:00,0.9082,0.9082,0.9082,0.9082,0,557,0.0
2021-08-06 05:41:00-04:00,0.9082,0.9082,0.9082,0.9082,0,540,0.0
2021-08-06 05:42:00-04:00,0.9082,0.9082,0.9081,0.9081,0,559,0.0
2021-08-06 05:43:00-04:00,0.9081,0.9082,0.9081,0.9082,0,554,0.0
2021-08-06 05:44:00-04:00,0.9082,0.9082,0.9082,0.9082,0,551,0.0
2021-08-06 05:45:00-04:00,0.9082,0.9083,0.9082,0.9083,0,564,0.0
2021-08-06 05:46:00-04:00,0.9082,0.9083,0.9082,0.9083,0,606,0.0
2021-08-06 05:47:00-04:00,0.9083,0.9083,0.9083,0.9083,0,598,0.0
2021-08-06 05:48:00-04:00,0.9083,0.9084,0.9083,0.9084,0,578,0.0
2021-08-06 05:49:00-04:00,0.9084,0.9085,0.9084,0.9084,0,672,0.0
2021-08-06 05:50:00-04:00,0.9084,0.9084,0.9083,0.9083,0,572,0.0
2021-08-06 05:51:00-04:00,0.9083,0.9084,0.9083,0.9083,0,588,0.0
2021-08-06 05:52:00-04:00,0.9083,0.9083,0.9083,0.9083,0,597,0.0
2021-08-06 05:53:00-04:00,0.9083,0.9083,0.9082,0.9082,0,588,0.0
2021-08-06 05:54:00-04:00,0.9082,0.9082,0.9082,0.9082,0,589,0.0
2021-08-06 05:55:00-04:00,0.9082,0.9082,0.9082,0.9082,0,546,0.0
2021-08-06 05:56:00-04:00,0.9082,0.9082,0.9082,0.9082,0,578,0.0
2021-08-06 05:57:00-04:00,0.9082,0.9082,0.9081,0.9082,0,624,0.0
2021-08-06 05:58:00-04:00,0.9082,0.9082,0.9081,0.9082,0,598,0.0
2021-08-06 05:59:00-04:00,0.9082,0.9082,0.9082,0.9082,0,556,0.0
2021-08-06 06:00:00-04:00,0.9082,0.9082,0.9082,0.9082,0,579,0.0
2021-08-06 06:01:00-04:00,0.9082,0.9082,0.9081,0.9081,0,618,0.0
2021-08-06 06:02:00-04:00,0.9081,0.9082,0.9081,0.9082,0,554,0.0
2021-08-06 06:03:00-04:00,0.9082,0.9082,0.9082,0.9082,0,588,0.0
2021-08-06 06:04:00-04:00,0.9082,0.9082,0.9081,0.9082,0,649,0.0
2021-08-06 06:05:00-04:00,0.9082,0.9082,0.9082,0.9082,0,545,0.0
2021-08-06 06:06:00-04:00,0.9082,0.9084,0.9082,0.9083,0,638,0.0
2021-08-06 06:07:00-04:00,0.9083,0.9083,0.9083,0.9083,0,585,0.0
2021-08-06 06:08:00-04:00,0.9083,0.9083,0.9083,0.9083,0,574,0.0
2021-08-06 06:09:00-04:00,0.9083,0.9083,0.9083,0.9083,0,577,0.0
2021-08-06 06:10:00-04:00,0.9083,0.9083,0.9083,0.9083,0,593,0.0
2021-08-06 06:11:00-04:00,0.9083,0.9084,0.9083,0.9083,0,600,0.0
2021-08-06 06:12:00-04:00,0.9083,0.9083,0.9083,0.9083,0,558,0.0
2021-08-06 06:13:00-04:00,0.9083,0.9083,0.9083,0.9083,0,538,0.0
2021-08-06 06:14:00-04:00,0.9083,0.9083,0.9083,0.9083,0,551,0.0
2021-08-06 06:15:00-04:00,0.9083,0.9085,0.9083,0.9085,0,674,0.0
2021-08-06 06:16:00-04:00,0.9085,0.9085,0.9084,0.9084,0,573,0.0
2021-08-06 06:17:00-04:00,0.9084,0.9084,0.9082,0.9083,0,634,0.0
2021-08-06 06:18:00-04:00,0.9083,0.9083,0.9082,0.9082,0,591,0.0
2021-08-06 06:19:00-04:00,0.9082,0.9082,0.9082,0.9082,0,590,0.0
2021-08-06 06:20:00-04:00,0.9082,0.9082,0.9082,0.9082,0,533,0.0
2021-08-06 06:21:00-04:00,0.9082,0.9083,0.9082,0.9083,0,619,0.0
2021-08-06 06:22:00-04:00,0.9083,0.9083,0.9083,0.9083,0,578,0.0
2021-08-06 06:23:00-04:00,0.9083,0.9083,0.9082,0.9082,0,577,0.0
2021-08-06 06:24:00-04:00,0.9082,0.9082,0.9082,0.9082,0,554,0.0
2021-08-06 06:25:00-04:00,0.9082,0.9082,0.9082,0.9082,0,547,0.0
2021-08-06 06:26:00-04:00,0.9082,0.9082,0.9082,0.9082,0,560,0.0
2021-08-06 06:27:00-04:00,0.9082,0.9083,0.9082,0.9083,0,602,0.0
2021-08-06 06:28:00-04:00,0.9083,0.9083,0.9082,0.9082,0,558,0.0
2021-08-06 06:29:00-04:00,0.9082,0.9082,0.9081,0.9082,0,560,0.0
2021-08-06 06:30:00-04:00,0.9082,0.9082,0.908,0.908,0,609,0.0
2021-08-06 06:31:00-04:00,0.908,0.908,0.9079,0.908,0,586,0.0
2021-08-06 06:32:00-04:00,0.908,0.908,0.908,0.908,0,582,0.0
2021-08-06 06:33:00-04:00,0.908,0.908,0.9079,0.908,0,538,0.0
2021-08-06 06:34:00-04:00,0.908,0.9081,0.9079,0.908,0,573,0.0
2021-08-06 06:35:00-04:00,0.908,0.908,0.9079,0.908,0,636,0.0
2021-08-06 06:36:00-04:00,0.908,0.9081,0.908,0.9081,0,576,0.0
2021-08-06 06:37:00-04:00,0.9081,0.9081,0.9081,0.9081,0,564,0.0
2021-08-06 06:38:00-04:00,0.9081,0.9082,0.9081,0.9082,0,615,0.0
2021-08-06 06:39:00-04:00,0.9082,0.9083,0.9082,0.9083,0,618,0.0
2021-08-06 06:40:00-04:00,0.9083,0.9084,0.9083,0.9084,0,585,0.0
2021-08-06 06:41:00-04:00,0.9084,0.9084,0.9083,0.9083,0,582,0.0
2021-08-06 06:42:00-04:00,0.9083,0.9084,0.9082,0.9082,0,634,0.0
2021-08-06 06:43:00-04:00,0.9082,0.9082,0.9081,0.9081,0,598,0.0
2021-08-06 06:44:00-04:00,0.9081,0.9082,0.9081,0.9082,0,539,0.0
2021-08-06 06:45:00-04:00,0.9082,0.9082,0.9081,0.9081,0,596,0.0
2021-08-06 06:46:00-04:00,0.9081,0.9081,0.9081,0.9081,0,545,0.0
2021-08-06 06:47:00-04:00,0.9081,0.9081,0.9081,0.9081,0,544,0.0
2021-08-06 06:48:00-04:00,0.9081,0.9081,0.908,0.9081,0,598,0.0
2021-08-06 06:49:00-04:00,0.9081,0.9082,0.9081,0.9082,0,608,0.0
2021-08-06 06:50:00-04:00,0.9082,0.9082,0.9081,0.9082,0,608,0.0
2021-08-06 06:51:00-04:00,0.9082,0.9083,0.9082,0.9083,0,630,0.0
2021-08-06 06:52:00-04:00,0.9083,0.9083,0.9083,0.9083,0,598,0.0
2021-08-06 06:53:00-04:00,0.9083,0.9083,0.9082,0.9082,0,569,0.0
2021-08-06 06:54:00-04:00,0.9082,0.9082,0.9082,0.9082,0,574,0.0
2021-08-06 06:55:00-04:00,0.9082,0.9083,0.9082,0.9083,0,609,0.0
2021-08-06 06:56:00-04:00,0.9083,0.9083,0.9081,0.9081,0,630,0.0
2021-08-06 06:57:00-04:00,0.9081,0.9083,0.9081,0.9083,0,577,0.0
2021-08-06 06:58:00-04:00,0.9083,0.9085,0.9083,0.9085,0,590,0.0
2021-08-06 06:59:00-04:00,0.9085,0.9085,0.9084,0.9084,0,618,0.0
2021-08-06 07:00:00-04:00,0.9084,0.9085,0.9084,0.9085,0,621,0.0
2021-08-06 07:01:00-04:00,0.9085,0.9085,0.9084,0.9084,0,593,0.0
2021-08-06 07:02:00-04:00,0.9084,0.9085,0.9084,0.9085,0,585,0.0
2021-08-06 07:03:00-04:00,0.9085,0.9085,0.9085,0.9085,0,531,0.0
2021-08-06 07:04:00-04:00,0.9085,0.9085,0.9084,0.9084,0,560,0.0
2021-08-06 07:05:00-04:00,0.9084,0.9084,0.9084,0.9084,0,604,0.0
2021-08-06 07:06:00-04:00,0.9084,0.9084,0.9084,0.9084,0,528,0.0
2021-08-06 07:07:00-04:00,0.9084,0.9084,0.9083,0.9083,0,550,0.0
2021-08-06 07:08:00-04:00,0.9083,0.9084,0.9083,0.9083,0,552,0.0
2021-08-06 07:09:00-04:00,0.9083,0.9083,0.9082,0.9082,0,578,0.0
2021-08-06 07:10:00-04:00,0.9082,0.9083,0.9082,0.9082,0,618,0.0
2021-08-06 07:11:00-04:00,0.9082,0.9083,0.9082,0.9082,0,556,0.0
2021-08-06 07:12:00-04:00,0.9082,0.9083,0.9082,0.9082,0,591,0.0
2021-08-06 07:13:00-04:00,0.9082,0.9083,0.9082,0.9083,0,591,0.0
2021-08-06 07:14:00-04:00,0.9083,0.9084,0.9083,0.9084,0,610,0.0
2021-08-06 07:15:00-04:00,0.9084,0.9084,0.9083,0.9084,0,603,0.0
2021-08-06 07:16:00-04:00,0.9084,0.9084,0.9083,0.9084,0,549,0.0
2021-08-06 07:17:00-04:00,0.9084,0.9084,0.9084,0.9084,0,536,0.0
2021-08-06 07:18:00-04:00,0.9084,0.9085,0.9084,0.9084,0,598,0.0
2021-08-06 07:19:00-04:00,0.9084,0.9085,0.9083,0.9083,0,620,0.0
2021-08-06 07:20:00-04:00,0.9083,0.9083,0.9083,0.9083,0,582,0.0
2021-08-06 07:21:00-04:00,0.9083,0.9084,0.9083,0.9084,0,624,0.0
2021-08-06 07:22:00-04:00,0.9084,0.9084,0.9084,0.9084,0,588,0.0
2021-08-06 07:23:00-04:00,0.9084,0.9084,0.9083,0.9084,0,558,0.0
2021-08-06 07:24:00-04:00,0.9084,0.9085,0.9084,0.9085,0,615,0.0
2021-08-06 07:25:00-04:00,0.9085,0.9085,0.9085,0.9085,0,567,0.0
2021-08-06 07:26:00-04:00,0.9085,0.9085,0.9084,0.9085,0,626,0.0
2021-08-06 07:27:00-04:00,0.9085,0.9085,0.9084,0.9085,0,551,0.0
2021-08-06 07:28:00-04:00,0.9085,0.9085,0.9085,0.9085,0,551,0.0
2021-08-06 07:29:00-04:00,0.9085,0.9085,0.9085,0.9085,0,615,0.0
2021-08-06 07:30:00-04:00,0.9085,0.9085,0.9085,0.9085,0,541,0.0
2021-08-06 07:31:00-04:00,0.9085,0.9086,0.9085,0.9086,0,582,0.0
2021-08-06 07:32:00-04:00,0.9086,0.9087,0.9086,0.9086,0,581,0.0
2021-08-06 07:33:00-04:00,0.9086,0.9087,0.9086,0.9087,0,570,0.0
2021-08-06 07:34:00-04:00,0.9087,0.9087,0.9086,0.9086,0,598,0.0
2021-08-06 07:35:00-04:00,0.9086,0.9087,0.9086,0.9087,0,588,0.0
2021-08-06 07:36:00-04:00,0.9087,0.9087,0.9086,0.9087,0,620,0.0
2021-08-06 07:37:00-04:00,0.9087,0.9087,0.9086,0.9086,0,610,0.0
2021-08-06 07:38:00-04:00,0.9086,0.9086,0.9085,0.9085,0,616,0.0
2021-08-06 07:39:00-04:00,0.9085,0.9086,0.9084,0.9086,0,636,0.0
2021-08-06 07:40:00-04:00,0.9086,0.9086,0.9085,0.9086,0,604,0.0
2021-08-06 07:41:00-04:00,0.9086,0.9086,0.9085,0.9085,0,547,0.0
2021-08-06 07:42:00-04:00,0.9085,0.9085,0.9084,0.9085,0,579,0.0
2021-08-06 07:43:00-04:00,0.9085,0.9085,0.9083,0.9083,0,627,0.0
2021-08-06 07:44:00-04:00,0.9083,0.9083,0.9082,0.9083,0,577,0.0
2021-08-06 07:45:00-04:00,0.9083,0.9085,0.9082,0.9085,0,672,0.0
2021-08-06 07:46:00-04:00,0.9085,0.9085,0.9084,0.9085,0,587,0.0
2021-08-06 07:47:00-04:00,0.9085,0.9085,0.9084,0.9085,0,569,0.0
2021-08-06 07:48:00-04:00,0.9085,0.9086,0.9084,0.9086,0,602,0.0
2021-08-06 07:49:00-04:00,0.9086,0.9086,0.9084,0.9084,0,616,0.0
2021-08-06 07:50:00-04:00,0.9084,0.9086,0.9084,0.9086,0,606,0.0
2021-08-06 07:51:00-04:00,0.9086,0.9086,0.9085,0.9086,0,586,0.0
2021-08-06 07:52:00-04:00,0.9086,0.9086,0.9084,0.9085,0,604,0.0
2021-08-06 07:53:00-04:00,0.9085,0.9085,0.9085,0.9085,0,601,0.0
2021-08-06 07:54:00-04:00,0.9085,0.9085,0.9083,0.9083,0,639,0.0
2021-08-06 07:55:00-04:00,0.9083,0.9084,0.9083,0.9084,0,602,0.0
2021-08-06 07:56:00-04:00,0.9084,0.9085,0.9084,0.9085,0,589,0.0
2021-08-06 07:57:00-04:00,0.9085,0.9085,0.9084,0.9085,0,603,0.0
2021-08-06 07:58:00-04:00,0.9085,0.9085,0.9084,0.9085,0,643,0.0
2021-08-06 07:59:00-04:00,0.9085,0.9085,0.9084,0.9084,0,607,0.0
2021-08-06 08:00:00-04:00,0.9084,0.9087,0.9084,0.9087,0,717,0.0
2021-08-06 08:01:00-04:00,0.9087,0.9087,0.9086,0.9087,0,631,0.0
2021-08-06 08:02:00-04:00,0.9087,0.9087,0.9086,0.9086,0,604,0.0
2021-08-06 08:03:00-04:00,0.9086,0.9087,0.9086,0.9087,0,612,0.0
2021-08-06 08:04:00-04:00,0.9087,0.9087,0.9085,0.9086,0,619,0.0
2021-08-06 08:05:00-04:00,0.9086,0.9086,0.9084,0.9084,0,679,0.0
2021-08-06 08:06:00-04:00,0.9084,0.9085,0.9084,0.9084,0,613,0.0
2021-08-06 08:07:00-04:00,0.9084,0.9084,0.9083,0.9083,0,606,0.0
2021-08-06 08:08:00-04:00,0.9083,0.9083,0.9082,0.9083,0,610,0.0
2021-08-06 08:09:00-04:00,0.9083,0.9083,0.9082,0.9083,0,593,0.0
2021-08-06 08:10:00-04:00,0.9083,0.9084,0.9083,0.9084,0,583,0.0
2021-08-06 08:11:00-04:00,0.9084,0.9084,0.9084,0.9084,0,594,0.0
2021-08-06 08:12:00-04:00,0.9084,0.9084,0.9083,0.9083,0,635,0.0
2021-08-06 08:13:00-04:00,0.9083,0.9083,0.9082,0.9083,0,605,0.0
2021-08-06 08:14:00-04:00,0.9083,0.9083,0.9082,0.9083,0,622,0.0
2021-08-06 08:15:00-04:00,0.9083,0.9083,0.9082,0.9083,0,625,0.0
2021-08-06 08:16:00-04:00,0.9083,0.9084,0.9082,0.9084,0,662,0.0
2021-08-06 08:17:00-04:00,0.9084,0.9084,0.9083,0.9083,0,666,0.0
2021-08-06 08:18:00-04:00,0.9083,0.9084,0.9083,0.9084,0,576,0.0
2021-08-06 08:19:00-04:00,0.9084,0.9085,0.9084,0.9085,0,644,0.0
2021-08-06 08:20:00-04:00,0.9085,0.9085,0.9084,0.9085,0,585,0.0
2021-08-06 08:21:00-04:00,0.9085,0.9085,0.9083,0.9083,0,655,0.0
2021-08-06 08:22:00-04:00,0.9083,0.9085,0.9083,0.9085,0,696,0.0
2021-08-06 08:23:00-04:00,0.9085,0.9086,0.9085,0.9086,0,710,0.0
2021-08-06 08:24:00-04:00,0.9086,0.9086,0.9086,0.9086,0,588,0.0
2021-08-06 08:25:00-04:00,0.9086,0.9087,0.9084,0.9085,0,730,0.0
2021-08-06 08:26:00-04:00,0.9085,0.9085,0.9084,0.9085,0,683,0.0
2021-08-06 08:27:00-04:00,0.9085,0.9085,0.9084,0.9084,0,686,0.0
2021-08-06 08:28:00-04:00,0.9084,0.9084,0.9083,0.9084,0,657,0.0
2021-08-06 08:29:00-04:00,0.9084,0.9084,0.9083,0.9083,0,764,0.0
2021-08-06 08:30:00-04:00,0.9083,0.9101,0.9083,0.9098,0,1999,0.0
2021-08-06 08:31:00-04:00,0.9098,0.9099,0.9086,0.9088,0,1486,0.0
2021-08-06 08:32:00-04:00,0.9088,0.9095,0.9088,0.9094,0,1487,0.0
2021-08-06 08:33:00-04:00,0.9094,0.9098,0.9093,0.9097,0,1485,0.0
2021-08-06 08:34:00-04:00,0.9096,0.9097,0.9089,0.9093,0,1488,0.0
2021-08-06 08:35:00-04:00,0.9094,0.9095,0.9092,0.9094,0,1214,0.0
2021-08-06 08:36:00-04:00,0.9094,0.9094,0.9086,0.9086,0,1111,0.0
2021-08-06 08:37:00-04:00,0.9085,0.909,0.9082,0.9089,0,1225,0.0
2021-08-06 08:38:00-04:00,0.9089,0.9092,0.9088,0.9092,0,1137,0.0
2021-08-06 08:39:00-04:00,0.9092,0.9093,0.909,0.909,0,1039,0.0
2021-08-06 08:40:00-04:00,0.909,0.9095,0.9089,0.9093,0,1134,0.0
2021-08-06 08:41:00-04:00,0.9093,0.9096,0.9093,0.9093,0,1075,0.0
2021-08-06 08:42:00-04:00,0.9093,0.9099,0.9092,0.9098,0,1140,0.0
2021-08-06 08:43:00-04:00,0.9098,0.9103,0.9098,0.9103,0,1114,0.0
2021-08-06 08:44:00-04:00,0.9103,0.9103,0.9101,0.9102,0,1081,0.0
2021-08-06 08:45:00-04:00,0.9102,0.9103,0.9099,0.9099,0,957,0.0
2021-08-06 08:46:00-04:00,0.9099,0.91,0.9096,0.9099,0,1154,0.0
2021-08-06 08:47:00-04:00,0.9099,0.9099,0.9096,0.9098,0,969,0.0
2021-08-06 08:48:00-04:00,0.9098,0.9102,0.9098,0.9102,0,832,0.0
2021-08-06 08:49:00-04:00,0.9102,0.9105,0.9101,0.9104,0,1085,0.0
2021-08-06 08:50:00-04:00,0.9104,0.9106,0.9104,0.9105,0,1120,0.0
2021-08-06 08:51:00-04:00,0.9105,0.9107,0.9103,0.9105,0,1030,0.0
2021-08-06 08:52:00-04:00,0.9105,0.9108,0.9105,0.9105,0,1028,0.0
2021-08-06 08:53:00-04:00,0.9105,0.9105,0.9101,0.9102,0,961,0.0
2021-08-06 08:54:00-04:00,0.9102,0.9103,0.9099,0.9102,0,943,0.0
2021-08-06 08:55:00-04:00,0.9102,0.9103,0.91,0.91,0,849,0.0
2021-08-06 08:56:00-04:00,0.91,0.9102,0.9099,0.9101,0,862,0.0
2021-08-06 08:57:00-04:00,0.9101,0.9103,0.9101,0.9103,0,963,0.0
2021-08-06 08:58:00-04:00,0.9103,0.9104,0.9103,0.9104,0,732,0.0
2021-08-06 08:59:00-04:00,0.9104,0.9106,0.9103,0.9106,0,890,0.0
2021-08-06 09:00:00-04:00,0.9106,0.911,0.9106,0.9108,0,948,0.0
2021-08-06 09:01:00-04:00,0.9108,0.9109,0.9107,0.9108,0,848,0.0
2021-08-06 09:02:00-04:00,0.9108,0.911,0.9106,0.9109,0,937,0.0
2021-08-06 09:03:00-04:00,0.9109,0.9111,0.9104,0.9104,0,1082,0.0
2021-08-06 09:04:00-04:00,0.9104,0.9108,0.9104,0.9108,0,940,0.0
2021-08-06 09:05:00-04:00,0.9108,0.911,0.9106,0.9108,0,906,0.0
2021-08-06 09:06:00-04:00,0.9108,0.9109,0.9107,0.9108,0,801,0.0
2021-08-06 09:07:00-04:00,0.9108,0.9109,0.9107,0.9108,0,760,0.0
2021-08-06 09:08:00-04:00,0.9108,0.9108,0.9106,0.9107,0,823,0.0
2021-08-06 09:09:00-04:00,0.9107,0.9108,0.9107,0.9108,0,795,0.0
2021-08-06 09:10:00-04:00,0.9108,0.9109,0.9107,0.9108,0,798,0.0
2021-08-06 09:11:00-04:00,0.9108,0.911,0.9107,0.911,0,776,0.0
2021-08-06 09:12:00-04:00,0.911,0.9111,0.9106,0.9106,0,829,0.0
2021-08-06 09:13:00-04:00,0.9106,0.9108,0.9106,0.9107,0,747,0.0
2021-08-06 09:14:00-04:00,0.9107,0.9108,0.9105,0.9106,0,753,0.0
2021-08-06 09:15:00-04:00,0.9106,0.9108,0.9105,0.9108,0,828,0.0
2021-08-06 09:16:00-04:00,0.9108,0.9108,0.9107,0.9107,0,748,0.0
2021-08-06 09:17:00-04:00,0.9107,0.9112,0.9107,0.9112,0,820,0.0
2021-08-06 09:18:00-04:00,0.9112,0.9113,0.9111,0.9113,0,786,0.0
2021-08-06 09:19:00-04:00,0.9113,0.9113,0.9111,0.9111,0,662,0.0
2021-08-06 09:20:00-04:00,0.9111,0.9112,0.911,0.9111,0,751,0.0
2021-08-06 09:21:00-04:00,0.9111,0.9112,0.911,0.9111,0,728,0.0
2021-08-06 09:22:00-04:00,0.9111,0.9112,0.911,0.911,0,785,0.0
2021-08-06 09:23:00-04:00,0.911,0.9111,0.911,0.9111,0,726,0.0
2021-08-06 09:24:00-04:00,0.9111,0.9112,0.9109,0.9111,0,799,0.0
2021-08-06 09:25:00-04:00,0.9111,0.9112,0.9111,0.9111,0,702,0.0
2021-08-06 09:26:00-04:00,0.9111,0.9113,0.9111,0.9113,0,758,0.0
2021-08-06 09:27:00-04:00,0.9113,0.9113,0.9112,0.9112,0,732,0.0
2021-08-06 09:28:00-04:00,0.9112,0.9113,0.9111,0.9112,0,709,0.0
2021-08-06 09:29:00-04:00,0.9112,0.9113,0.9112,0.9113,0,762,0.0
2021-08-06 09:30:00-04:00,0.9113,0.9113,0.911,0.9112,0,857,0.0
2021-08-06 09:31:00-04:00,0.9112,0.9112,0.9109,0.9109,0,791,0.0
2021-08-06 09:32:00-04:00,0.9109,0.9109,0.9107,0.9108,0,793,0.0
2021-08-06 09:33:00-04:00,0.9108,0.911,0.9108,0.911,0,713,0.0
2021-08-06 09:34:00-04:00,0.911,0.9112,0.9109,0.9111,0,845,0.0
2021-08-06 09:35:00-04:00,0.9111,0.9113,0.9111,0.9113,0,812,0.0
2021-08-06 09:36:00-04:00,0.9113,0.9114,0.9111,0.9112,0,780,0.0
2021-08-06 09:37:00-04:00,0.9112,0.9112,0.911,0.911,0,756,0.0
2021-08-06 09:38:00-04:00,0.911,0.9112,0.911,0.9112,0,697,0.0
2021-08-06 09:39:00-04:00,0.9112,0.9112,0.911,0.9111,0,809,0.0
2021-08-06 09:40:00-04:00,0.9111,0.9112,0.9109,0.911,0,896,0.0
2021-08-06 09:41:00-04:00,0.911,0.911,0.9108,0.911,0,734,0.0
2021-08-06 09:42:00-04:00,0.911,0.911,0.9109,0.911,0,743,0.0
2021-08-06 09:43:00-04:00,0.911,0.9111,0.911,0.9111,0,800,0.0
2021-08-06 09:44:00-04:00,0.9111,0.9113,0.9111,0.9112,0,751,0.0
2021-08-06 09:45:00-04:00,0.9112,0.9115,0.9112,0.9115,0,770,0.0
2021-08-06 09:46:00-04:00,0.9115,0.9118,0.9115,0.9118,0,870,0.0
2021-08-06 09:47:00-04:00,0.9118,0.912,0.9118,0.912,0,773,0.0
2021-08-06 09:48:00-04:00,0.912,0.9123,0.912,0.9123,0,782,0.0
2021-08-06 09:49:00-04:00,0.9123,0.9124,0.9122,0.9123,0,657,0.0
2021-08-06 09:50:00-04:00,0.9123,0.9124,0.9123,0.9124,0,651,0.0
2021-08-06 09:51:00-04:00,0.9124,0.9125,0.9121,0.9121,0,786,0.0
2021-08-06 09:52:00-04:00,0.9121,0.9124,0.9121,0.9124,0,809,0.0
2021-08-06 09:53:00-04:00,0.9124,0.9125,0.9123,0.9123,0,747,0.0
2021-08-06 09:54:00-04:00,0.9123,0.9124,0.9123,0.9123,0,839,0.0
2021-08-06 09:55:00-04:00,0.9123,0.9123,0.9122,0.9123,0,866,0.0
2021-08-06 09:56:00-04:00,0.9123,0.9124,0.9122,0.9123,0,743,0.0
2021-08-06 09:57:00-04:00,0.9123,0.9124,0.9123,0.9123,0,689,0.0
2021-08-06 09:58:00-04:00,0.9123,0.9124,0.9123,0.9123,0,697,0.0
2021-08-06 09:59:00-04:00,0.9123,0.9125,0.9123,0.9124,0,711,0.0
2021-08-06 10:00:00-04:00,0.9124,0.9125,0.9124,0.9125,0,675,0.0
2021-08-06 10:01:00-04:00,0.9125,0.9125,0.9125,0.9125,0,640,0.0
2021-08-06 10:02:00-04:00,0.9125,0.9126,0.9125,0.9126,0,762,0.0
2021-08-06 10:03:00-04:00,0.9126,0.9127,0.9126,0.9127,0,715,0.0
2021-08-06 10:04:00-04:00,0.9127,0.9127,0.9126,0.9127,0,677,0.0
2021-08-06 10:05:00-04:00,0.9127,0.9127,0.9125,0.9127,0,761,0.0
2021-08-06 10:06:00-04:00,0.9127,0.9127,0.9123,0.9124,0,798,0.0
2021-08-06 10:07:00-04:00,0.9124,0.9124,0.9122,0.9122,0,727,0.0
2021-08-06 10:08:00-04:00,0.9122,0.9125,0.9122,0.9125,0,721,0.0
2021-08-06 10:09:00-04:00,0.9125,0.9126,0.9124,0.9124,0,713,0.0
2021-08-06 10:10:00-04:00,0.9124,0.9125,0.9123,0.9124,0,704,0.0
2021-08-06 10:11:00-04:00,0.9124,0.9125,0.9124,0.9125,0,680,0.0
2021-08-06 10:12:00-04:00,0.9125,0.9126,0.9124,0.9126,0,736,0.0
2021-08-06 10:13:00-04:00,0.9126,0.9127,0.9125,0.9126,0,705,0.0
2021-08-06 10:14:00-04:00,0.9126,0.9128,0.9126,0.9128,0,694,0.0
2021-08-06 10:15:00-04:00,0.9128,0.9129,0.9127,0.9129,0,703,0.0
2021-08-06 10:16:00-04:00,0.9129,0.9132,0.9129,0.9132,0,865,0.0
2021-08-06 10:17:00-04:00,0.9132,0.9132,0.9131,0.9131,0,675,0.0
2021-08-06 10:18:00-04:00,0.9131,0.9133,0.9131,0.9132,0,677,0.0
2021-08-06 10:19:00-04:00,0.9132,0.9134,0.9132,0.9133,0,692,0.0
2021-08-06 10:20:00-04:00,0.9133,0.9133,0.9132,0.9133,0,676,0.0
2021-08-06 10:21:00-04:00,0.9133,0.9137,0.9132,0.9136,0,744,0.0
2021-08-06 10:22:00-04:00,0.9136,0.9138,0.9136,0.9137,0,963,0.0
2021-08-06 10:23:00-04:00,0.9137,0.9137,0.9136,0.9137,0,712,0.0
2021-08-06 10:24:00-04:00,0.9137,0.9138,0.9135,0.9135,0,704,0.0
2021-08-06 10:25:00-04:00,0.9135,0.9137,0.9135,0.9137,0,709,0.0
2021-08-06 10:26:00-04:00,0.9137,0.9137,0.9135,0.9135,0,678,0.0
2021-08-06 10:27:00-04:00,0.9135,0.9135,0.9134,0.9135,0,687,0.0
2021-08-06 10:28:00-04:00,0.9135,0.9135,0.9133,0.9134,0,675,0.0
2021-08-06 10:29:00-04:00,0.9134,0.9134,0.9132,0.9133,0,678,0.0
2021-08-06 10:30:00-04:00,0.9133,0.9136,0.9133,0.9135,0,716,0.0
2021-08-06 10:31:00-04:00,0.9135,0.9135,0.9134,0.9135,0,629,0.0
2021-08-06 10:32:00-04:00,0.9135,0.9135,0.9134,0.9135,0,635,0.0
2021-08-06 10:33:00-04:00,0.9135,0.9136,0.9134,0.9135,0,730,0.0
2021-08-06 10:34:00-04:00,0.9135,0.9135,0.9133,0.9133,0,695,0.0
2021-08-06 10:35:00-04:00,0.9133,0.9136,0.9133,0.9136,0,709,0.0
2021-08-06 10:36:00-04:00,0.9136,0.9137,0.9136,0.9136,0,626,0.0
2021-08-06 10:37:00-04:00,0.9136,0.9136,0.9135,0.9136,0,676,0.0
2021-08-06 10:38:00-04:00,0.9136,0.9136,0.9136,0.9136,0,583,0.0
2021-08-06 10:39:00-04:00,0.9136,0.9137,0.9136,0.9136,0,676,0.0
2021-08-06 10:40:00-04:00,0.9137,0.9137,0.9135,0.9135,0,653,0.0
2021-08-06 10:41:00-04:00,0.9135,0.9135,0.9134,0.9134,0,617,0.0
2021-08-06 10:42:00-04:00,0.9134,0.9137,0.9134,0.9135,0,666,0.0
2021-08-06 10:43:00-04:00,0.9135,0.9135,0.9133,0.9134,0,684,0.0
2021-08-06 10:44:00-04:00,0.9134,0.9134,0.9133,0.9133,0,665,0.0
2021-08-06 10:45:00-04:00,0.9133,0.9136,0.9133,0.9136,0,695,0.0
2021-08-06 10:46:00-04:00,0.9136,0.9138,0.9136,0.9138,0,630,0.0
2021-08-06 10:47:00-04:00,0.9138,0.9139,0.9138,0.9139,0,677,0.0
2021-08-06 10:48:00-04:00,0.9139,0.9139,0.9138,0.9138,0,674,0.0
2021-08-06 10:49:00-04:00,0.9138,0.914,0.9138,0.914,0,773,0.0
2021-08-06 10:50:00-04:00,0.914,0.914,0.9139,0.914,0,833,0.0
2021-08-06 10:51:00-04:00,0.914,0.9141,0.9139,0.9139,0,705,0.0
2021-08-06 10:52:00-04:00,0.9139,0.9141,0.9139,0.9141,0,730,0.0
2021-08-06 10:53:00-04:00,0.9141,0.9144,0.9141,0.9143,0,752,0.0
2021-08-06 10:54:00-04:00,0.9143,0.9144,0.9143,0.9144,0,692,0.0
2021-08-06 10:55:00-04:00,0.9144,0.9148,0.9144,0.9147,0,800,0.0
2021-08-06 10:56:00-04:00,0.9147,0.9149,0.9147,0.9149,0,722,0.0
2021-08-06 10:57:00-04:00,0.9149,0.9149,0.9148,0.9149,0,756,0.0
2021-08-06 10:58:00-04:00,0.9149,0.915,0.9149,0.9149,0,810,0.0
2021-08-06 10:59:00-04:00,0.9149,0.9149,0.9146,0.9146,0,801,0.0
2021-08-06 11:00:00-04:00,0.9146,0.9147,0.9146,0.9147,0,716,0.0
2021-08-06 11:01:00-04:00,0.9147,0.9147,0.9146,0.9146,0,717,0.0
2021-08-06 11:02:00-04:00,0.9146,0.9146,0.9144,0.9144,0,751,0.0
2021-08-06 11:03:00-04:00,0.9144,0.9144,0.9142,0.9142,0,656,0.0
2021-08-06 11:04:00-04:00,0.9142,0.9142,0.9141,0.9142,0,641,0.0
2021-08-06 11:05:00-04:00,0.9142,0.9143,0.9142,0.9142,0,769,0.0
2021-08-06 11:06:00-04:00,0.9142,0.9143,0.9142,0.9142,0,656,0.0
2021-08-06 11:07:00-04:00,0.9142,0.9143,0.9141,0.9143,0,653,0.0
2021-08-06 11:08:00-04:00,0.9143,0.9143,0.9141,0.9141,0,690,0.0
2021-08-06 11:09:00-04:00,0.9141,0.9142,0.9141,0.9142,0,629,0.0
2021-08-06 11:10:00-04:00,0.9142,0.9143,0.9142,0.9143,0,661,0.0
2021-08-06 11:11:00-04:00,0.9143,0.9143,0.9142,0.9143,0,614,0.0
2021-08-06 11:12:00-04:00,0.9143,0.9143,0.9142,0.9142,0,657,0.0
2021-08-06 11:13:00-04:00,0.9142,0.9142,0.9142,0.9142,0,625,0.0
2021-08-06 11:14:00-04:00,0.9142,0.9143,0.9142,0.9143,0,639,0.0
2021-08-06 11:15:00-04:00,0.9143,0.9144,0.9143,0.9144,0,607,0.0
2021-08-06 11:16:00-04:00,0.9144,0.9144,0.9143,0.9144,0,594,0.0
2021-08-06 11:17:00-04:00,0.9144,0.9145,0.9144,0.9144,0,656,0.0
2021-08-06 11:18:00-04:00,0.9144,0.9145,0.9143,0.9143,0,610,0.0
2021-08-06 11:19:00-04:00,0.9143,0.9144,0.9143,0.9143,0,581,0.0
2021-08-06 11:20:00-04:00,0.9143,0.9144,0.9143,0.9143,0,669,0.0
2021-08-06 11:21:00-04:00,0.9143,0.9143,0.9141,0.9141,0,618,0.0
2021-08-06 11:22:00-04:00,0.9141,0.9141,0.914,0.914,0,582,0.0
2021-08-06 11:23:00-04:00,0.914,0.9141,0.9139,0.9141,0,625,0.0
2021-08-06 11:24:00-04:00,0.9141,0.9141,0.914,0.9141,0,605,0.0
2021-08-06 11:25:00-04:00,0.9141,0.9142,0.9139,0.9141,0,743,0.0
2021-08-06 11:26:00-04:00,0.9141,0.9142,0.9141,0.9142,0,623,0.0
2021-08-06 11:27:00-04:00,0.9142,0.9144,0.9142,0.9144,0,651,0.0
2021-08-06 11:28:00-04:00,0.9144,0.9144,0.9142,0.9142,0,628,0.0
2021-08-06 11:29:00-04:00,0.9142,0.9143,0.9141,0.9142,0,666,0.0
2021-08-06 11:30:00-04:00,0.9142,0.9143,0.9141,0.9141,0,674,0.0
2021-08-06 11:31:00-04:00,0.9141,0.9142,0.9141,0.9142,0,615,0.0
2021-08-06 11:32:00-04:00,0.9142,0.9142,0.9142,0.9142,0,610,0.0
2021-08-06 11:33:00-04:00,0.9142,0.9142,0.914,0.914,0,611,0.0
2021-08-06 11:34:00-04:00,0.914,0.9141,0.9139,0.914,0,718,0.0
2021-08-06 11:35:00-04:00,0.914,0.914,0.914,0.914,0,588,0.0
2021-08-06 11:36:00-04:00,0.914,0.914,0.9139,0.914,0,616,0.0
2021-08-06 11:37:00-04:00,0.914,0.914,0.9139,0.914,0,586,0.0
2021-08-06 11:38:00-04:00,0.914,0.914,0.914,0.914,0,639,0.0
2021-08-06 11:39:00-04:00,0.914,0.9141,0.914,0.914,0,599,0.0
2021-08-06 11:40:00-04:00,0.914,0.9142,0.914,0.9142,0,636,0.0
2021-08-06 11:41:00-04:00,0.9142,0.9142,0.9142,0.9142,0,643,0.0
2021-08-06 11:42:00-04:00,0.9142,0.9142,0.9141,0.9141,0,674,0.0
2021-08-06 11:43:00-04:00,0.9141,0.9141,0.914,0.9141,0,715,0.0
2021-08-06 11:44:00-04:00,0.9141,0.9141,0.9139,0.914,0,694,0.0
2021-08-06 11:45:00-04:00,0.914,0.9141,0.914,0.9141,0,611,0.0
2021-08-06 11:46:00-04:00,0.9141,0.9141,0.9141,0.9141,0,601,0.0
2021-08-06 11:47:00-04:00,0.9141,0.9142,0.9141,0.9141,0,581,0.0
2021-08-06 11:48:00-04:00,0.9141,0.9141,0.9141,0.9141,0,545,0.0
2021-08-06 11:49:00-04:00,0.9141,0.9142,0.914,0.9141,0,631,0.0
2021-08-06 11:50:00-04:00,0.9141,0.9142,0.9141,0.9141,0,586,0.0
2021-08-06 11:51:00-04:00,0.9141,0.9142,0.914,0.9142,0,594,0.0
2021-08-06 11:52:00-04:00,0.9142,0.9143,0.9142,0.9143,0,652,0.0
2021-08-06 11:53:00-04:00,0.9143,0.9144,0.9143,0.9143,0,647,0.0
2021-08-06 11:54:00-04:00,0.9143,0.9143,0.9143,0.9143,0,564,0.0
2021-08-06 11:55:00-04:00,0.9143,0.9144,0.9142,0.9144,0,632,0.0
2021-08-06 11:56:00-04:00,0.9144,0.9144,0.9143,0.9143,0,611,0.0
2021-08-06 11:57:00-04:00,0.9143,0.9144,0.9143,0.9144,0,582,0.0
2021-08-06 11:58:00-04:00,0.9144,0.9144,0.9143,0.9143,0,548,0.0
2021-08-06 11:59:00-04:00,0.9143,0.9143,0.9143,0.9143,0,583,0.0
2021-08-06 12:00:00-04:00,0.9143,0.9143,0.9142,0.9143,0,610,0.0
2021-08-06 12:01:00-04:00,0.9143,0.9143,0.9143,0.9143,0,556,0.0
2021-08-06 12:02:00-04:00,0.9143,0.9143,0.9142,0.9143,0,596,0.0
2021-08-06 12:03:00-04:00,0.9143,0.9144,0.9143,0.9144,0,571,0.0
2021-08-06 12:04:00-04:00,0.9144,0.9144,0.9143,0.9143,0,666,0.0
2021-08-06 12:05:00-04:00,0.9143,0.9144,0.9143,0.9143,0,625,0.0
2021-08-06 12:06:00-04:00,0.9143,0.9144,0.9143,0.9144,0,583,0.0
2021-08-06 12:07:00-04:00,0.9144,0.9145,0.9144,0.9145,0,579,0.0
2021-08-06 12:08:00-04:00,0.9145,0.9146,0.9145,0.9146,0,581,0.0
2021-08-06 12:09:00-04:00,0.9146,0.9148,0.9146,0.9147,0,643,0.0
2021-08-06 12:10:00-04:00,0.9147,0.9147,0.9146,0.9147,0,563,0.0
2021-08-06 12:11:00-04:00,0.9147,0.9148,0.9147,0.9148,0,579,0.0
2021-08-06 12:12:00-04:00,0.9148,0.9148,0.9147,0.9147,0,573,0.0
2021-08-06 12:13:00-04:00,0.9147,0.9148,0.9147,0.9148,0,538,0.0
2021-08-06 12:14:00-04:00,0.9148,0.9148,0.9147,0.9147,0,560,0.0
2021-08-06 12:15:00-04:00,0.9147,0.9148,0.9147,0.9148,0,566,0.0
2021-08-06 12:16:00-04:00,0.9148,0.9149,0.9148,0.9149,0,610,0.0
2021-08-06 12:17:00-04:00,0.9149,0.915,0.9149,0.915,0,614,0.0
2021-08-06 12:18:00-04:00,0.915,0.915,0.9149,0.9149,0,543,0.0
2021-08-06 12:19:00-04:00,0.9149,0.915,0.9149,0.915,0,560,0.0
2021-08-06 12:20:00-04:00,0.915,0.9152,0.915,0.9152,0,635,0.0
2021-08-06 12:21:00-04:00,0.9152,0.9152,0.9152,0.9152,0,543,0.0
2021-08-06 12:22:00-04:00,0.9152,0.9155,0.9152,0.9154,0,734,0.0
2021-08-06 12:23:00-04:00,0.9154,0.9154,0.9153,0.9153,0,588,0.0
2021-08-06 12:24:00-04:00,0.9153,0.9154,0.9153,0.9154,0,570,0.0
2021-08-06 12:25:00-04:00,0.9154,0.9154,0.9154,0.9154,0,532,0.0
2021-08-06 12:26:00-04:00,0.9154,0.9154,0.9152,0.9153,0,606,0.0
2021-08-06 12:27:00-04:00,0.9153,0.9154,0.9153,0.9153,0,581,0.0
2021-08-06 12:28:00-04:00,0.9153,0.9153,0.9153,0.9153,0,573,0.0
2021-08-06 12:29:00-04:00,0.9153,0.9154,0.9153,0.9153,0,590,0.0
2021-08-06 12:30:00-04:00,0.9153,0.9153,0.9153,0.9153,0,616,0.0
2021-08-06 12:31:00-04:00,0.9153,0.9154,0.9153,0.9154,0,531,0.0
2021-08-06 12:32:00-04:00,0.9154,0.9154,0.9154,0.9154,0,601,0.0
2021-08-06 12:33:00-04:00,0.9154,0.9154,0.9153,0.9154,0,566,0.0
2021-08-06 12:34:00-04:00,0.9154,0.9154,0.9153,0.9154,0,530,0.0
2021-08-06 12:35:00-04:00,0.9154,0.9154,0.9153,0.9154,0,564,0.0
2021-08-06 12:36:00-04:00,0.9154,0.9154,0.9153,0.9153,0,551,0.0
2021-08-06 12:37:00-04:00,0.9153,0.9153,0.9153,0.9153,0,527,0.0
2021-08-06 12:38:00-04:00,0.9153,0.9153,0.9153,0.9153,0,540,0.0
2021-08-06 12:39:00-04:00,0.9153,0.9153,0.9153,0.9153,0,536,0.0
2021-08-06 12:40:00-04:00,0.9153,0.9155,0.9153,0.9155,0,610,0.0
2021-08-06 12:41:00-04:00,0.9155,0.9155,0.9154,0.9154,0,542,0.0
2021-08-06 12:42:00-04:00,0.9154,0.9154,0.9154,0.9154,0,500,0.0
2021-08-06 12:43:00-04:00,0.9154,0.9154,0.9153,0.9153,0,528,0.0
2021-08-06 12:44:00-04:00,0.9153,0.9153,0.9153,0.9153,0,530,0.0
2021-08-06 12:45:00-04:00,0.9153,0.9154,0.9153,0.9154,0,550,0.0
2021-08-06 12:46:00-04:00,0.9154,0.9154,0.9153,0.9154,0,543,0.0
2021-08-06 12:47:00-04:00,0.9154,0.9154,0.9153,0.9153,0,537,0.0
2021-08-06 12:48:00-04:00,0.9153,0.9154,0.9153,0.9154,0,524,0.0
2021-08-06 12:49:00-04:00,0.9154,0.9155,0.9154,0.9155,0,542,0.0
2021-08-06 12:50:00-04:00,0.9155,0.9156,0.9154,0.9155,0,584,0.0
2021-08-06 12:51:00-04:00,0.9155,0.9155,0.9155,0.9155,0,529,0.0
2021-08-06 12:52:00-04:00,0.9155,0.9155,0.9154,0.9155,0,582,0.0
2021-08-06 12:53:00-04:00,0.9155,0.9155,0.9155,0.9155,0,540,0.0
2021-08-06 12:54:00-04:00,0.9155,0.9155,0.9154,0.9155,0,588,0.0
2021-08-06 12:55:00-04:00,0.9155,0.9155,0.9155,0.9155,0,558,0.0
2021-08-06 12:56:00-04:00,0.9155,0.9156,0.9155,0.9156,0,593,0.0
2021-08-06 12:57:00-04:00,0.9156,0.9156,0.9156,0.9156,0,563,0.0
2021-08-06 12:58:00-04:00,0.9156,0.9156,0.9155,0.9155,0,623,0.0
2021-08-06 12:59:00-04:00,0.9155,0.9155,0.9155,0.9155,0,548,0.0
2021-08-06 13:00:00-04:00,0.9155,0.9155,0.9153,0.9154,0,585,0.0
2021-08-06 13:01:00-04:00,0.9154,0.9155,0.9154,0.9154,0,564,0.0
2021-08-06 13:02:00-04:00,0.9154,0.9154,0.9154,0.9154,0,509,0.0
2021-08-06 13:03:00-04:00,0.9154,0.9154,0.9153,0.9153,0,556,0.0
2021-08-06 13:04:00-04:00,0.9153,0.9153,0.9153,0.9153,0,530,0.0
2021-08-06 13:05:00-04:00,0.9153,0.9153,0.9153,0.9153,0,517,0.0
2021-08-06 13:06:00-04:00,0.9153,0.9153,0.9153,0.9153,0,531,0.0
2021-08-06 13:07:00-04:00,0.9153,0.9153,0.9153,0.9153,0,517,0.0
2021-08-06 13:08:00-04:00,0.9153,0.9153,0.9153,0.9153,0,544,0.0
2021-08-06 13:09:00-04:00,0.9153,0.9153,0.9153,0.9153,0,492,0.0
2021-08-06 13:10:00-04:00,0.9153,0.9153,0.9152,0.9152,0,558,0.0
2021-08-06 13:11:00-04:00,0.9152,0.9152,0.9152,0.9152,0,521,0.0
2021-08-06 13:12:00-04:00,0.9152,0.9153,0.9152,0.9152,0,564,0.0
2021-08-06 13:13:00-04:00,0.9152,0.9152,0.9152,0.9152,0,539,0.0
2021-08-06 13:14:00-04:00,0.9152,0.9152,0.9151,0.9151,0,604,0.0
2021-08-06 13:15:00-04:00,0.9151,0.9151,0.915,0.915,0,558,0.0
2021-08-06 13:16:00-04:00,0.915,0.915,0.915,0.915,0,504,0.0
2021-08-06 13:17:00-04:00,0.915,0.915,0.915,0.915,0,537,0.0
2021-08-06 13:18:00-04:00,0.915,0.915,0.9149,0.9149,0,569,0.0
2021-08-06 13:19:00-04:00,0.9149,0.9149,0.9148,0.9148,0,571,0.0
2021-08-06 13:20:00-04:00,0.9148,0.9149,0.9148,0.9148,0,579,0.0
2021-08-06 13:21:00-04:00,0.9148,0.9148,0.9148,0.9148,0,547,0.0
2021-08-06 13:22:00-04:00,0.9148,0.9149,0.9148,0.9149,0,538,0.0
2021-08-06 13:23:00-04:00,0.9149,0.915,0.9149,0.915,0,571,0.0
2021-08-06 13:24:00-04:00,0.915,0.9151,0.915,0.9151,0,570,0.0
2021-08-06 13:25:00-04:00,0.9151,0.9151,0.9149,0.9149,0,558,0.0
2021-08-06 13:26:00-04:00,0.9149,0.915,0.9149,0.915,0,550,0.0
2021-08-06 13:27:00-04:00,0.915,0.915,0.9149,0.9149,0,568,0.0
2021-08-06 13:28:00-04:00,0.9149,0.915,0.9149,0.915,0,528,0.0
2021-08-06 13:29:00-04:00,0.915,0.915,0.915,0.915,0,575,0.0
2021-08-06 13:30:00-04:00,0.915,0.915,0.915,0.915,0,527,0.0
2021-08-06 13:31:00-04:00,0.915,0.9151,0.915,0.915,0,557,0.0
2021-08-06 13:32:00-04:00,0.915,0.915,0.915,0.915,0,529,0.0
2021-08-06 13:33:00-04:00,0.915,0.915,0.915,0.915,0,548,0.0
2021-08-06 13:34:00-04:00,0.915,0.915,0.915,0.915,0,537,0.0
2021-08-06 13:35:00-04:00,0.915,0.915,0.9149,0.9149,0,585,0.0
2021-08-06 13:36:00-04:00,0.9149,0.9149,0.9148,0.9148,0,552,0.0
2021-08-06 13:37:00-04:00,0.9148,0.9148,0.9147,0.9148,0,570,0.0
2021-08-06 13:38:00-04:00,0.9148,0.9148,0.9147,0.9148,0,541,0.0
2021-08-06 13:39:00-04:00,0.9148,0.9148,0.9148,0.9148,0,545,0.0
2021-08-06 13:40:00-04:00,0.9148,0.9148,0.9148,0.9148,0,555,0.0
2021-08-06 13:41:00-04:00,0.9148,0.9148,0.9148,0.9148,0,560,0.0
2021-08-06 13:42:00-04:00,0.9148,0.9148,0.9147,0.9147,0,553,0.0
2021-08-06 13:43:00-04:00,0.9147,0.9147,0.9147,0.9147,0,531,0.0
2021-08-06 13:44:00-04:00,0.9147,0.9147,0.9147,0.9147,0,537,0.0
2021-08-06 13:45:00-04:00,0.9147,0.9148,0.9146,0.9148,0,555,0.0
2021-08-06 13:46:00-04:00,0.9148,0.9148,0.9147,0.9147,0,518,0.0
2021-08-06 13:47:00-04:00,0.9147,0.9148,0.9147,0.9147,0,525,0.0
2021-08-06 13:48:00-04:00,0.9147,0.9148,0.9147,0.9147,0,537,0.0
2021-08-06 13:49:00-04:00,0.9147,0.9148,0.9147,0.9147,0,532,0.0
2021-08-06 13:50:00-04:00,0.9147,0.9148,0.9147,0.9147,0,533,0.0
2021-08-06 13:51:00-04:00,0.9147,0.9148,0.9147,0.9148,0,546,0.0
2021-08-06 13:52:00-04:00,0.9148,0.9148,0.9148,0.9148,0,533,0.0
2021-08-06 13:53:00-04:00,0.9148,0.9148,0.9147,0.9148,0,569,0.0
2021-08-06 13:54:00-04:00,0.9148,0.9148,0.9148,0.9148,0,584,0.0
2021-08-06 13:55:00-04:00,0.9148,0.9149,0.9148,0.9148,0,545,0.0
2021-08-06 13:56:00-04:00,0.9148,0.9148,0.9147,0.9147,0,554,0.0
2021-08-06 13:57:00-04:00,0.9147,0.9148,0.9147,0.9148,0,546,0.0
2021-08-06 13:58:00-04:00,0.9148,0.9148,0.9147,0.9148,0,531,0.0
2021-08-06 13:59:00-04:00,0.9148,0.9148,0.9148,0.9148,0,545,0.0
2021-08-06 14:00:00-04:00,0.9148,0.9148,0.9147,0.9147,0,554,0.0
2021-08-06 14:01:00-04:00,0.9147,0.9148,0.9147,0.9147,0,561,0.0
2021-08-06 14:02:00-04:00,0.9147,0.9147,0.9146,0.9146,0,540,0.0
2021-08-06 14:03:00-04:00,0.9146,0.9147,0.9146,0.9146,0,521,0.0
2021-08-06 14:04:00-04:00,0.9146,0.9147,0.9145,0.9145,0,567,0.0
2021-08-06 14:05:00-04:00,0.9145,0.9146,0.9145,0.9145,0,563,0.0
2021-08-06 14:06:00-04:00,0.9145,0.9145,0.9145,0.9145,0,521,0.0
2021-08-06 14:07:00-04:00,0.9145,0.9145,0.9145,0.9145,0,527,0.0
2021-08-06 14:08:00-04:00,0.9145,0.9145,0.9145,0.9145,0,548,0.0
2021-08-06 14:09:00-04:00,0.9145,0.9145,0.9145,0.9145,0,524,0.0
2021-08-06 14:10:00-04:00,0.9145,0.9145,0.9145,0.9145,0,546,0.0
2021-08-06 14:11:00-04:00,0.9145,0.9146,0.9145,0.9145,0,536,0.0
2021-08-06 14:12:00-04:00,0.9145,0.9146,0.9145,0.9146,0,554,0.0
2021-08-06 14:13:00-04:00,0.9146,0.9146,0.9146,0.9146,0,522,0.0
2021-08-06 14:14:00-04:00,0.9146,0.9146,0.9145,0.9145,0,567,0.0
2021-08-06 14:15:00-04:00,0.9145,0.9145,0.9145,0.9145,0,519,0.0
2021-08-06 14:16:00-04:00,0.9145,0.9145,0.9145,0.9145,0,510,0.0
2021-08-06 14:17:00-04:00,0.9145,0.9145,0.9145,0.9145,0,503,0.0
2021-08-06 14:18:00-04:00,0.9145,0.9146,0.9145,0.9146,0,533,0.0
2021-08-06 14:19:00-04:00,0.9146,0.9146,0.9145,0.9146,0,515,0.0
2021-08-06 14:20:00-04:00,0.9146,0.9146,0.9146,0.9146,0,554,0.0
2021-08-06 14:21:00-04:00,0.9146,0.9147,0.9146,0.9146,0,552,0.0
2021-08-06 14:22:00-04:00,0.9146,0.9147,0.9146,0.9147,0,528,0.0
2021-08-06 14:23:00-04:00,0.9147,0.9147,0.9147,0.9147,0,587,0.0
2021-08-06 14:24:00-04:00,0.9147,0.9147,0.9146,0.9146,0,561,0.0
2021-08-06 14:25:00-04:00,0.9146,0.9147,0.9146,0.9146,0,546,0.0
2021-08-06 14:26:00-04:00,0.9146,0.9147,0.9146,0.9147,0,499,0.0
2021-08-06 14:27:00-04:00,0.9147,0.9147,0.9146,0.9147,0,532,0.0
2021-08-06 14:28:00-04:00,0.9147,0.9147,0.9147,0.9147,0,528,0.0
2021-08-06 14:29:00-04:00,0.9147,0.9147,0.9146,0.9147,0,562,0.0
2021-08-06 14:30:00-04:00,0.9147,0.9147,0.9146,0.9146,0,551,0.0
2021-08-06 14:31:00-04:00,0.9146,0.9146,0.9146,0.9146,0,540,0.0
2021-08-06 14:32:00-04:00,0.9146,0.9146,0.9146,0.9146,0,532,0.0
2021-08-06 14:33:00-04:00,0.9146,0.9147,0.9146,0.9146,0,563,0.0
2021-08-06 14:34:00-04:00,0.9146,0.9147,0.9146,0.9146,0,574,0.0
2021-08-06 14:35:00-04:00,0.9146,0.9146,0.9146,0.9146,0,538,0.0
2021-08-06 14:36:00-04:00,0.9146,0.9147,0.9146,0.9146,0,562,0.0
2021-08-06 14:37:00-04:00,0.9146,0.9147,0.9146,0.9147,0,528,0.0
2021-08-06 14:38:00-04:00,0.9147,0.9147,0.9146,0.9146,0,554,0.0
2021-08-06 14:39:00-04:00,0.9146,0.9146,0.9146,0.9146,0,548,0.0
2021-08-06 14:40:00-04:00,0.9146,0.9146,0.9146,0.9146,0,565,0.0
2021-08-06 14:41:00-04:00,0.9146,0.9146,0.9146,0.9146,0,537,0.0
2021-08-06 14:42:00-04:00,0.9146,0.9146,0.9146,0.9146,0,521,0.0
2021-08-06 14:43:00-04:00,0.9146,0.9146,0.9146,0.9146,0,511,0.0
2021-08-06 14:44:00-04:00,0.9146,0.9146,0.9146,0.9146,0,529,0.0
2021-08-06 14:45:00-04:00,0.9146,0.9146,0.9146,0.9146,0,537,0.0
2021-08-06 14:46:00-04:00,0.9146,0.9146,0.9146,0.9146,0,546,0.0
2021-08-06 14:47:00-04:00,0.9146,0.9147,0.9146,0.9147,0,595,0.0
2021-08-06 14:48:00-04:00,0.9147,0.9147,0.9146,0.9146,0,543,0.0
2021-08-06 14:49:00-04:00,0.9146,0.9147,0.9146,0.9147,0,550,0.0
2021-08-06 14:50:00-04:00,0.9147,0.9148,0.9147,0.9147,0,564,0.0
2021-08-06 14:51:00-04:00,0.9147,0.9147,0.9147,0.9147,0,545,0.0
2021-08-06 14:52:00-04:00,0.9147,0.9147,0.9147,0.9147,0,525,0.0
2021-08-06 14:53:00-04:00,0.9147,0.9147,0.9147,0.9147,0,543,0.0
2021-08-06 14:54:00-04:00,0.9147,0.9149,0.9147,0.9148,0,566,0.0
2021-08-06 14:55:00-04:00,0.9148,0.9149,0.9148,0.9148,0,609,0.0
2021-08-06 14:56:00-04:00,0.9148,0.9149,0.9148,0.9148,0,585,0.0
2021-08-06 14:57:00-04:00,0.9148,0.9148,0.9148,0.9148,0,564,0.0
2021-08-06 14:58:00-04:00,0.9148,0.9149,0.9148,0.9149,0,589,0.0
2021-08-06 14:59:00-04:00,0.9149,0.9152,0.9149,0.9152,0,760,0.0
2021-08-06 15:00:00-04:00,0.9152,0.9152,0.9151,0.9151,0,593,0.0
2021-08-06 15:01:00-04:00,0.9151,0.9151,0.9151,0.9151,0,508,0.0
2021-08-06 15:02:00-04:00,0.9151,0.9151,0.915,0.915,0,574,0.0
2021-08-06 15:03:00-04:00,0.915,0.915,0.915,0.915,0,510,0.0
2021-08-06 15:04:00-04:00,0.915,0.915,0.915,0.915,0,548,0.0
2021-08-06 15:05:00-04:00,0.915,0.915,0.915,0.915,0,556,0.0
2021-08-06 15:06:00-04:00,0.915,0.915,0.9149,0.9149,0,591,0.0
2021-08-06 15:07:00-04:00,0.9149,0.9149,0.9149,0.9149,0,559,0.0
2021-08-06 15:08:00-04:00,0.9149,0.9149,0.9149,0.9149,0,535,0.0
2021-08-06 15:09:00-04:00,0.9149,0.9149,0.9149,0.9149,0,544,0.0
2021-08-06 15:10:00-04:00,0.9149,0.9149,0.9149,0.9149,0,523,0.0
2021-08-06 15:11:00-04:00,0.9149,0.9149,0.9149,0.9149,0,542,0.0
2021-08-06 15:12:00-04:00,0.9149,0.9149,0.9149,0.9149,0,513,0.0
2021-08-06 15:13:00-04:00,0.9149,0.9149,0.9148,0.9148,0,560,0.0
2021-08-06 15:14:00-04:00,0.9148,0.9149,0.9148,0.9149,0,552,0.0
2021-08-06 15:15:00-04:00,0.9149,0.9149,0.9149,0.9149,0,511,0.0
2021-08-06 15:16:00-04:00,0.9149,0.9149,0.9148,0.9148,0,545,0.0
2021-08-06 15:17:00-04:00,0.9148,0.9149,0.9148,0.9149,0,513,0.0
2021-08-06 15:18:00-04:00,0.9149,0.9149,0.9148,0.9148,0,534,0.0
2021-08-06 15:19:00-04:00,0.9148,0.9148,0.9148,0.9148,0,503,0.0
2021-08-06 15:20:00-04:00,0.9148,0.9148,0.9148,0.9148,0,536,0.0
2021-08-06 15:21:00-04:00,0.9148,0.9148,0.9147,0.9147,0,512,0.0
2021-08-06 15:22:00-04:00,0.9147,0.9148,0.9147,0.9148,0,561,0.0
2021-08-06 15:23:00-04:00,0.9148,0.9148,0.9147,0.9148,0,524,0.0
2021-08-06 15:24:00-04:00,0.9148,0.9148,0.9147,0.9147,0,516,0.0
2021-08-06 15:25:00-04:00,0.9147,0.9148,0.9147,0.9148,0,502,0.0
2021-08-06 15:26:00-04:00,0.9148,0.9148,0.9148,0.9148,0,539,0.0
2021-08-06 15:27:00-04:00,0.9148,0.9148,0.9147,0.9147,0,529,0.0
2021-08-06 15:28:00-04:00,0.9147,0.9148,0.9147,0.9147,0,519,0.0
2021-08-06 15:29:00-04:00,0.9147,0.9147,0.9147,0.9147,0,509,0.0
2021-08-06 15:30:00-04:00,0.9147,0.9148,0.9147,0.9147,0,532,0.0
2021-08-06 15:31:00-04:00,0.9147,0.9147,0.9147,0.9147,0,504,0.0
2021-08-06 15:32:00-04:00,0.9147,0.9148,0.9147,0.9148,0,553,0.0
2021-08-06 15:33:00-04:00,0.9148,0.9148,0.9147,0.9147,0,517,0.0
2021-08-06 15:34:00-04:00,0.9147,0.9148,0.9147,0.9148,0,532,0.0
2021-08-06 15:35:00-04:00,0.9148,0.9148,0.9148,0.9148,0,547,0.0
2021-08-06 15:36:00-04:00,0.9148,0.9149,0.9148,0.9148,0,535,0.0
2021-08-06 15:37:00-04:00,0.9148,0.9149,0.9148,0.9148,0,513,0.0
2021-08-06 15:38:00-04:00,0.9148,0.9148,0.9148,0.9148,0,514,0.0
2021-08-06 15:39:00-04:00,0.9148,0.9148,0.9148,0.9148,0,509,0.0
2021-08-06 15:40:00-04:00,0.9148,0.9148,0.9148,0.9148,0,511,0.0
2021-08-06 15:41:00-04:00,0.9148,0.9149,0.9148,0.9149,0,533,0.0
2021-08-06 15:42:00-04:00,0.9149,0.9149,0.9149,0.9149,0,503,0.0
2021-08-06 15:43:00-04:00,0.9149,0.9149,0.9149,0.9149,0,534,0.0
2021-08-06 15:44:00-04:00,0.9149,0.915,0.9149,0.915,0,564,0.0
2021-08-06 15:45:00-04:00,0.915,0.9151,0.915,0.9151,0,544,0.0
2021-08-06 15:46:00-04:00,0.9151,0.9151,0.915,0.9151,0,533,0.0
2021-08-06 15:47:00-04:00,0.9151,0.9151,0.9151,0.9151,0,506,0.0
2021-08-06 15:48:00-04:00,0.9151,0.9151,0.915,0.915,0,509,0.0
2021-08-06 15:49:00-04:00,0.915,0.9151,0.915,0.9151,0,542,0.0
2021-08-06 15:50:00-04:00,0.9151,0.9151,0.9151,0.9151,0,520,0.0
2021-08-06 15:51:00-04:00,0.9151,0.9151,0.915,0.915,0,512,0.0
2021-08-06 15:52:00-04:00,0.915,0.9151,0.915,0.915,0,546,0.0
2021-08-06 15:53:00-04:00,0.915,0.915,0.915,0.915,0,514,0.0
2021-08-06 15:54:00-04:00,0.915,0.915,0.9149,0.9149,0,547,0.0
2021-08-06 15:55:00-04:00,0.9149,0.915,0.9149,0.9149,0,531,0.0
2021-08-06 15:56:00-04:00,0.9149,0.9151,0.9149,0.9151,0,566,0.0
2021-08-06 15:57:00-04:00,0.9151,0.9151,0.915,0.915,0,579,0.0
2021-08-06 15:58:00-04:00,0.915,0.915,0.915,0.915,0,543,0.0
2021-08-06 15:59:00-04:00,0.915,0.915,0.9149,0.9149,0,566,0.0
2021-08-06 16:00:00-04:00,0.9149,0.915,0.9149,0.915,0,557,0.0
2021-08-06 16:01:00-04:00,0.915,0.915,0.915,0.915,0,547,0.0
2021-08-06 16:02:00-04:00,0.915,0.915,0.9149,0.915,0,539,0.0
2021-08-06 16:03:00-04:00,0.915,0.915,0.915,0.915,0,524,0.0
2021-08-06 16:04:00-04:00,0.915,0.915,0.915,0.915,0,520,0.0
2021-08-06 16:05:00-04:00,0.915,0.9151,0.915,0.9151,0,534,0.0
2021-08-06 16:06:00-04:00,0.9151,0.9151,0.9151,0.9151,0,512,0.0
2021-08-06 16:07:00-04:00,0.9151,0.9152,0.9151,0.9152,0,538,0.0
2021-08-06 16:08:00-04:00,0.9152,0.9152,0.9151,0.9152,0,507,0.0
2021-08-06 16:09:00-04:00,0.9152,0.9152,0.9151,0.9152,0,501,0.0
2021-08-06 16:10:00-04:00,0.9152,0.9152,0.9151,0.9151,0,519,0.0
2021-08-06 16:11:00-04:00,0.9151,0.9151,0.9151,0.9151,0,508,0.0
2021-08-06 16:12:00-04:00,0.9151,0.9151,0.9151,0.9151,0,531,0.0
2021-08-06 16:13:00-04:00,0.9151,0.9152,0.9151,0.9151,0,546,0.0
2021-08-06 16:14:00-04:00,0.9151,0.9151,0.9151,0.9151,0,497,0.0
2021-08-06 16:15:00-04:00,0.9151,0.9151,0.9151,0.9151,0,504,0.0
2021-08-06 16:16:00-04:00,0.9151,0.9151,0.9151,0.9151,0,498,0.0
2021-08-06 16:17:00-04:00,0.9151,0.9152,0.9151,0.9151,0,534,0.0
2021-08-06 16:18:00-04:00,0.9151,0.9151,0.9151,0.9151,0,500,0.0
2021-08-06 16:19:00-04:00,0.9151,0.9151,0.9151,0.9151,0,498,0.0
2021-08-06 16:20:00-04:00,0.9151,0.9151,0.9151,0.9151,0,513,0.0
2021-08-06 16:21:00-04:00,0.9151,0.9151,0.9151,0.9151,0,500,0.0
2021-08-06 16:22:00-04:00,0.9151,0.9151,0.9151,0.9151,0,496,0.0
2021-08-06 16:23:00-04:00,0.9151,0.9151,0.9151,0.9151,0,500,0.0
2021-08-06 16:24:00-04:00,0.9151,0.9151,0.9151,0.9151,0,489,0.0
2021-08-06 16:25:00-04:00,0.9151,0.9151,0.9151,0.9151,0,483,0.0
2021-08-06 16:26:00-04:00,0.9151,0.9151,0.9151,0.9151,0,501,0.0
2021-08-06 16:27:00-04:00,0.9151,0.9151,0.9151,0.9151,0,506,0.0
2021-08-06 16:28:00-04:00,0.9151,0.9152,0.9151,0.9152,0,527,0.0
2021-08-06 16:29:00-04:00,0.9152,0.9153,0.9152,0.9153,0,633,0.0
2021-08-06 16:30:00-04:00,0.9153,0.9153,0.9153,0.9153,0,474,0.0
2021-08-06 16:31:00-04:00,0.9153,0.9153,0.9153,0.9153,0,446,0.0
2021-08-06 16:32:00-04:00,0.9153,0.9153,0.9152,0.9152,0,508,0.0
2021-08-06 16:33:00-04:00,0.9152,0.9152,0.9152,0.9152,0,465,0.0
2021-08-06 16:34:00-04:00,0.9152,0.9152,0.9151,0.9151,0,477,0.0
2021-08-06 16:35:00-04:00,0.9151,0.9151,0.9151,0.9151,0,423,0.0
2021-08-06 16:36:00-04:00,0.9151,0.9151,0.9151,0.9151,0,424,0.0
2021-08-06 16:37:00-04:00,0.9151,0.9151,0.9149,0.915,0,518,0.0
2021-08-06 16:38:00-04:00,0.915,0.915,0.915,0.915,0,443,0.0
2021-08-06 16:39:00-04:00,0.915,0.915,0.915,0.915,0,466,0.0
2021-08-06 16:40:00-04:00,0.915,0.915,0.915,0.915,0,503,0.0
2021-08-06 16:41:00-04:00,0.915,0.915,0.915,0.915,0,465,0.0
2021-08-06 16:42:00-04:00,0.915,0.9151,0.915,0.915,0,488,0.0
2021-08-06 16:43:00-04:00,0.915,0.915,0.915,0.915,0,465,0.0
2021-08-06 16:44:00-04:00,0.915,0.9151,0.915,0.915,0,494,0.0
2021-08-06 16:45:00-04:00,0.915,0.915,0.915,0.915,0,485,0.0
2021-08-06 16:46:00-04:00,0.915,0.9151,0.915,0.9151,0,511,0.0
2021-08-06 16:47:00-04:00,0.9151,0.9151,0.915,0.915,0,466,0.0
2021-08-06 16:48:00-04:00,0.915,0.9151,0.915,0.9151,0,463,0.0
2021-08-06 16:49:00-04:00,0.9151,0.9151,0.9151,0.9151,0,475,0.0
2021-08-06 16:50:00-04:00,0.9151,0.9151,0.9151,0.9151,0,485,0.0
2021-08-06 16:51:00-04:00,0.9151,0.9151,0.9151,0.9151,0,432,0.0
2021-08-06 16:52:00-04:00,0.9151,0.9151,0.9151,0.9151,0,469,0.0
2021-08-06 16:53:00-04:00,0.9151,0.9152,0.9151,0.9152,0,490,0.0
2021-08-06 16:54:00-04:00,0.9152,0.9152,0.9151,0.9151,0,572,0.0
2021-08-06 16:55:00-04:00,0.9151,0.9151,0.915,0.915,0,535,0.0
2021-08-06 16:56:00-04:00,0.915,0.9151,0.915,0.9151,0,535,0.0
2021-08-06 16:57:00-04:00,0.9151,0.9151,0.9151,0.9151,0,411,0.0
2021-08-06 16:58:00-04:00,0.9151,0.9151,0.915,0.915,0,494,0.0
2021-08-06 16:59:00-04:00,0.915,0.9151,0.9147,0.9148,0,523,0.0
