,date,PX_BID,PX_MID,PX_ASK,PX_DIRTY_BID,PX_DIRTY_MID,PX_DIRTY_ASK,PX_LAST,YLD_YTM_BID,YLD_YTM_MID,YLD_YTM_ASK
0,2016-05-17,99.686,99.737,99.788,99.693,99.744,99.795,99.737,2.484,2.467,2.449
1,2016-05-18,99.568,99.619,99.67,99.594,99.645,99.696,99.619,2.526,2.508,2.49
2,2016-05-19,99.425,99.476,99.526,99.458,99.509,99.559,99.476,2.576,2.558,2.541
3,2016-05-20,99.43,99.481,99.532,99.47,99.521,99.572,99.481,2.575,2.557,2.539
4,2016-05-23,99.433,99.488,99.542,99.479,99.534,99.588,99.488,2.574,2.5540000000000003,2.535
5,2016-05-24,99.39,99.448,99.506,99.443,99.501,99.559,99.448,2.589,2.569,2.548
6,2016-05-25,99.398,99.457,99.515,99.471,99.53,99.588,99.457,2.5869999999999997,2.566,2.545
7,2016-05-26,99.421,99.48,99.538,99.5,99.559,99.617,99.48,2.5789999999999997,2.558,2.537
8,2016-05-27,99.478,99.537,99.596,99.564,99.623,99.682,99.537,2.559,2.5380000000000003,2.517
9,2016-05-30,99.347,99.407,99.466,99.433,99.493,99.552,99.407,2.605,2.584,2.5629999999999997
10,2016-05-31,99.389,99.448,99.507,99.481,99.54,99.599,99.448,2.59,2.57,2.549
11,2016-06-01,99.467,99.528,99.588,99.579,99.64,99.7,99.528,2.5629999999999997,2.542,2.52
12,2016-06-02,99.388,99.449,99.51,99.507,99.568,99.629,99.449,2.592,2.57,2.548
13,2016-06-03,99.434,99.477,99.52,99.559,99.602,99.645,99.477,2.575,2.56,2.545
14,2016-06-06,99.633,99.709,99.785,99.765,99.841,99.917,99.709,2.505,2.4779999999999998,2.451
15,2016-06-07,99.63,99.685,99.741,99.769,99.824,99.88,99.685,2.5060000000000002,2.4859999999999998,2.467
16,2016-06-08,99.663,99.718,99.773,99.821,99.876,99.931,99.718,2.495,2.475,2.455
17,2016-06-09,99.704,99.76,99.815,99.869,99.925,99.98,99.76,2.48,2.46,2.44
18,2016-06-10,99.715,99.792,99.868,99.887,99.964,100.04,99.792,2.476,2.449,2.422
19,2016-06-13,99.817,99.88,99.942,99.995,100.058,100.12,99.88,2.44,2.417,2.395
20,2016-06-14,99.916,99.969,100.021,100.101,100.154,100.206,99.969,2.4050000000000002,2.386,2.367
21,2016-06-15,99.727,99.808,99.889,99.932,100.013,100.094,99.808,2.472,2.443,2.414
22,2016-06-16,99.777,99.901,100.024,99.988,100.112,100.235,99.901,2.454,2.41,2.366
23,2016-06-17,99.725,99.833,99.94,99.943,100.051,100.158,99.833,2.473,2.434,2.396
24,2016-06-20,99.687,99.801,99.915,99.911,100.025,100.139,99.801,2.487,2.446,2.4050000000000002
25,2016-06-21,99.638,99.758,99.877,99.869,99.989,100.108,99.758,2.505,2.461,2.419
26,2016-06-22,99.632,99.751,99.87,99.883,100.002,100.121,99.751,2.507,2.464,2.421
27,2016-06-23,99.657,99.753,99.849,99.914,100.01,100.106,99.753,2.498,2.464,2.429
28,2016-06-24,99.92,100.039,100.157,100.184,100.303,100.421,100.039,2.403,2.3609999999999998,2.318
29,2016-06-27,99.989,100.09,100.191,100.259,100.36,100.461,100.09,2.379,2.342,2.306
30,2016-06-28,99.833,99.933,100.032,100.11,100.21,100.309,99.933,2.435,2.399,2.363
31,2016-06-29,99.907,100.003,100.099,100.21,100.306,100.402,100.003,2.408,2.373,2.339
32,2016-06-30,99.985,100.08,100.174,100.295,100.39,100.484,100.08,2.38,2.346,2.312
33,2016-07-01,100.148,100.255,100.361,100.465,100.572,100.678,100.255,2.321,2.282,2.2439999999999998
34,2016-07-04,100.071,100.179,100.287,100.388,100.496,100.604,100.179,2.349,2.31,2.271
35,2016-07-05,100.182,100.291,100.4,100.505,100.614,100.723,100.291,2.308,2.269,2.23
36,2016-07-06,100.29,100.371,100.452,100.633,100.714,100.795,100.371,2.269,2.24,2.21
37,2016-07-07,100.172,100.261,100.349,100.522,100.611,100.699,100.261,2.312,2.279,2.248
38,2016-07-08,100.125,100.214,100.303,100.481,100.57,100.659,100.214,2.329,2.296,2.2640000000000002
39,2016-07-11,100.057,100.147,100.237,100.42,100.51,100.6,100.147,2.354,2.321,2.288
40,2016-07-12,100.0,100.09,100.179,100.369,100.459,100.548,100.09,2.374,2.342,2.309
41,2016-07-13,99.942,100.04,100.138,100.331,100.429,100.527,100.04,2.396,2.36,2.324
42,2016-07-14,99.941,100.04,100.138,100.337,100.436,100.534,100.04,2.396,2.36,2.324
43,2016-07-15,99.967,100.066,100.164,100.369,100.468,100.566,100.066,2.387,2.35,2.314
44,2016-07-18,100.008,100.111,100.213,100.417,100.52,100.622,100.111,2.371,2.334,2.296
45,2016-07-19,100.034,100.132,100.23,100.45,100.548,100.646,100.132,2.362,2.326,2.29
46,2016-07-20,99.965,100.067,100.168,100.4,100.502,100.603,100.067,2.387,2.35,2.312
47,2016-07-21,99.97,100.072,100.173,100.412,100.514,100.615,100.072,2.385,2.348,2.311
48,2016-07-22,100.002,100.102,100.203,100.451,100.551,100.652,100.102,2.374,2.337,2.299
49,2016-07-25,100.007,100.095,100.183,100.462,100.55,100.638,100.095,2.372,2.339,2.307
50,2016-07-26,99.987,100.092,100.196,100.449,100.554,100.658,100.092,2.379,2.34,2.302
51,2016-07-27,99.969,100.075,100.18,100.444,100.55,100.655,100.075,2.386,2.347,2.308
52,2016-07-28,100.046,100.153,100.259,100.528,100.635,100.741,100.153,2.357,2.318,2.278
53,2016-07-29,100.068,100.171,100.274,100.556,100.659,100.762,100.171,2.349,2.311,2.273
54,2016-08-01,100.238,100.332,100.425,100.733,100.827,100.92,100.332,2.286,2.251,2.217
55,2016-08-02,100.15,100.253,100.356,100.651,100.754,100.857,100.253,2.319,2.2800000000000002,2.242
56,2016-08-03,100.233,100.33,100.427,100.754,100.851,100.948,100.33,2.287,2.251,2.215
57,2016-08-04,100.288,100.385,100.482,100.816,100.913,101.01,100.385,2.267,2.231,2.195
58,2016-08-05,100.409,100.497,100.585,100.943,101.031,101.119,100.497,2.222,2.189,2.156
59,2016-08-08,100.28,100.369,100.458,100.821,100.91,100.999,100.369,2.27,2.2359999999999998,2.203
60,2016-08-09,100.358,100.443,100.527,100.906,100.991,101.075,100.443,2.24,2.209,2.177
61,2016-08-10,100.444,100.533,100.622,101.011,101.1,101.189,100.533,2.208,2.174,2.141
62,2016-08-11,100.481,100.57,100.659,101.055,101.144,101.233,100.57,2.194,2.16,2.127
63,2016-08-12,100.436,100.525,100.614,101.017,101.106,101.195,100.525,2.21,2.177,2.144
64,2016-08-15,100.62,100.708,100.796,101.207,101.295,101.383,100.708,2.141,2.108,2.075
65,2016-08-16,100.599,100.712,100.825,101.193,101.306,101.419,100.712,2.149,2.107,2.064
66,2016-08-17,100.476,100.588,100.7,101.09,101.202,101.314,100.588,2.195,2.152,2.11
67,2016-08-18,100.609,100.721,100.834,101.229,101.341,101.454,100.721,2.144,2.102,2.06
68,2016-08-19,100.672,100.789,100.905,101.299,101.416,101.532,100.789,2.12,2.076,2.033
69,2016-08-22,100.583,100.681,100.778,101.216,101.314,101.411,100.681,2.154,2.117,2.08
70,2016-08-23,100.592,100.69,100.787,101.232,101.33,101.427,100.69,2.15,2.113,2.076
71,2016-08-24,100.613,100.717,100.821,101.273,101.377,101.481,100.717,2.141,2.102,2.063
72,2016-08-25,100.587,100.71,100.833,101.253,101.376,101.499,100.71,2.151,2.104,2.058
73,2016-08-26,100.514,100.639,100.764,101.18,101.305,101.43,100.639,2.179,2.1310000000000002,2.084
74,2016-08-29,100.384,100.51,100.635,101.057,101.183,101.308,100.51,2.228,2.18,2.133
75,2016-08-30,100.46,100.576,100.691,101.14,101.256,101.371,100.576,2.199,2.155,2.111
76,2016-08-31,100.49,100.607,100.725,101.196,101.313,101.431,100.607,2.187,2.142,2.097
77,2016-09-01,100.558,100.678,100.797,101.271,101.391,101.51,100.678,2.161,2.115,2.069
78,2016-09-02,100.596,100.711,100.826,101.315,101.43,101.545,100.711,2.146,2.102,2.058
79,2016-09-05,100.619,100.743,100.867,101.338,101.462,101.586,100.743,2.137,2.09,2.042
80,2016-09-06,100.616,100.733,100.85,101.342,101.459,101.576,100.733,2.138,2.093,2.049
81,2016-09-07,100.76,100.877,100.993,101.505,101.622,101.738,100.877,2.082,2.037,1.9929999999999999
82,2016-09-08,100.765,100.883,101.001,101.517,101.635,101.753,100.883,2.08,2.035,1.99
83,2016-09-09,100.658,100.775,100.891,101.417,101.534,101.65,100.775,2.121,2.076,2.031
84,2016-09-12,100.574,100.69,100.806,101.339,101.455,101.571,100.69,2.153,2.108,2.064
85,2016-09-13,100.658,100.776,100.893,101.43,101.548,101.665,100.776,2.12,2.075,2.03
86,2016-09-14,100.533,100.648,100.762,101.325,101.44,101.554,100.648,2.168,2.123,2.079
87,2016-09-15,100.624,100.744,100.863,101.422,101.542,101.661,100.744,2.132,2.086,2.04
88,2016-09-16,100.678,100.794,100.91,101.483,101.599,101.715,100.794,2.111,2.066,2.022
89,2016-09-19,100.579,100.701,100.822,101.39,101.512,101.633,100.701,2.149,2.102,2.055
90,2016-09-20,100.554,100.672,100.789,101.372,101.49,101.607,100.672,2.159,2.113,2.068
91,2016-09-21,100.546,100.663,100.78,101.384,101.501,101.618,100.663,2.161,2.116,2.07
92,2016-09-22,100.61,100.727,100.844,101.454,101.571,101.688,100.727,2.136,2.09,2.045
93,2016-09-23,100.617,100.732,100.847,101.468,101.583,101.698,100.732,2.133,2.088,2.044
94,2016-09-26,100.667,100.778,100.888,101.525,101.636,101.746,100.778,2.113,2.07,2.027
95,2016-09-27,100.616,100.731,100.845,101.48,101.595,101.709,100.731,2.133,2.088,2.044
96,2016-09-28,100.607,100.723,100.839,101.491,101.607,101.723,100.723,2.136,2.09,2.045
97,2016-09-29,100.58,100.689,100.797,101.471,101.58,101.688,100.689,2.146,2.103,2.061
98,2016-09-30,100.653,100.765,100.876,101.55,101.662,101.773,100.765,2.117,2.073,2.03
99,2016-10-03,100.512,100.621,100.729,101.416,101.525,101.633,100.621,2.172,2.13,2.087
100,2016-10-04,100.469,100.582,100.694,101.379,101.492,101.604,100.582,2.189,2.145,2.101
101,2016-10-05,100.427,100.537,100.647,101.364,101.474,101.584,100.537,2.205,2.162,2.118
102,2016-10-06,100.38,100.49,100.6,101.323,101.433,101.543,100.49,2.224,2.18,2.136
103,2016-10-07,100.334,100.446,100.558,101.284,101.396,101.508,100.446,2.242,2.197,2.153
104,2016-10-10,100.372,100.499,100.625,101.322,101.449,101.575,100.499,2.227,2.176,2.126
105,2016-10-11,100.327,100.437,100.546,101.284,101.394,101.503,100.437,2.2439999999999998,2.201,2.157
106,2016-10-12,100.286,100.396,100.505,101.262,101.372,101.481,100.396,2.26,2.216,2.173
107,2016-10-13,100.355,100.467,100.579,101.338,101.45,101.562,100.467,2.233,2.188,2.143
108,2016-10-14,100.333,100.445,100.557,101.323,101.435,101.547,100.445,2.241,2.197,2.152
109,2016-10-17,100.388,100.495,100.601,101.384,101.491,101.597,100.495,2.219,2.176,2.134
110,2016-10-18,100.42,100.527,100.633,101.423,101.53,101.636,100.527,2.206,2.163,2.121
111,2016-10-19,100.458,100.566,100.674,101.481,101.589,101.697,100.566,2.19,2.147,2.104
112,2016-10-20,100.453,100.557,100.661,101.482,101.586,101.69,100.557,2.192,2.15,2.109
113,2016-10-21,100.405,100.508,100.61,101.441,101.544,101.646,100.508,2.211,2.17,2.129
114,2016-10-24,100.396,100.502,100.608,101.438,101.544,101.65,100.502,2.215,2.172,2.13
115,2016-10-25,100.337,100.445,100.553,101.386,101.494,101.602,100.445,2.238,2.195,2.151
116,2016-10-26,100.301,100.41,100.518,101.363,101.472,101.58,100.41,2.253,2.209,2.165
117,2016-10-27,100.259,100.365,100.471,101.328,101.434,101.54,100.365,2.27,2.227,2.184
118,2016-10-28,100.246,100.349,100.451,101.321,101.424,101.526,100.349,2.275,2.233,2.192
119,2016-10-31,100.318,100.429,100.541,101.4,101.511,101.623,100.429,2.245,2.2,2.155
120,2016-11-01,100.322,100.421,100.519,101.411,101.51,101.608,100.421,2.2439999999999998,2.204,2.164
121,2016-11-02,100.392,100.493,100.593,101.5,101.601,101.701,100.493,2.215,2.174,2.133
122,2016-11-03,100.417,100.521,100.625,101.532,101.636,101.74,100.521,2.205,2.162,2.12
123,2016-11-04,100.434,100.535,100.636,101.556,101.657,101.758,100.535,2.197,2.156,2.115
124,2016-11-07,100.393,100.493,100.592,101.521,101.621,101.72,100.493,2.214,2.173,2.133
125,2016-11-08,100.39,100.489,100.589,101.545,101.644,101.744,100.489,2.215,2.174,2.133
126,2016-11-09,100.329,100.434,100.538,101.49,101.595,101.699,100.434,2.239,2.196,2.154
127,2016-11-10,100.144,100.249,100.354,101.312,101.417,101.522,100.249,2.316,2.2720000000000002,2.229
128,2016-11-11,100.101,100.2,100.298,101.269,101.368,101.466,100.2,2.333,2.292,2.252
129,2016-11-14,99.921,100.028,100.134,101.095,101.202,101.308,100.028,2.408,2.363,2.32
130,2016-11-15,99.908,100.01,100.111,101.089,101.191,101.292,100.01,2.413,2.371,2.329
131,2016-11-16,99.805,99.912,100.018,99.818,99.925,100.031,99.912,2.456,2.412,2.367
132,2016-11-17,99.79,99.897,100.004,99.81,99.917,100.024,99.897,2.462,2.418,2.373
133,2016-11-18,99.698,99.803,99.908,99.724,99.829,99.934,99.803,2.501,2.457,2.413
134,2016-11-21,99.642,99.749,99.855,99.682,99.789,99.895,99.749,2.525,2.48,2.435
135,2016-11-22,99.571,99.681,99.791,99.63,99.74,99.85,99.681,2.555,2.509,2.462
136,2016-11-23,99.552,99.667,99.782,99.618,99.733,99.848,99.667,2.5629999999999997,2.515,2.466
137,2016-11-25,99.425,99.536,99.646,99.498,99.609,99.719,99.536,2.617,2.57,2.524
138,2016-11-28,99.48,99.59,99.699,99.559,99.669,99.778,99.59,2.594,2.547,2.501
139,2016-11-29,99.518,99.622,99.726,99.604,99.708,99.812,99.622,2.578,2.534,2.49
140,2016-11-30,99.504,99.61,99.716,99.61,99.716,99.822,99.61,2.585,2.54,2.495
141,2016-12-01,99.473,99.579,99.685,99.585,99.691,99.797,99.579,2.598,2.553,2.508
142,2016-12-02,99.47,99.576,99.682,99.589,99.695,99.801,99.576,2.599,2.5540000000000003,2.509
143,2016-12-05,99.504,99.611,99.717,99.629,99.736,99.842,99.611,2.585,2.54,2.495
144,2016-12-06,99.507,99.614,99.721,99.639,99.746,99.853,99.614,2.584,2.539,2.493
145,2016-12-07,99.543,99.648,99.753,99.695,99.8,99.905,99.648,2.569,2.525,2.48
146,2016-12-08,99.545,99.651,99.756,99.703,99.809,99.914,99.651,2.569,2.523,2.479
147,2016-12-09,99.51,99.615,99.72,99.675,99.78,99.885,99.615,2.584,2.539,2.4939999999999998
148,2016-12-12,99.45,99.557,99.663,99.622,99.729,99.835,99.557,2.61,2.564,2.519
149,2016-12-13,99.467,99.573,99.679,99.645,99.751,99.857,99.573,2.6029999999999998,2.557,2.512
150,2016-12-14,99.409,99.513,99.617,99.607,99.711,99.815,99.513,2.629,2.584,2.539
151,2016-12-15,99.129,99.234,99.339,99.334,99.439,99.544,99.234,2.75,2.7039999999999997,2.659
152,2016-12-16,99.183,99.287,99.39,99.394,99.498,99.601,99.287,2.727,2.682,2.637
153,2016-12-19,99.244,99.347,99.45,99.462,99.565,99.668,99.347,2.701,2.656,2.612
154,2016-12-20,99.247,99.351,99.455,99.471,99.575,99.679,99.351,2.7,2.6550000000000002,2.61
155,2016-12-21,99.304,99.407,99.509,99.555,99.658,99.76,99.407,2.676,2.632,2.5869999999999997
156,2016-12-22,99.342,99.446,99.55,99.599,99.703,99.807,99.446,2.66,2.615,2.57
157,2016-12-23,99.332,99.439,99.546,99.596,99.703,99.81,99.439,2.665,2.618,2.572
158,2016-12-27,99.285,99.395,99.505,99.555,99.665,99.775,99.395,2.686,2.638,2.59
159,2016-12-28,99.265,99.376,99.487,99.555,99.666,99.777,99.376,2.6959999999999997,2.6470000000000002,2.598
160,2016-12-29,99.355,99.465,99.576,99.652,99.762,99.873,99.465,2.656,2.608,2.56
161,2016-12-30,99.365,99.471,99.578,99.668,99.774,99.881,99.471,2.652,2.606,2.559
162,2017-01-03,99.294,99.399,99.505,99.604,99.709,99.815,99.399,2.684,2.638,2.591
163,2017-01-04,99.302,99.407,99.512,99.632,99.737,99.842,99.407,2.681,2.635,2.589
164,2017-01-05,99.333,99.436,99.539,99.669,99.772,99.875,99.436,2.668,2.622,2.577
165,2017-01-06,99.439,99.539,99.639,99.782,99.882,99.982,99.539,2.621,2.577,2.533
166,2017-01-09,99.372,99.471,99.571,99.722,99.821,99.921,99.471,2.651,2.608,2.5629999999999997
167,2017-01-10,99.394,99.495,99.595,99.75,99.851,99.951,99.495,2.642,2.597,2.553
168,2017-01-11,99.409,99.506,99.603,99.792,99.889,99.986,99.506,2.636,2.593,2.55
169,2017-01-12,99.47,99.565,99.659,99.859,99.954,100.048,99.565,2.61,2.567,2.526
170,2017-01-13,99.456,99.552,99.647,99.852,99.948,100.043,99.552,2.616,2.573,2.531
171,2017-01-17,99.459,99.552,99.645,99.861,99.954,100.047,99.552,2.615,2.574,2.532
172,2017-01-18,99.45,99.545,99.64,99.872,99.967,100.062,99.545,2.62,2.577,2.535
173,2017-01-19,99.333,99.426,99.519,99.762,99.855,99.948,99.426,2.673,2.6310000000000002,2.589
174,2017-01-20,99.335,99.415,99.494,99.77,99.85,99.929,99.415,2.672,2.636,2.601
175,2017-01-23,99.392,99.485,99.578,99.834,99.927,100.02,99.485,2.6470000000000002,2.605,2.5629999999999997
176,2017-01-24,99.441,99.536,99.63,99.89,99.985,100.079,99.536,2.625,2.582,2.54
177,2017-01-25,99.364,99.457,99.549,99.832,99.925,100.017,99.457,2.661,2.6189999999999998,2.577
178,2017-01-26,99.291,99.389,99.486,99.759,99.857,99.954,99.389,2.694,2.649,2.606
179,2017-01-27,99.313,99.405,99.496,99.788,99.88,99.971,99.405,2.684,2.642,2.601
180,2017-01-30,99.358,99.445,99.532,99.84,99.927,100.014,99.445,2.664,2.625,2.585
181,2017-01-31,99.402,99.492,99.581,99.89,99.98,100.069,99.492,2.644,2.604,2.5629999999999997
182,2017-02-01,99.334,99.424,99.514,99.842,99.932,100.022,99.424,2.676,2.635,2.594
183,2017-02-02,99.356,99.447,99.539,99.871,99.962,100.054,99.447,2.667,2.625,2.583
184,2017-02-03,99.344,99.435,99.525,99.865,99.956,100.046,99.435,2.673,2.6310000000000002,2.59
185,2017-02-06,99.419,99.509,99.599,99.947,100.037,100.127,99.509,2.6390000000000002,2.598,2.557
186,2017-02-07,99.456,99.548,99.639,99.99,100.082,100.173,99.548,2.622,2.58,2.5380000000000003
187,2017-02-08,99.471,99.561,99.65,100.025,100.115,100.204,99.561,2.616,2.575,2.534
188,2017-02-09,99.485,99.574,99.663,100.046,100.135,100.224,99.574,2.61,2.569,2.528
189,2017-02-10,99.437,99.512,99.586,100.004,100.079,100.153,99.512,2.632,2.598,2.564
190,2017-02-13,99.378,99.468,99.557,99.952,100.042,100.131,99.468,2.66,2.618,2.577
191,2017-02-14,99.399,99.488,99.577,99.98,100.069,100.158,99.488,2.65,2.609,2.568
192,2017-02-15,99.346,99.435,99.524,99.953,100.042,100.131,99.435,2.676,2.635,2.594
193,2017-02-16,99.35,99.44,99.53,99.964,100.054,100.144,99.44,2.675,2.633,2.591
194,2017-02-17,99.421,99.517,99.612,100.041,100.137,100.232,99.517,2.642,2.598,2.5540000000000003
195,2017-02-21,99.368,99.464,99.559,99.995,100.091,100.186,99.464,2.667,2.622,2.578
196,2017-02-22,99.4,99.496,99.591,100.047,100.143,100.238,99.496,2.653,2.608,2.564
197,2017-02-23,99.429,99.533,99.637,100.082,100.186,100.29,99.533,2.64,2.591,2.543
198,2017-02-24,99.495,99.579,99.663,100.168,100.252,100.336,99.579,2.61,2.5709999999999997,2.531
199,2017-02-27,99.519,99.614,99.708,100.199,100.294,100.388,99.614,2.599,2.555,2.511
200,2017-02-28,99.419,99.516,99.612,100.105,100.202,100.298,99.516,2.646,2.601,2.556
201,2017-03-01,99.197,99.292,99.386,99.903,99.998,100.092,99.292,2.752,2.707,2.6630000000000003
202,2017-03-02,99.193,99.288,99.382,99.906,100.001,100.095,99.288,2.755,2.71,2.665
203,2017-03-03,99.149,99.243,99.337,99.868,99.962,100.056,99.243,2.776,2.731,2.6870000000000003
204,2017-03-06,99.197,99.291,99.385,99.923,100.017,100.111,99.291,2.754,2.709,2.665
205,2017-03-07,99.172,99.266,99.359,99.904,99.998,100.091,99.266,2.766,2.721,2.677
206,2017-03-08,99.102,99.196,99.289,99.854,99.948,100.041,99.196,2.801,2.7560000000000002,2.7119999999999997
207,2017-03-09,99.048,99.141,99.234,99.807,99.9,99.993,99.141,2.827,2.783,2.738
208,2017-03-10,99.018,99.111,99.203,99.783,99.876,99.968,99.111,2.842,2.798,2.754
209,2017-03-13,99.069,99.163,99.256,99.841,99.935,100.028,99.163,2.818,2.773,2.729
210,2017-03-14,99.016,99.107,99.197,99.794,99.885,99.975,99.107,2.844,2.801,2.758
211,2017-03-15,99.018,99.111,99.203,99.816,99.909,100.001,99.111,2.8449999999999998,2.8,2.7560000000000002
212,2017-03-16,99.126,99.217,99.308,99.931,100.022,100.113,99.217,2.794,2.75,2.706
213,2017-03-17,99.129,99.217,99.304,99.94,100.028,100.115,99.217,2.793,2.75,2.708
214,2017-03-20,99.151,99.239,99.327,99.969,100.057,100.145,99.239,2.783,2.74,2.698
215,2017-03-21,99.194,99.282,99.37,100.019,100.107,100.195,99.282,2.762,2.7199999999999998,2.677
216,2017-03-22,99.274,99.363,99.452,100.118,100.207,100.296,99.363,2.725,2.682,2.6390000000000002
217,2017-03-23,99.28,99.369,99.458,100.131,100.22,100.309,99.369,2.723,2.6790000000000003,2.636
218,2017-03-24,99.256,99.344,99.431,100.114,100.202,100.289,99.344,2.735,2.692,2.65
219,2017-03-27,99.333,99.421,99.509,100.197,100.285,100.373,99.421,2.698,2.6550000000000002,2.612
220,2017-03-28,99.298,99.388,99.477,100.162,100.252,100.341,99.388,2.715,2.6710000000000003,2.628
221,2017-03-29,99.261,99.345,99.429,100.145,100.229,100.313,99.345,2.734,2.693,2.652
222,2017-03-30,99.286,99.373,99.459,100.177,100.264,100.35,99.373,2.722,2.68,2.638
223,2017-03-31,99.257,99.343,99.428,100.154,100.24,100.325,99.343,2.737,2.695,2.653
224,2017-04-03,99.289,99.374,99.458,100.193,100.278,100.362,99.374,2.722,2.68,2.6390000000000002
225,2017-04-04,99.344,99.425,99.506,100.254,100.335,100.416,99.425,2.695,2.6550000000000002,2.616
226,2017-04-05,99.318,99.404,99.489,100.248,100.334,100.419,99.404,2.709,2.667,2.625
227,2017-04-06,99.338,99.423,99.509,100.275,100.36,100.446,99.423,2.7,2.658,2.616
228,2017-04-07,99.315,99.401,99.487,100.258,100.344,100.43,99.401,2.7119999999999997,2.669,2.627
229,2017-04-10,99.218,99.303,99.388,100.168,100.253,100.338,99.303,2.76,2.718,2.676
230,2017-04-11,99.263,99.346,99.428,100.239,100.322,100.404,99.346,2.74,2.699,2.658
231,2017-04-12,99.304,99.387,99.469,100.287,100.37,100.452,99.387,2.7199999999999998,2.6790000000000003,2.638
232,2017-04-13,99.356,99.439,99.521,100.346,100.429,100.511,99.439,2.694,2.653,2.612
233,2017-04-17,99.399,99.477,99.555,100.395,100.473,100.551,99.477,2.673,2.634,2.596
234,2017-04-18,99.381,99.464,99.546,100.384,100.467,100.549,99.464,2.683,2.641,2.6
235,2017-04-19,99.381,99.463,99.545,100.404,100.486,100.568,99.463,2.684,2.643,2.602
236,2017-04-20,99.392,99.473,99.554,100.421,100.502,100.583,99.473,2.6790000000000003,2.638,2.598
237,2017-04-21,99.39,99.47,99.549,100.426,100.506,100.585,99.47,2.68,2.64,2.6
238,2017-04-24,99.273,99.352,99.431,100.315,100.394,100.473,99.352,2.74,2.7,2.66
239,2017-04-25,99.267,99.345,99.422,100.316,100.394,100.471,99.345,2.743,2.7039999999999997,2.665
240,2017-04-26,99.233,99.314,99.394,100.302,100.383,100.463,99.314,2.762,2.721,2.68
241,2017-04-27,99.255,99.335,99.415,100.33,100.41,100.49,99.335,2.751,2.711,2.67
242,2017-04-28,99.256,99.336,99.416,100.338,100.418,100.498,99.336,2.751,2.711,2.67
243,2017-05-01,99.234,99.315,99.396,100.323,100.404,100.485,99.315,2.763,2.722,2.681
244,2017-05-02,99.229,99.304,99.378,100.324,100.399,100.473,99.304,2.766,2.7279999999999998,2.69
245,2017-05-03,99.257,99.33,99.403,100.372,100.445,100.518,99.33,2.754,2.716,2.6790000000000003
246,2017-05-04,99.165,99.243,99.32,100.287,100.365,100.442,99.243,2.801,2.761,2.722
247,2017-05-05,99.168,99.246,99.323,100.296,100.374,100.451,99.246,2.8,2.76,2.721
248,2017-05-08,99.149,99.235,99.32,100.284,100.37,100.455,99.235,2.811,2.766,2.723
249,2017-05-09,99.137,99.223,99.308,100.278,100.364,100.449,99.223,2.817,2.773,2.729
250,2017-05-10,99.174,99.251,99.328,100.335,100.412,100.489,99.251,2.8,2.76,2.721
251,2017-05-11,99.175,99.252,99.329,100.343,100.42,100.497,99.252,2.8,2.76,2.721
252,2017-05-12,99.214,99.291,99.368,100.388,100.465,100.542,99.291,2.781,2.741,2.701
253,2017-05-15,99.294,99.375,99.456,100.475,100.556,100.637,99.375,2.74,2.698,2.656
254,2017-05-16,99.277,99.357,99.437,99.277,99.357,99.437,99.357,2.749,2.707,2.666
255,2017-05-17,99.323,99.399,99.476,99.343,99.419,99.496,99.399,2.726,2.6870000000000003,2.6470000000000002
256,2017-05-18,99.406,99.485,99.563,99.432,99.511,99.589,99.485,2.684,2.642,2.602
257,2017-05-19,99.327,99.408,99.488,99.36,99.441,99.521,99.408,2.725,2.683,2.641
258,2017-05-22,99.329,99.405,99.481,99.369,99.445,99.521,99.405,2.725,2.685,2.645
259,2017-05-23,99.343,99.421,99.499,99.389,99.467,99.545,99.421,2.718,2.677,2.636
260,2017-05-24,99.301,99.379,99.456,99.374,99.452,99.529,99.379,2.742,2.701,2.66
261,2017-05-25,99.36,99.438,99.515,99.433,99.511,99.588,99.438,2.711,2.67,2.629
262,2017-05-26,99.357,99.434,99.511,99.436,99.513,99.59,99.434,2.713,2.672,2.632
263,2017-05-30,99.365,99.435,99.504,99.451,99.521,99.59,99.435,2.709,2.672,2.636
264,2017-05-31,99.345,99.423,99.5,99.451,99.529,99.606,99.423,2.721,2.6790000000000003,2.6390000000000002
265,2017-06-01,99.362,99.438,99.514,99.474,99.55,99.626,99.438,2.7119999999999997,2.672,2.632
266,2017-06-02,99.355,99.432,99.508,99.474,99.551,99.627,99.432,2.716,2.676,2.635
267,2017-06-05,99.361,99.438,99.514,99.486,99.563,99.639,99.438,2.714,2.673,2.632
268,2017-06-06,99.39,99.466,99.542,99.522,99.598,99.674,99.466,2.699,2.658,2.618
269,2017-06-07,99.362,99.441,99.52,99.514,99.593,99.672,99.441,2.715,2.673,2.63
270,2017-06-08,99.321,99.396,99.471,99.479,99.554,99.629,99.396,2.737,2.697,2.657
271,2017-06-09,99.31,99.387,99.463,99.475,99.552,99.628,99.387,2.7439999999999998,2.703,2.662
272,2017-06-12,99.29,99.36,99.429,99.462,99.532,99.601,99.36,2.755,2.717,2.68
273,2017-06-13,99.263,99.333,99.402,99.441,99.511,99.58,99.333,2.77,2.732,2.695
274,2017-06-14,99.27,99.34,99.411,99.468,99.538,99.609,99.34,2.768,2.73,2.692
275,2017-06-15,99.28,99.351,99.421,99.485,99.556,99.626,99.351,2.763,2.725,2.6870000000000003
276,2017-06-16,99.321,99.393,99.464,99.532,99.604,99.675,99.393,2.741,2.702,2.664
277,2017-06-19,99.377,99.446,99.515,99.595,99.664,99.733,99.446,2.7119999999999997,2.674,2.637
278,2017-06-20,99.324,99.392,99.459,99.548,99.616,99.683,99.392,2.741,2.7039999999999997,2.667
279,2017-06-21,99.369,99.432,99.494,99.613,99.676,99.738,99.432,2.718,2.683,2.65
280,2017-06-22,99.36,99.429,99.497,99.611,99.68,99.748,99.429,2.723,2.685,2.648
281,2017-06-23,99.389,99.459,99.529,99.646,99.716,99.786,99.459,2.708,2.669,2.6310000000000002
282,2017-06-26,99.383,99.451,99.519,99.647,99.715,99.783,99.451,2.7119999999999997,2.674,2.637
283,2017-06-27,99.394,99.453,99.511,99.664,99.723,99.781,99.453,2.706,2.674,2.642
284,2017-06-28,99.401,99.463,99.524,99.691,99.753,99.814,99.463,2.7039999999999997,2.669,2.636
285,2017-06-29,99.38,99.448,99.516,99.683,99.751,99.819,99.448,2.716,2.678,2.641
286,2017-06-30,99.422,99.486,99.549,99.732,99.796,99.859,99.486,2.693,2.658,2.623
287,2017-07-03,99.382,99.445,99.507,99.699,99.762,99.824,99.445,2.716,2.681,2.6470000000000002
288,2017-07-05,99.336,99.404,99.472,99.672,99.74,99.808,99.404,2.743,2.705,2.667
289,2017-07-06,99.302,99.392,99.481,99.645,99.735,99.824,99.392,2.763,2.7119999999999997,2.6630000000000003
290,2017-07-07,99.356,99.428,99.499,99.706,99.778,99.849,99.428,2.733,2.693,2.653
291,2017-07-10,99.404,99.471,99.538,99.76,99.827,99.894,99.471,2.707,2.669,2.632
292,2017-07-11,99.392,99.464,99.536,99.755,99.827,99.899,99.464,2.714,2.673,2.633
293,2017-07-12,99.443,99.514,99.585,99.826,99.897,99.968,99.514,2.6870000000000003,2.6470000000000002,2.607
294,2017-07-13,99.472,99.542,99.613,99.861,99.931,100.002,99.542,2.6710000000000003,2.6310000000000002,2.591
295,2017-07-14,99.46,99.527,99.594,99.856,99.923,99.99,99.527,2.678,2.64,2.602
296,2017-07-17,99.476,99.547,99.617,99.878,99.949,100.019,99.547,2.669,2.629,2.59
297,2017-07-18,99.464,99.535,99.605,99.873,99.944,100.014,99.535,2.676,2.636,2.597
298,2017-07-19,99.47,99.54,99.609,99.899,99.969,100.038,99.54,2.674,2.635,2.5949999999999998
299,2017-07-20,99.465,99.534,99.603,99.9,99.969,100.038,99.534,2.678,2.638,2.599
300,2017-07-21,99.497,99.566,99.634,99.939,100.008,100.076,99.566,2.66,2.621,2.582
301,2017-07-24,99.494,99.563,99.632,99.943,100.012,100.081,99.563,2.662,2.623,2.583
302,2017-07-25,99.458,99.527,99.595,99.913,99.982,100.05,99.527,2.683,2.644,2.605
303,2017-07-26,99.453,99.521,99.589,99.921,99.989,100.057,99.521,2.6870000000000003,2.648,2.609
304,2017-07-27,99.493,99.561,99.629,99.968,100.036,100.104,99.561,2.664,2.625,2.586
305,2017-07-28,99.475,99.546,99.617,99.957,100.028,100.099,99.546,2.675,2.634,2.593
306,2017-07-31,99.523,99.589,99.655,100.011,100.077,100.143,99.589,2.648,2.61,2.572
307,2017-08-01,99.511,99.577,99.643,100.006,100.072,100.138,99.577,2.6550000000000002,2.617,2.5789999999999997
308,2017-08-02,99.514,99.58,99.645,100.029,100.095,100.16,99.58,2.6550000000000002,2.616,2.5789999999999997
309,2017-08-03,99.517,99.584,99.65,100.038,100.105,100.171,99.584,2.653,2.615,2.576
310,2017-08-04,99.534,99.601,99.667,100.062,100.129,100.195,99.601,2.644,2.605,2.567
311,2017-08-07,99.532,99.601,99.67,100.066,100.135,100.204,99.601,2.646,2.605,2.565
312,2017-08-08,99.539,99.608,99.676,100.08,100.149,100.217,99.608,2.642,2.602,2.5620000000000003
313,2017-08-09,99.575,99.644,99.712,100.136,100.205,100.273,99.644,2.622,2.582,2.542
314,2017-08-10,99.569,99.638,99.706,100.136,100.205,100.273,99.638,2.626,2.585,2.5460000000000003
315,2017-08-11,99.578,99.646,99.714,100.152,100.22,100.288,99.646,2.621,2.581,2.541
316,2017-08-14,99.608,99.676,99.744,100.189,100.257,100.325,99.676,2.604,2.564,2.524
317,2017-08-15,99.565,99.631,99.697,100.152,100.218,100.284,99.631,2.629,2.591,2.552
318,2017-08-16,99.539,99.604,99.668,100.146,100.211,100.275,99.604,2.646,2.608,2.57
319,2017-08-17,99.574,99.639,99.703,100.188,100.253,100.317,99.639,2.626,2.5869999999999997,2.549
320,2017-08-18,99.621,99.682,99.743,100.241,100.302,100.363,99.682,2.598,2.5620000000000003,2.526
321,2017-08-21,99.611,99.672,99.732,100.238,100.299,100.359,99.672,2.604,2.568,2.533
322,2017-08-22,99.589,99.649,99.709,100.222,100.282,100.342,99.649,2.618,2.582,2.547
323,2017-08-23,99.593,99.651,99.709,100.246,100.304,100.362,99.651,2.617,2.582,2.547
324,2017-08-24,99.596,99.655,99.713,100.256,100.315,100.373,99.655,2.615,2.58,2.545
325,2017-08-25,99.566,99.627,99.687,100.232,100.293,100.353,99.627,2.634,2.597,2.561
326,2017-08-28,99.579,99.642,99.704,100.245,100.308,100.37,99.642,2.626,2.588,2.551
327,2017-08-29,99.628,99.691,99.754,100.301,100.364,100.427,99.691,2.597,2.559,2.521
328,2017-08-30,99.606,99.671,99.736,100.305,100.37,100.435,99.671,2.612,2.572,2.533
329,2017-08-31,99.603,99.667,99.731,100.309,100.373,100.437,99.667,2.614,2.575,2.536
330,2017-09-01,99.608,99.669,99.73,100.321,100.382,100.443,99.669,2.6109999999999998,2.574,2.537
331,2017-09-05,99.607,99.669,99.73,100.32,100.382,100.443,99.669,2.612,2.574,2.537
332,2017-09-06,99.655,99.715,99.774,100.374,100.434,100.493,99.715,2.583,2.547,2.511
333,2017-09-07,99.668,99.728,99.787,100.407,100.467,100.526,99.728,2.576,2.539,2.504
334,2017-09-08,99.712,99.774,99.836,100.457,100.519,100.581,99.774,2.55,2.512,2.474
335,2017-09-11,99.666,99.728,99.79,100.418,100.48,100.542,99.728,2.578,2.54,2.502
336,2017-09-12,99.61,99.672,99.733,100.369,100.431,100.492,99.672,2.613,2.575,2.537
337,2017-09-13,99.596,99.657,99.718,100.361,100.422,100.483,99.657,2.622,2.584,2.547
338,2017-09-14,99.568,99.627,99.686,100.353,100.412,100.471,99.627,2.64,2.604,2.567
339,2017-09-15,99.533,99.594,99.654,100.325,100.386,100.446,99.594,2.662,2.624,2.5869999999999997
340,2017-09-18,99.521,99.581,99.641,100.319,100.379,100.439,99.581,2.67,2.633,2.596
341,2017-09-19,99.524,99.585,99.646,100.329,100.39,100.451,99.585,2.669,2.6310000000000002,2.593
342,2017-09-20,99.526,99.587,99.647,100.337,100.398,100.458,99.587,2.668,2.63,2.593
343,2017-09-21,99.458,99.526,99.593,100.289,100.357,100.424,99.526,2.7119999999999997,2.67,2.628
344,2017-09-22,99.477,99.544,99.611,100.315,100.382,100.449,99.544,2.701,2.659,2.617
345,2017-09-25,99.479,99.546,99.613,100.323,100.39,100.457,99.546,2.7,2.658,2.616
346,2017-09-26,99.478,99.545,99.611,100.329,100.396,100.462,99.545,2.701,2.659,2.618
347,2017-09-27,99.445,99.511,99.577,100.303,100.369,100.435,99.511,2.723,2.681,2.6390000000000002
348,2017-09-28,99.428,99.496,99.563,100.305,100.373,100.44,99.496,2.735,2.692,2.65
349,2017-09-29,99.461,99.529,99.596,100.345,100.413,100.48,99.529,2.715,2.672,2.629
350,2017-10-02,99.429,99.497,99.564,100.32,100.388,100.455,99.497,2.7359999999999998,2.692,2.65
351,2017-10-03,99.426,99.493,99.56,100.323,100.39,100.457,99.493,2.738,2.6959999999999997,2.653
352,2017-10-04,99.465,99.532,99.598,100.369,100.436,100.502,99.532,2.714,2.6710000000000003,2.629
353,2017-10-05,99.467,99.534,99.6,100.397,100.464,100.53,99.534,2.715,2.672,2.63
354,2017-10-06,99.411,99.478,99.545,100.348,100.415,100.482,99.478,2.752,2.709,2.666
355,2017-10-10,99.425,99.491,99.556,100.368,100.434,100.499,99.491,2.743,2.701,2.659
356,2017-10-11,99.419,99.485,99.55,100.369,100.435,100.5,99.485,2.748,2.705,2.6630000000000003
357,2017-10-12,99.44,99.508,99.575,100.41,100.478,100.545,99.508,2.7359999999999998,2.692,2.649
358,2017-10-13,99.429,99.497,99.564,100.405,100.473,100.54,99.497,2.7439999999999998,2.7,2.656
359,2017-10-16,99.445,99.512,99.58,100.428,100.495,100.563,99.512,2.734,2.691,2.646
360,2017-10-17,99.404,99.47,99.535,100.394,100.46,100.525,99.47,2.762,2.719,2.676
361,2017-10-18,99.388,99.454,99.52,100.384,100.45,100.516,99.454,2.773,2.73,2.6870000000000003
362,2017-10-19,99.434,99.5,99.566,100.45,100.516,100.582,99.5,2.745,2.701,2.658
363,2017-10-20,99.399,99.465,99.53,100.422,100.488,100.553,99.465,2.768,2.725,2.682
364,2017-10-23,99.441,99.507,99.573,100.47,100.536,100.602,99.507,2.741,2.698,2.654
365,2017-10-24,99.461,99.527,99.593,100.497,100.563,100.629,99.527,2.729,2.685,2.642
366,2017-10-25,99.441,99.507,99.573,100.483,100.549,100.615,99.507,2.743,2.699,2.6550000000000002
367,2017-10-26,99.455,99.521,99.586,100.517,100.583,100.648,99.521,2.735,2.692,2.648
368,2017-10-27,99.416,99.481,99.546,100.478,100.543,100.608,99.481,2.761,2.718,2.675
369,2017-10-30,99.461,99.528,99.595,100.53,100.597,100.664,99.528,2.732,2.6870000000000003,2.643
370,2017-10-31,99.483,99.543,99.602,100.558,100.618,100.677,99.543,2.718,2.678,2.6390000000000002
371,2017-11-01,99.454,99.514,99.574,100.536,100.596,100.656,99.514,2.738,2.698,2.658
372,2017-11-02,99.445,99.503,99.56,100.547,100.605,100.662,99.503,2.746,2.707,2.669
373,2017-11-03,99.442,99.5,99.557,100.55,100.608,100.665,99.5,2.749,2.71,2.6710000000000003
374,2017-11-06,99.449,99.507,99.565,100.564,100.622,100.68,99.507,2.745,2.706,2.667
375,2017-11-07,99.427,99.485,99.542,100.549,100.607,100.664,99.485,2.76,2.721,2.683
376,2017-11-08,99.405,99.463,99.52,100.533,100.591,100.648,99.463,2.776,2.737,2.698
377,2017-11-09,99.384,99.441,99.498,100.532,100.589,100.646,99.441,2.792,2.754,2.715
378,2017-11-10,99.357,99.414,99.471,100.512,100.569,100.626,99.414,2.8120000000000003,2.773,2.734
379,2017-11-13,99.362,99.419,99.476,100.523,100.58,100.637,99.419,2.809,2.77,2.731
380,2017-11-14,99.313,99.37,99.426,100.481,100.538,100.594,99.37,2.843,2.8040000000000003,2.766
381,2017-11-15,99.341,99.398,99.454,100.515,100.572,100.628,99.398,2.825,2.786,2.748
382,2017-11-16,99.291,99.348,99.405,99.298,99.355,99.412,99.348,2.862,2.823,2.783
383,2017-11-17,99.281,99.335,99.389,99.294,99.348,99.402,99.335,2.87,2.833,2.795
384,2017-11-20,99.283,99.34,99.396,99.303,99.36,99.416,99.34,2.8689999999999998,2.83,2.791
385,2017-11-21,99.228,99.284,99.34,99.261,99.317,99.373,99.284,2.909,2.87,2.832
386,2017-11-22,99.219,99.274,99.33,99.272,99.327,99.383,99.274,2.919,2.88,2.841
387,2017-11-24,99.257,99.313,99.368,99.316,99.372,99.427,99.313,2.893,2.854,2.815
388,2017-11-27,99.235,99.289,99.342,99.301,99.355,99.408,99.289,2.909,2.871,2.834
389,2017-11-28,99.254,99.307,99.359,99.327,99.38,99.432,99.307,2.8970000000000002,2.86,2.823
390,2017-11-29,99.25,99.306,99.361,99.329,99.385,99.44,99.306,2.901,2.8609999999999998,2.822
391,2017-11-30,99.231,99.284,99.336,99.33,99.383,99.435,99.284,2.917,2.879,2.843
392,2017-12-01,99.224,99.275,99.325,99.33,99.381,99.431,99.275,2.923,2.887,2.851
393,2017-12-04,99.201,99.254,99.306,99.313,99.366,99.418,99.254,2.94,2.903,2.866
394,2017-12-05,99.174,99.226,99.278,99.293,99.345,99.397,99.226,2.961,2.924,2.886
395,2017-12-06,99.192,99.244,99.296,99.317,99.369,99.421,99.244,2.949,2.912,2.875
396,2017-12-07,99.18,99.232,99.284,99.325,99.377,99.429,99.232,2.961,2.923,2.886
397,2017-12-08,99.174,99.226,99.278,99.326,99.378,99.43,99.226,2.966,2.9290000000000003,2.891
398,2017-12-11,99.225,99.275,99.325,99.383,99.433,99.483,99.275,2.93,2.894,2.858
399,2017-12-12,99.156,99.206,99.255,99.321,99.371,99.42,99.206,2.981,2.945,2.91
400,2017-12-13,99.142,99.191,99.241,99.314,99.363,99.413,99.191,2.993,2.957,2.9210000000000003
401,2017-12-14,99.186,99.241,99.295,99.377,99.432,99.486,99.241,2.964,2.924,2.885
402,2017-12-15,99.163,99.219,99.274,99.361,99.417,99.472,99.219,2.982,2.941,2.901
403,2017-12-18,99.119,99.175,99.231,99.324,99.38,99.436,99.175,3.015,2.974,2.933
404,2017-12-19,99.146,99.202,99.257,99.357,99.413,99.468,99.202,2.997,2.956,2.915
405,2017-12-20,99.126,99.182,99.237,99.344,99.4,99.455,99.182,3.013,2.971,2.931
406,2017-12-21,99.124,99.177,99.23,99.368,99.421,99.474,99.177,3.019,2.98,2.94
407,2017-12-22,99.084,99.135,99.185,99.335,99.386,99.436,99.135,3.05,3.012,2.975
408,2017-12-26,99.057,99.113,99.168,99.314,99.37,99.425,99.113,3.071,3.03,2.989
409,2017-12-27,99.067,99.121,99.175,99.331,99.385,99.439,99.121,3.065,3.025,2.985
410,2017-12-28,99.092,99.146,99.199,99.376,99.43,99.483,99.146,3.05,3.01,2.9699999999999998
411,2017-12-29,99.096,99.149,99.201,99.386,99.439,99.491,99.149,3.049,3.009,2.9699999999999998
412,2018-01-02,99.092,99.149,99.207,99.389,99.446,99.504,99.149,3.053,3.01,2.967
413,2018-01-03,99.076,99.136,99.196,99.379,99.439,99.499,99.136,3.066,3.021,2.976
414,2018-01-04,99.04,99.095,99.15,99.363,99.418,99.473,99.095,3.098,3.056,3.014
415,2018-01-05,99.041,99.096,99.151,99.371,99.426,99.481,99.096,3.099,3.057,3.015
416,2018-01-08,99.047,99.101,99.154,99.383,99.437,99.49,99.101,3.095,3.054,3.014
417,2018-01-09,99.06,99.113,99.166,99.403,99.456,99.509,99.113,3.087,3.047,3.006
418,2018-01-10,99.035,99.092,99.148,99.385,99.442,99.498,99.092,3.108,3.064,3.021
419,2018-01-11,99.038,99.093,99.147,99.414,99.469,99.523,99.093,3.111,3.069,3.027
420,2018-01-12,99.015,99.07,99.124,99.398,99.453,99.507,99.07,3.13,3.088,3.046
421,2018-01-16,99.012,99.066,99.12,99.401,99.455,99.509,99.066,3.134,3.092,3.051
422,2018-01-17,98.965,99.018,99.07,99.361,99.414,99.466,99.018,3.172,3.1310000000000002,3.091
423,2018-01-18,98.961,99.012,99.063,99.377,99.428,99.479,99.012,3.18,3.14,3.101
424,2018-01-19,98.962,99.012,99.062,99.384,99.434,99.484,99.012,3.181,3.142,3.103
425,2018-01-22,98.929,98.982,99.034,99.358,99.411,99.463,98.982,3.209,3.167,3.126
426,2018-01-23,98.951,99.002,99.053,99.386,99.437,99.488,99.002,3.193,3.153,3.113
427,2018-01-24,98.966,99.017,99.068,99.408,99.459,99.51,99.017,3.183,3.143,3.103
428,2018-01-25,98.955,99.006,99.056,99.417,99.468,99.518,99.006,3.197,3.156,3.117
429,2018-01-26,98.916,98.967,99.017,99.384,99.435,99.485,98.967,3.23,3.189,3.149
430,2018-01-29,98.866,98.917,98.967,99.334,99.385,99.435,98.917,3.269,3.229,3.189
431,2018-01-30,98.912,98.963,99.014,99.387,99.438,99.489,98.963,3.235,3.194,3.153
432,2018-01-31,98.923,98.974,99.025,99.405,99.456,99.507,98.974,3.228,3.187,3.146
433,2018-02-01,98.867,98.918,98.968,99.368,99.419,99.469,98.918,3.278,3.237,3.197
434,2018-02-02,98.876,98.927,98.977,99.384,99.435,99.485,98.927,3.273,3.232,3.191
435,2018-02-05,98.922,98.971,99.02,99.437,99.486,99.535,98.971,3.237,3.198,3.158
436,2018-02-06,99.046,99.095,99.144,99.567,99.616,99.665,99.095,3.1390000000000002,3.099,3.06
437,2018-02-07,98.977,99.024,99.071,99.505,99.552,99.599,99.024,3.197,3.159,3.12
438,2018-02-08,98.934,98.983,99.032,99.482,99.531,99.58,98.983,3.237,3.197,3.157
439,2018-02-09,98.947,98.996,99.045,99.501,99.55,99.599,98.996,3.228,3.188,3.148
440,2018-02-12,98.975,99.022,99.068,99.536,99.583,99.629,99.022,3.207,3.169,3.1310000000000002
441,2018-02-13,99.0,99.053,99.105,99.567,99.62,99.672,99.053,3.188,3.145,3.102
442,2018-02-14,98.968,99.017,99.065,99.542,99.591,99.639,99.017,3.216,3.176,3.137
443,2018-02-15,98.872,98.92,98.967,99.472,99.52,99.567,98.92,3.304,3.2640000000000002,3.225
444,2018-02-16,98.884,98.932,98.979,99.491,99.539,99.586,98.932,3.296,3.2560000000000002,3.217
445,2018-02-20,98.845,98.892,98.939,99.459,99.506,99.553,98.892,3.33,3.291,3.252
446,2018-02-21,98.834,98.881,98.928,99.454,99.501,99.548,98.881,3.342,3.302,3.263
447,2018-02-22,98.836,98.885,98.933,99.476,99.525,99.573,98.885,3.346,3.305,3.265
448,2018-02-23,98.866,98.916,98.965,99.513,99.563,99.612,98.916,3.323,3.281,3.24
449,2018-02-26,98.877,98.927,98.976,99.53,99.58,99.629,98.927,3.316,3.274,3.232
450,2018-02-27,98.891,98.938,98.984,99.564,99.611,99.657,98.938,3.31,3.27,3.231
451,2018-02-28,98.843,98.889,98.935,99.523,99.569,99.615,98.889,3.354,3.314,3.275
452,2018-03-01,98.885,98.931,98.977,99.584,99.63,99.676,98.931,3.324,3.285,3.245
453,2018-03-02,98.928,98.974,99.02,99.634,99.68,99.726,98.974,3.289,3.25,3.21
454,2018-03-05,98.912,98.958,99.004,99.625,99.671,99.717,98.958,3.305,3.266,3.226
455,2018-03-06,98.889,98.935,98.981,99.608,99.654,99.7,98.935,3.327,3.287,3.248
456,2018-03-07,98.907,98.952,98.997,99.633,99.678,99.723,98.952,3.314,3.275,3.2359999999999998
457,2018-03-08,98.889,98.935,98.98,99.634,99.68,99.725,98.935,3.336,3.296,3.257
458,2018-03-09,98.88,98.925,98.97,99.632,99.677,99.722,98.925,3.346,3.307,3.268
459,2018-03-12,98.878,98.923,98.969,99.637,99.682,99.728,98.923,3.35,3.311,3.27
460,2018-03-13,98.889,98.934,98.979,99.654,99.699,99.744,98.934,3.343,3.303,3.2640000000000002
461,2018-03-14,98.884,98.929,98.974,99.656,99.701,99.746,98.929,3.35,3.31,3.27
462,2018-03-15,98.895,98.939,98.982,99.687,99.731,99.774,98.939,3.347,3.308,3.27
463,2018-03-16,98.865,98.911,98.958,99.663,99.709,99.756,98.911,3.376,3.335,3.293
464,2018-03-19,98.849,98.895,98.941,99.654,99.7,99.746,98.895,3.392,3.351,3.31
465,2018-03-20,98.838,98.884,98.93,99.649,99.695,99.741,98.884,3.4050000000000002,3.364,3.322
466,2018-03-21,98.804,98.85,98.895,99.622,99.668,99.713,98.85,3.438,3.396,3.356
467,2018-03-22,98.851,98.897,98.943,99.689,99.735,99.781,98.897,3.403,3.3609999999999998,3.32
468,2018-03-23,98.877,98.923,98.969,99.721,99.767,99.813,98.923,3.382,3.34,3.299
469,2018-03-26,98.867,98.913,98.958,99.718,99.764,99.809,98.913,3.393,3.352,3.311
470,2018-03-27,98.888,98.934,98.98,99.746,99.792,99.838,98.934,3.377,3.335,3.293
471,2018-03-28,98.927,98.973,99.018,99.804,99.85,99.895,98.973,3.348,3.306,3.265
472,2018-03-29,98.89,98.934,98.978,99.774,99.818,99.862,98.934,3.385,3.344,3.304
473,2018-04-02,98.897,98.934,98.97,99.788,99.825,99.861,98.934,3.3810000000000002,3.347,3.314
474,2018-04-03,98.919,98.963,99.007,99.816,99.86,99.904,98.963,3.363,3.322,3.282
475,2018-04-04,98.923,98.965,99.008,99.827,99.869,99.912,98.965,3.362,3.323,3.283
476,2018-04-05,98.884,98.926,98.968,99.808,99.85,99.892,98.926,3.4050000000000002,3.366,3.327
477,2018-04-06,98.887,98.929,98.97,99.817,99.859,99.9,98.929,3.4050000000000002,3.366,3.328
478,2018-04-09,98.909,98.951,98.993,99.846,99.888,99.93,98.951,3.387,3.348,3.309
479,2018-04-10,98.904,98.946,98.988,99.847,99.889,99.931,98.946,3.394,3.355,3.316
480,2018-04-11,98.907,98.949,98.991,99.857,99.899,99.941,98.949,3.394,3.355,3.315
481,2018-04-12,98.879,98.921,98.963,99.849,99.891,99.933,98.921,3.429,3.3890000000000002,3.349
482,2018-04-13,98.848,98.891,98.934,99.824,99.867,99.91,98.891,3.461,3.42,3.379
483,2018-04-16,98.819,98.862,98.904,99.802,99.845,99.887,98.862,3.491,3.45,3.41
484,2018-04-17,98.819,98.863,98.907,99.809,99.853,99.897,98.863,3.4939999999999998,3.452,3.41
485,2018-04-18,98.799,98.843,98.886,99.795,99.839,99.882,98.843,3.516,3.474,3.433
486,2018-04-19,98.787,98.831,98.874,99.803,99.847,99.89,98.831,3.537,3.4939999999999998,3.453
487,2018-04-20,98.789,98.834,98.88,99.812,99.857,99.903,98.834,3.5380000000000003,3.4939999999999998,3.45
488,2018-04-23,98.748,98.794,98.839,99.777,99.823,99.868,98.794,3.581,3.536,3.492
489,2018-04-24,98.741,98.788,98.834,99.777,99.824,99.87,98.788,3.591,3.545,3.5
490,2018-04-25,98.735,98.782,98.829,99.777,99.824,99.871,98.782,3.6,3.5540000000000003,3.508
491,2018-04-26,98.769,98.815,98.861,99.831,99.877,99.923,98.815,3.576,3.531,3.485
492,2018-04-27,98.76,98.805,98.85,99.829,99.874,99.919,98.805,3.588,3.544,3.499
493,2018-04-30,98.751,98.796,98.841,99.826,99.871,99.916,98.796,3.6,3.556,3.511
494,2018-05-01,98.756,98.801,98.846,99.838,99.883,99.928,98.801,3.598,3.5540000000000003,3.509
495,2018-05-02,98.742,98.786,98.829,99.831,99.875,99.918,98.786,3.616,3.572,3.529
496,2018-05-03,98.785,98.829,98.873,99.893,99.937,99.981,98.829,3.583,3.5380000000000003,3.4939999999999998
497,2018-05-04,98.789,98.832,98.875,99.904,99.947,99.99,98.832,3.582,3.539,3.495
498,2018-05-07,98.764,98.808,98.852,99.886,99.93,99.974,98.808,3.61,3.566,3.5220000000000002
499,2018-05-08,98.774,98.818,98.861,99.902,99.946,99.989,98.818,3.604,3.559,3.516
500,2018-05-09,98.759,98.802,98.845,99.894,99.937,99.98,98.802,3.622,3.5789999999999997,3.535
501,2018-05-10,98.768,98.811,98.854,99.923,99.966,100.009,98.811,3.623,3.5789999999999997,3.535
502,2018-05-11,98.759,98.802,98.845,99.92,99.963,100.006,98.802,3.636,3.592,3.548
503,2018-05-14,98.76,98.803,98.845,99.928,99.971,100.013,98.803,3.638,3.594,3.551
504,2018-05-15,98.748,98.791,98.834,99.922,99.965,100.008,98.791,3.654,3.61,3.566
505,2018-05-16,98.727,98.771,98.814,99.908,99.952,99.995,98.771,3.68,3.634,3.59
506,2018-05-17,98.733,98.777,98.82,98.746,98.79,98.833,98.777,3.684,3.638,3.593
507,2018-05-18,98.77,98.814,98.858,98.79,98.834,98.878,98.814,3.649,3.6029999999999998,3.557
508,2018-05-21,98.771,98.814,98.857,98.797,98.84,98.883,98.814,3.651,3.606,3.561
509,2018-05-22,98.774,98.818,98.861,98.807,98.851,98.894,98.818,3.652,3.606,3.56
510,2018-05-23,98.811,98.854,98.897,98.851,98.894,98.937,98.854,3.616,3.5709999999999997,3.526
511,2018-05-24,98.855,98.897,98.939,98.921,98.963,99.005,98.897,3.583,3.539,3.4939999999999998
512,2018-05-25,98.867,98.909,98.95,98.94,98.982,99.023,98.909,3.574,3.529,3.485
513,2018-05-29,98.946,98.987,99.028,99.019,99.06,99.101,98.987,3.49,3.446,3.402
514,2018-05-30,98.941,98.981,99.021,99.02,99.06,99.1,98.981,3.498,3.455,3.413
515,2018-05-31,98.93,98.974,99.018,99.029,99.073,99.117,98.974,3.519,3.472,3.425
516,2018-06-01,98.93,98.971,99.012,99.036,99.077,99.118,98.971,3.523,3.4779999999999998,3.434
517,2018-06-04,98.895,98.937,98.978,99.007,99.049,99.09,98.937,3.564,3.518,3.474
518,2018-06-05,98.889,98.932,98.974,99.008,99.051,99.093,98.932,3.574,3.527,3.481
519,2018-06-06,98.878,98.923,98.967,99.003,99.048,99.092,98.923,3.589,3.54,3.492
520,2018-06-07,98.878,98.923,98.969,99.023,99.068,99.114,98.923,3.6,3.55,3.5
521,2018-06-08,98.916,98.961,99.006,99.068,99.113,99.158,98.961,3.561,3.512,3.462
522,2018-06-11,98.888,98.933,98.978,99.046,99.091,99.136,98.933,3.596,3.5460000000000003,3.496
523,2018-06-12,98.88,98.925,98.97,99.045,99.09,99.135,98.925,3.608,3.558,3.508
524,2018-06-13,98.883,98.932,98.98,99.055,99.104,99.152,98.932,3.609,3.5540000000000003,3.501
525,2018-06-14,98.871,98.921,98.97,99.062,99.112,99.161,98.921,3.633,3.577,3.5220000000000002
526,2018-06-15,98.875,98.923,98.972,99.073,99.121,99.17,98.923,3.632,3.578,3.523
527,2018-06-18,98.897,98.95,99.003,99.102,99.155,99.208,98.95,3.6109999999999998,3.551,3.491
528,2018-06-19,98.914,98.962,99.01,99.125,99.173,99.221,98.962,3.596,3.541,3.487
529,2018-06-20,98.888,98.937,98.986,99.106,99.155,99.204,98.937,3.629,3.573,3.517
530,2018-06-21,98.894,98.943,98.991,99.132,99.181,99.229,98.943,3.633,3.577,3.5220000000000002
531,2018-06-22,98.902,98.95,98.998,99.146,99.194,99.242,98.95,3.628,3.573,3.517
532,2018-06-25,98.913,98.961,99.009,99.164,99.212,99.26,98.961,3.6189999999999998,3.564,3.508
533,2018-06-26,98.929,98.977,99.026,99.186,99.234,99.283,98.977,3.604,3.549,3.492
534,2018-06-27,98.946,98.994,99.042,99.21,99.258,99.306,98.994,3.588,3.533,3.477
535,2018-06-28,98.959,99.006,99.053,99.243,99.29,99.337,99.006,3.584,3.529,3.474
536,2018-06-29,98.951,98.997,99.042,99.241,99.287,99.332,98.997,3.597,3.543,3.49
537,2018-07-02,98.971,99.015,99.059,99.274,99.318,99.362,99.015,3.581,3.529,3.477
538,2018-07-03,98.933,98.98,99.027,99.243,99.29,99.337,98.98,3.63,3.575,3.519
539,2018-07-05,98.945,98.992,99.038,99.275,99.322,99.368,98.992,3.628,3.572,3.516
540,2018-07-06,98.953,99.001,99.049,99.289,99.337,99.385,99.001,3.622,3.565,3.507
541,2018-07-09,98.947,98.994,99.04,99.29,99.337,99.383,98.994,3.634,3.577,3.521
542,2018-07-10,98.942,98.987,99.032,99.292,99.337,99.382,98.987,3.644,3.589,3.535
543,2018-07-11,98.946,98.991,99.035,99.302,99.347,99.391,98.991,3.643,3.588,3.535
544,2018-07-12,98.931,98.973,99.015,99.307,99.349,99.391,98.973,3.674,3.622,3.5709999999999997
545,2018-07-13,98.944,98.987,99.03,99.327,99.37,99.413,98.987,3.662,3.609,3.556
546,2018-07-16,98.946,98.989,99.033,99.335,99.378,99.422,98.989,3.664,3.6109999999999998,3.556
547,2018-07-17,98.943,98.986,99.028,99.339,99.382,99.424,98.986,3.672,3.618,3.566
548,2018-07-18,98.939,98.981,99.022,99.341,99.383,99.424,98.981,3.681,3.629,3.578
549,2018-07-19,98.936,98.977,99.018,99.358,99.399,99.44,98.977,3.698,3.646,3.5949999999999998
550,2018-07-20,98.962,99.004,99.045,99.391,99.433,99.474,99.004,3.669,3.616,3.565
551,2018-07-23,98.97,99.014,99.057,99.405,99.449,99.492,99.014,3.664,3.608,3.5540000000000003
552,2018-07-24,98.951,98.996,99.041,99.393,99.438,99.483,98.996,3.692,3.635,3.578
553,2018-07-25,98.946,98.989,99.033,99.395,99.438,99.482,98.989,3.703,3.648,3.592
554,2018-07-26,98.944,98.987,99.03,99.412,99.455,99.498,98.987,3.719,3.664,3.609
555,2018-07-27,98.938,98.98,99.022,99.406,99.448,99.49,98.98,3.727,3.673,3.6189999999999998
556,2018-07-30,98.941,98.983,99.025,99.416,99.458,99.5,98.983,3.7279999999999998,3.673,3.6189999999999998
557,2018-07-31,98.956,98.999,99.041,99.438,99.481,99.523,98.999,3.713,3.657,3.6029999999999998
558,2018-08-01,98.953,98.995,99.036,99.441,99.483,99.524,98.995,3.721,3.667,3.614
559,2018-08-02,98.975,99.017,99.058,99.483,99.525,99.566,99.017,3.707,3.651,3.598
560,2018-08-03,98.974,99.015,99.055,99.489,99.53,99.57,99.015,3.713,3.659,3.606
561,2018-08-06,98.991,99.033,99.075,99.512,99.554,99.596,99.033,3.695,3.6390000000000002,3.584
562,2018-08-07,98.994,99.038,99.081,99.522,99.566,99.609,99.038,3.695,3.637,3.58
563,2018-08-08,98.986,99.042,99.098,99.52,99.576,99.632,99.042,3.711,3.636,3.5620000000000003
564,2018-08-09,98.999,99.055,99.111,99.553,99.609,99.665,99.055,3.708,3.632,3.557
565,2018-08-10,99.027,99.083,99.139,99.588,99.644,99.7,99.083,3.675,3.599,3.524
566,2018-08-13,99.06,99.114,99.169,99.627,99.681,99.736,99.114,3.635,3.5620000000000003,3.487
567,2018-08-14,99.035,99.089,99.143,99.609,99.663,99.717,99.089,3.673,3.6,3.527
568,2018-08-15,99.051,99.105,99.158,99.632,99.686,99.739,99.105,3.656,3.583,3.511
569,2018-08-16,99.048,99.102,99.155,99.648,99.702,99.755,99.102,3.675,3.6,3.527
570,2018-08-17,99.066,99.112,99.158,99.673,99.719,99.765,99.112,3.6550000000000002,3.591,3.527
571,2018-08-20,99.073,99.119,99.165,99.687,99.733,99.779,99.119,3.65,3.586,3.5220000000000002
572,2018-08-21,99.083,99.129,99.174,99.703,99.749,99.794,99.129,3.64,3.576,3.5140000000000002
573,2018-08-22,99.087,99.133,99.179,99.714,99.76,99.806,99.133,3.64,3.575,3.511
574,2018-08-23,99.097,99.143,99.19,99.744,99.79,99.837,99.143,3.64,3.575,3.508
575,2018-08-24,99.084,99.13,99.176,99.737,99.783,99.829,99.13,3.6630000000000003,3.598,3.533
576,2018-08-27,99.088,99.136,99.183,99.748,99.796,99.843,99.136,3.662,3.594,3.527
577,2018-08-28,99.078,99.125,99.172,99.744,99.791,99.838,99.125,3.682,3.614,3.547
578,2018-08-29,99.07,99.119,99.168,99.736,99.785,99.834,99.119,3.693,3.623,3.553
579,2018-08-30,99.079,99.127,99.175,99.772,99.82,99.868,99.127,3.701,3.6310000000000002,3.561
580,2018-08-31,99.103,99.15,99.197,99.802,99.849,99.896,99.15,3.6710000000000003,3.602,3.534
581,2018-09-04,99.12,99.179,99.237,99.826,99.885,99.943,99.179,3.651,3.565,3.48
582,2018-09-05,99.114,99.174,99.233,99.827,99.887,99.946,99.174,3.665,3.577,3.49
583,2018-09-06,99.122,99.184,99.245,99.854,99.916,99.977,99.184,3.668,3.576,3.4859999999999998
584,2018-09-07,99.129,99.189,99.248,99.868,99.928,99.987,99.189,3.6630000000000003,3.574,3.4859999999999998
585,2018-09-10,99.097,99.159,99.22,99.842,99.904,99.965,99.159,3.716,3.623,3.532
586,2018-09-11,99.083,99.143,99.204,99.835,99.895,99.956,99.143,3.743,3.653,3.561
587,2018-09-12,99.078,99.137,99.195,99.837,99.896,99.954,99.137,3.7560000000000002,3.667,3.5789999999999997
588,2018-09-13,99.079,99.138,99.197,99.857,99.916,99.975,99.138,3.7720000000000002,3.681,3.591
589,2018-09-14,99.074,99.134,99.194,99.859,99.919,99.979,99.134,3.785,3.693,3.601
590,2018-09-17,99.076,99.134,99.191,99.868,99.926,99.983,99.134,3.7880000000000003,3.698,3.61
591,2018-09-18,99.086,99.143,99.199,99.884,99.941,99.997,99.143,3.778,3.69,3.6029999999999998
592,2018-09-19,99.073,99.13,99.187,99.878,99.935,99.992,99.13,3.8040000000000003,3.716,3.627
593,2018-09-20,99.081,99.139,99.196,99.906,99.964,100.021,99.139,3.81,3.719,3.629
594,2018-09-21,99.085,99.141,99.196,99.916,99.972,100.027,99.141,3.81,3.721,3.634
595,2018-09-24,99.092,99.148,99.203,99.93,99.986,100.041,99.148,3.805,3.716,3.629
596,2018-09-25,99.087,99.146,99.204,99.931,99.99,100.048,99.146,3.819,3.725,3.632
597,2018-09-26,99.101,99.156,99.211,99.952,100.007,100.062,99.156,3.803,3.715,3.627
598,2018-09-27,99.124,99.178,99.231,99.995,100.049,100.102,99.178,3.784,3.697,3.6109999999999998
599,2018-09-28,99.131,99.185,99.239,100.008,100.062,100.116,99.185,3.779,3.691,3.6029999999999998
600,2018-10-01,99.144,99.201,99.258,100.028,100.085,100.142,99.201,3.7640000000000002,3.6710000000000003,3.578
601,2018-10-02,99.147,99.201,99.254,100.038,100.092,100.145,99.201,3.765,3.677,3.589
602,2018-10-03,99.167,99.224,99.281,100.064,100.121,100.178,99.224,3.739,3.644,3.55
603,2018-10-04,99.153,99.209,99.265,100.077,100.133,100.189,99.209,3.787,3.693,3.599
604,2018-10-05,99.173,99.235,99.296,100.103,100.165,100.226,99.235,3.76,3.6550000000000002,3.552
605,2018-10-09,99.154,99.206,99.258,100.091,100.143,100.195,99.206,3.798,3.71,3.622
606,2018-10-10,99.149,99.201,99.252,100.092,100.144,100.195,99.201,3.8129999999999997,3.725,3.638
607,2018-10-11,99.186,99.237,99.288,100.149,100.2,100.251,99.237,3.77,3.682,3.594
608,2018-10-12,99.182,99.233,99.283,100.152,100.203,100.253,99.233,3.783,3.695,3.608
609,2018-10-15,99.197,99.248,99.299,100.173,100.224,100.275,99.248,3.7640000000000002,3.675,3.586
610,2018-10-16,99.192,99.243,99.293,100.175,100.226,100.276,99.243,3.779,3.69,3.602
611,2018-10-17,99.194,99.244,99.294,100.184,100.234,100.284,99.244,3.782,3.694,3.606
612,2018-10-18,99.184,99.233,99.283,100.193,100.242,100.292,99.233,3.8209999999999997,3.733,3.644
613,2018-10-19,99.194,99.244,99.293,100.21,100.26,100.309,99.244,3.81,3.7199999999999998,3.632
614,2018-10-22,99.187,99.236,99.285,100.21,100.259,100.308,99.236,3.83,3.741,3.653
615,2018-10-23,99.205,99.254,99.303,100.234,100.283,100.332,99.254,3.8040000000000003,3.715,3.627
616,2018-10-24,99.223,99.272,99.321,100.259,100.308,100.357,99.272,3.778,3.689,3.6
617,2018-10-25,99.24,99.289,99.337,100.296,100.345,100.393,99.289,3.768,3.678,3.589
618,2018-10-26,99.266,99.314,99.361,100.328,100.376,100.423,99.314,3.727,3.638,3.551
619,2018-10-29,99.257,99.307,99.357,100.319,100.369,100.419,99.307,3.7439999999999998,3.651,3.558
620,2018-10-30,99.252,99.301,99.349,100.321,100.37,100.418,99.301,3.76,3.669,3.5789999999999997
621,2018-10-31,99.259,99.315,99.371,100.334,100.39,100.446,99.315,3.754,3.649,3.544
622,2018-11-01,99.252,99.3,99.347,100.347,100.395,100.442,99.3,3.789,3.697,3.608
623,2018-11-02,99.263,99.311,99.358,100.365,100.413,100.46,99.311,3.775,3.683,3.593
624,2018-11-05,99.279,99.334,99.39,100.387,100.442,100.498,99.334,3.752,3.646,3.5380000000000003
625,2018-11-06,99.262,99.311,99.36,100.377,100.426,100.475,99.311,3.792,3.697,3.6029999999999998
626,2018-11-07,99.255,99.304,99.354,100.377,100.426,100.476,99.304,3.8129999999999997,3.718,3.621
627,2018-11-08,99.258,99.304,99.351,100.406,100.452,100.499,99.304,3.838,3.747,3.654
628,2018-11-09,99.262,99.309,99.355,100.417,100.464,100.51,99.309,3.838,3.745,3.653
629,2018-11-13,99.287,99.334,99.38,100.448,100.495,100.541,99.334,3.7960000000000003,3.702,3.61
630,2018-11-14,99.3,99.346,99.393,100.468,100.514,100.561,99.346,3.778,3.685,3.59
631,2018-11-15,99.333,99.379,99.425,99.333,99.379,99.425,99.379,3.734,3.64,3.545
632,2018-11-16,99.335,99.387,99.438,99.342,99.394,99.445,99.387,3.737,3.63,3.525
633,2018-11-19,99.353,99.398,99.443,99.366,99.411,99.456,99.398,3.707,3.614,3.521
634,2018-11-20,99.372,99.417,99.463,99.398,99.443,99.489,99.417,3.682,3.5869999999999997,3.491
635,2018-11-21,99.369,99.413,99.457,99.415,99.459,99.503,99.413,3.71,3.616,3.5220000000000002
636,2018-11-23,99.375,99.419,99.462,99.428,99.472,99.515,99.419,3.7039999999999997,3.61,3.518
637,2018-11-26,99.37,99.415,99.459,99.429,99.474,99.518,99.415,3.723,3.626,3.531
638,2018-11-27,99.379,99.427,99.475,99.445,99.493,99.541,99.427,3.711,3.607,3.503
639,2018-11-28,99.381,99.429,99.476,99.454,99.502,99.549,99.429,3.714,3.609,3.507
640,2018-11-29,99.42,99.465,99.509,99.512,99.557,99.601,99.465,3.651,3.551,3.454
641,2018-11-30,99.425,99.471,99.517,99.524,99.57,99.616,99.471,3.6470000000000002,3.544,3.442
642,2018-12-03,99.415,99.46,99.505,99.521,99.566,99.611,99.46,3.677,3.576,3.475
643,2018-12-04,99.411,99.455,99.498,99.523,99.567,99.61,99.455,3.693,3.594,3.497
644,2018-12-06,99.44,99.483,99.526,99.579,99.622,99.665,99.483,3.658,3.559,3.46
645,2018-12-07,99.448,99.491,99.534,99.593,99.636,99.679,99.491,3.648,3.548,3.448
646,2018-12-10,99.487,99.53,99.574,99.639,99.682,99.726,99.53,3.564,3.464,3.3609999999999998
647,2018-12-11,99.459,99.501,99.543,99.617,99.659,99.701,99.501,3.637,3.539,3.44
648,2018-12-12,99.468,99.511,99.553,99.633,99.676,99.718,99.511,3.624,3.5220000000000002,3.423
649,2018-12-13,99.466,99.507,99.548,99.651,99.692,99.733,99.507,3.652,3.5540000000000003,3.455
650,2018-12-14,99.492,99.535,99.577,99.683,99.726,99.768,99.535,3.598,3.493,3.391
651,2018-12-17,99.486,99.526,99.566,99.684,99.724,99.764,99.526,3.62,3.5220000000000002,3.425
652,2018-12-18,99.511,99.551,99.59,99.716,99.756,99.795,99.551,3.567,3.468,3.373
653,2018-12-19,99.522,99.562,99.601,99.733,99.773,99.812,99.562,3.547,3.448,3.352
654,2018-12-20,99.539,99.566,99.592,99.77,99.797,99.823,99.566,3.528,3.46,3.394
655,2018-12-21,99.544,99.57,99.596,99.788,99.814,99.84,99.57,3.5300000000000002,3.464,3.3970000000000002
656,2018-12-24,99.56,99.587,99.614,99.811,99.838,99.865,99.587,3.497,3.428,3.358
657,2018-12-26,99.559,99.584,99.61,99.816,99.841,99.867,99.584,3.507,3.443,3.375
658,2018-12-27,99.568,99.594,99.619,99.838,99.864,99.889,99.594,3.5,3.431,3.365
659,2018-12-28,99.598,99.624,99.65,99.882,99.908,99.934,99.624,3.435,3.366,3.297
660,2018-12-31,99.601,99.63,99.658,99.891,99.92,99.948,99.63,3.435,3.357,3.282
661,2019-01-02,99.617,99.645,99.672,99.914,99.942,99.969,99.645,3.399,3.324,3.251
662,2019-01-03,99.626,99.653,99.68,99.943,99.97,99.997,99.653,3.3970000000000002,3.322,3.248
663,2019-01-04,99.647,99.674,99.701,99.97,99.997,100.024,99.674,3.346,3.271,3.196
664,2019-01-07,99.631,99.658,99.685,99.961,99.988,100.015,99.658,3.398,3.322,3.247
665,2019-01-08,99.612,99.639,99.666,99.948,99.975,100.002,99.639,3.46,3.383,3.307
666,2019-01-09,99.602,99.628,99.654,99.945,99.971,99.997,99.628,3.496,3.422,3.348
667,2019-01-10,99.628,99.654,99.679,99.991,100.017,100.042,99.654,3.447,3.371,3.298
668,2019-01-11,99.629,99.654,99.678,99.998,100.023,100.047,99.654,3.452,3.379,3.308
669,2019-01-14,99.64,99.665,99.69,100.016,100.041,100.066,99.665,3.428,3.354,3.2800000000000002
670,2019-01-15,99.641,99.666,99.69,100.024,100.049,100.073,99.666,3.434,3.359,3.287
671,2019-01-16,99.637,99.662,99.686,100.026,100.051,100.075,99.662,3.454,3.379,3.307
672,2019-01-17,99.653,99.677,99.701,100.069,100.093,100.117,99.677,3.44,3.366,3.291
673,2019-01-18,99.64,99.664,99.687,100.062,100.086,100.109,99.664,3.49,3.415,3.343
674,2019-01-22,99.639,99.663,99.686,100.068,100.092,100.115,99.663,3.503,3.427,3.354
675,2019-01-23,99.641,99.664,99.687,100.076,100.099,100.122,99.664,3.5060000000000002,3.433,3.359
676,2019-01-24,99.662,99.685,99.708,100.117,100.14,100.163,99.685,3.467,3.392,3.317
677,2019-01-25,99.663,99.685,99.707,100.125,100.147,100.169,99.685,3.474,3.401,3.328
678,2019-01-28,99.657,99.679,99.701,100.125,100.147,100.169,99.679,3.503,3.43,3.357
679,2019-01-29,99.666,99.689,99.711,100.134,100.157,100.179,99.689,3.473,3.3970000000000002,3.324
680,2019-01-30,99.671,99.693,99.714,100.146,100.168,100.189,99.693,3.467,3.393,3.322
681,2019-01-31,99.703,99.724,99.745,100.198,100.219,100.24,99.724,3.387,3.314,3.242
682,2019-02-01,99.714,99.736,99.757,100.215,100.237,100.258,99.736,3.358,3.281,3.208
683,2019-02-04,99.704,99.725,99.746,100.212,100.233,100.254,99.725,3.402,3.328,3.255
684,2019-02-05,99.7,99.721,99.742,100.215,100.236,100.257,99.721,3.426,3.352,3.277
685,2019-02-06,99.716,99.738,99.759,100.237,100.259,100.28,99.738,3.379,3.3,3.225
686,2019-02-07,99.72,99.74,99.76,100.261,100.281,100.301,99.74,3.395,3.321,3.247
687,2019-02-08,99.731,99.751,99.771,100.279,100.299,100.319,99.751,3.364,3.289,3.215
688,2019-02-11,99.734,99.754,99.773,100.288,100.308,100.327,99.754,3.363,3.287,3.216
689,2019-02-12,99.733,99.753,99.772,100.294,100.314,100.333,99.753,3.377,3.301,3.228
690,2019-02-13,99.734,99.753,99.772,100.301,100.32,100.339,99.753,3.384,3.31,3.237
691,2019-02-14,99.742,99.761,99.779,100.336,100.355,100.373,99.761,3.396,3.319,3.247
692,2019-02-15,99.749,99.768,99.786,100.349,100.368,100.386,99.768,3.378,3.301,3.228
693,2019-02-19,99.754,99.772,99.79,100.361,100.379,100.397,99.772,3.3689999999999998,3.295,3.221
694,2019-02-20,99.76,99.778,99.796,100.374,100.392,100.41,99.778,3.356,3.281,3.206
695,2019-02-21,99.763,99.781,99.799,100.396,100.414,100.432,99.781,3.377,3.3,3.222
696,2019-02-22,99.763,99.781,99.798,100.403,100.421,100.438,99.781,3.3890000000000002,3.311,3.237
697,2019-02-25,99.77,99.788,99.805,100.417,100.435,100.452,99.788,3.371,3.291,3.217
698,2019-02-26,99.776,99.792,99.809,100.429,100.445,100.462,99.792,3.356,3.285,3.209
699,2019-02-27,99.787,99.803,99.819,100.46,100.476,100.492,99.803,3.343,3.269,3.195
700,2019-02-28,99.787,99.805,99.823,100.48,100.498,100.516,99.805,3.3810000000000002,3.295,3.208
701,2019-03-01,99.788,99.804,99.819,100.487,100.503,100.518,99.804,3.39,3.312,3.239
702,2019-03-04,99.786,99.801,99.816,100.492,100.507,100.522,99.801,3.414,3.339,3.265
703,2019-03-05,99.788,99.804,99.819,100.501,100.517,100.532,99.804,3.418,3.338,3.263
704,2019-03-06,99.794,99.809,99.824,100.513,100.528,100.543,99.809,3.402,3.326,3.25
705,2019-03-07,99.806,99.821,99.835,100.545,100.56,100.574,99.821,3.384,3.304,3.23
706,2019-03-08,99.815,99.83,99.844,100.56,100.575,100.589,99.83,3.35,3.27,3.194
707,2019-03-11,99.824,99.839,99.854,100.576,100.591,100.606,99.839,3.316,3.234,3.152
708,2019-03-12,99.825,99.84,99.855,100.584,100.599,100.614,99.84,3.325,3.242,3.159
709,2019-03-13,99.83,99.845,99.86,100.595,100.61,100.625,99.845,3.312,3.227,3.143
710,2019-03-14,99.84,99.854,99.868,100.625,100.639,100.653,99.854,3.299,3.216,3.134
711,2019-03-15,99.843,99.857,99.871,100.635,100.649,100.663,99.857,3.296,3.212,3.128
712,2019-03-18,99.85,99.864,99.879,100.648,100.662,100.677,99.864,3.269,3.184,3.092
713,2019-03-19,99.85,99.864,99.878,100.655,100.669,100.683,99.864,3.285,3.198,3.111
714,2019-03-20,99.852,99.866,99.879,100.663,100.677,100.69,99.866,3.288,3.2,3.118
715,2019-03-21,99.859,99.879,99.898,100.69,100.71,100.729,99.879,3.292,3.159,3.033
716,2019-03-22,99.862,99.881,99.9,100.7,100.719,100.738,99.881,3.289,3.161,3.032
717,2019-03-25,99.871,99.89,99.909,100.715,100.734,100.753,99.89,3.245,3.114,2.983
718,2019-03-26,99.878,99.897,99.915,100.729,100.748,100.766,99.897,3.213,3.079,2.952
719,2019-03-27,99.888,99.907,99.925,100.746,100.765,100.783,99.907,3.158,3.021,2.892
720,2019-03-28,99.892,99.91,99.927,100.763,100.781,100.798,99.91,3.161,3.026,2.899
721,2019-03-29,99.888,99.906,99.923,100.765,100.783,100.8,99.906,3.208,3.071,2.941
722,2019-04-01,99.887,99.904,99.921,100.771,100.788,100.805,99.904,3.234,3.102,2.969
723,2019-04-02,99.889,99.905,99.922,100.78,100.796,100.813,99.905,3.238,3.11,2.975
724,2019-04-03,99.888,99.904,99.92,100.785,100.801,100.817,99.904,3.266,3.135,3.005
725,2019-04-04,99.895,99.911,99.926,100.812,100.828,100.843,99.911,3.27,3.1310000000000002,2.999
726,2019-04-05,99.905,99.919,99.932,100.829,100.843,100.856,99.919,3.203,3.078,2.9619999999999997
727,2019-04-08,99.908,99.921,99.933,100.838,100.851,100.863,99.921,3.197,3.078,2.968
728,2019-04-09,99.911,99.924,99.936,100.848,100.861,100.873,99.924,3.191,3.069,2.956
729,2019-04-10,99.916,99.928,99.94,100.859,100.871,100.883,99.928,3.165,3.049,2.933
730,2019-04-11,99.921,99.933,99.945,100.884,100.896,100.908,99.933,3.183,3.057,2.931
731,2019-04-12,99.92,99.931,99.942,100.89,100.901,100.912,99.931,3.219,3.1,2.981
732,2019-04-15,99.92,99.932,99.943,100.896,100.908,100.919,99.932,3.246,3.112,2.989
733,2019-04-16,99.923,99.934,99.944,100.906,100.917,100.927,99.934,3.24,3.113,2.998
734,2019-04-17,99.928,99.939,99.949,100.937,100.948,100.958,99.939,3.304,3.158,3.026
735,2019-04-18,99.935,99.944,99.953,100.951,100.96,100.969,99.944,3.2439999999999998,3.12,2.997
736,2019-04-22,99.935,99.943,99.95,100.958,100.966,100.973,99.943,3.2800000000000002,3.165,3.065
737,2019-04-23,99.938,99.947,99.957,100.967,100.976,100.986,99.947,3.273,3.1390000000000002,2.991
738,2019-04-24,99.944,99.952,99.96,100.98,100.988,100.996,99.952,3.22,3.096,2.971
739,2019-04-25,99.949,99.958,99.966,101.005,101.014,101.022,99.958,3.26,3.1,2.957
740,2019-04-26,99.952,99.96,99.968,101.014,101.022,101.03,99.96,3.251,3.101,2.951
741,2019-04-29,99.955,99.963,99.971,101.024,101.032,101.04,99.963,3.242,3.083,2.925
742,2019-04-30,99.957,99.964,99.972,101.032,101.039,101.047,99.964,3.252,3.105,2.9370000000000003
743,2019-05-01,99.961,99.968,99.975,101.043,101.05,101.057,99.968,3.219,3.063,2.907
744,2019-05-02,99.964,99.97,99.976,101.066,101.072,101.078,99.97,3.336,3.172,3.007
745,2019-05-03,99.964,99.97,99.976,101.072,101.078,101.084,99.97,3.418,3.24,3.062
746,2019-05-06,99.967,99.974,99.98,101.082,101.089,101.095,99.974,3.418,3.191,2.997
747,2019-05-07,99.969,99.975,99.981,101.091,101.097,101.103,99.975,3.453,3.239,3.026
748,2019-05-08,99.972,99.977,99.983,101.1,101.105,101.111,99.977,3.457,3.259,3.021
749,2019-05-09,99.977,99.982,99.986,101.125,101.13,101.134,99.982,3.713,3.416,3.179
750,2019-05-10,99.979,99.983,99.988,101.134,101.138,101.143,99.983,3.843,3.559,3.202
751,2019-05-13,99.983,99.987,99.99,101.144,101.148,101.151,99.987,3.8609999999999998,3.505,3.238
752,2019-05-14,99.985,99.988,99.991,101.153,101.156,101.159,99.988,4.127,3.771,3.415
753,2019-05-15,99.983,99.988,99.992,101.157,101.162,101.166,99.988,5.373,4.483,3.771
754,2019-05-16,99.986,99.989,99.993,101.16,101.163,101.167,99.989,4.839,4.305,3.593
755,2019-05-17,99.996,99.997,99.998,101.17,101.171,101.172,99.997,3.059,2.8810000000000002,2.703
